ISO-10303-21;
HEADER;
FILE_DESCRIPTION (( 'STEP AP203' ),
    '1' );
FILE_NAME ('protection cover.STEP',
    '2024-04-21T15:21:02',
    ( '' ),
    ( '' ),
    'SwSTEP 2.0',
    'SolidWorks 2019',
    '' );
FILE_SCHEMA (( 'CONFIG_CONTROL_DESIGN' ));
ENDSEC;

DATA;
#1 = CARTESIAN_POINT ( 'NONE',  ( -33.09999999999999432, 37.50000000000000000, 20.50000000000000355 ) ) ;
#2 = FACE_OUTER_BOUND ( 'NONE', #496, .T. ) ;
#3 = ORIENTED_EDGE ( 'NONE', *, *, #744, .T. ) ;
#4 = ORIENTED_EDGE ( 'NONE', *, *, #377, .T. ) ;
#5 = CIRCLE ( 'NONE', #843, 3.999999999999996447 ) ;
#6 = FACE_OUTER_BOUND ( 'NONE', #1289, .T. ) ;
#7 = CIRCLE ( 'NONE', #756, 2.499999999999998668 ) ;
#8 = EDGE_LOOP ( 'NONE', ( #883, #554, #271, #445 ) ) ;
#9 = CIRCLE ( 'NONE', #1186, 2.000000000000001776 ) ;
#10 = DIRECTION ( 'NONE',  ( 1.000000000000000000, 0.000000000000000000, 0.000000000000000000 ) ) ;
#11 = CARTESIAN_POINT ( 'NONE',  ( 37.50000000000000000, 19.00000000000000000, -13.81834737784970457 ) ) ;
#12 = CALENDAR_DATE ( 2024, 21, 4 ) ;
#13 = LINE ( 'NONE', #250, #674 ) ;
#14 = ORIENTED_EDGE ( 'NONE', *, *, #814, .T. ) ;
#15 = ORIENTED_EDGE ( 'NONE', *, *, #258, .F. ) ;
#16 = ORIENTED_EDGE ( 'NONE', *, *, #1124, .T. ) ;
#17 = DIRECTION ( 'NONE',  ( -1.460819769243627131E-16, 0.000000000000000000, 1.000000000000000000 ) ) ;
#18 = ORIENTED_EDGE ( 'NONE', *, *, #191, .F. ) ;
#19 = CARTESIAN_POINT ( 'NONE',  ( 15.69234365329975844, 9.973329475949977763, 25.00000000000000000 ) ) ;
#20 = CYLINDRICAL_SURFACE ( 'NONE', #1395, 5.000000000000000888 ) ;
#21 = EDGE_LOOP ( 'NONE', ( #870, #272, #264, #1149 ) ) ;
#22 = DIRECTION ( 'NONE',  ( 0.000000000000000000, 0.000000000000000000, -1.000000000000000000 ) ) ;
#23 = LINE ( 'NONE', #1274, #1069 ) ;
#24 = AXIS2_PLACEMENT_3D ( 'NONE', #804, #936, #1355 ) ;
#25 = EDGE_CURVE ( 'NONE', #128, #1354, #455, .T. ) ;
#26 = DIRECTION ( 'NONE',  ( 0.000000000000000000, 0.000000000000000000, 1.000000000000000000 ) ) ;
#27 = AXIS2_PLACEMENT_3D ( 'NONE', #1269, #1197, #940 ) ;
#28 = ORIENTED_EDGE ( 'NONE', *, *, #835, .T. ) ;
#29 = CIRCLE ( 'NONE', #417, 2.000000000000001776 ) ;
#30 = DIRECTION ( 'NONE',  ( 0.000000000000000000, 0.000000000000000000, 1.000000000000000000 ) ) ;
#31 = CARTESIAN_POINT ( 'NONE',  ( 35.10000000000000142, 0.000000000000000000, 22.50000000000000355 ) ) ;
#32 = LINE ( 'NONE', #419, #521 ) ;
#33 = CARTESIAN_POINT ( 'NONE',  ( 26.49999999999999645, 19.00000000000000000, -13.81834737784970457 ) ) ;
#34 = CARTESIAN_POINT ( 'NONE',  ( 38.50000000000000000, 19.00000000000000000, -13.81834737784970457 ) ) ;
#35 = ORIENTED_EDGE ( 'NONE', *, *, #678, .T. ) ;
#36 = ADVANCED_FACE ( 'NONE', ( #383 ), #413, .F. ) ;
#37 = VERTEX_POINT ( 'NONE', #374 ) ;
#38 = ORIENTED_EDGE ( 'NONE', *, *, #963, .T. ) ;
#39 = AXIS2_PLACEMENT_3D ( 'NONE', #390, #280, #625 ) ;
#40 = FACE_OUTER_BOUND ( 'NONE', #8, .T. ) ;
#41 = LINE ( 'NONE', #841, #725 ) ;
#42 = VECTOR ( 'NONE', #998, 1000.000000000000000 ) ;
#43 = EDGE_LOOP ( 'NONE', ( #1017, #875, #1288, #256, #869 ) ) ;
#44 = DIRECTION ( 'NONE',  ( 0.000000000000000000, -0.000000000000000000, -1.000000000000000000 ) ) ;
#45 = CYLINDRICAL_SURFACE ( 'NONE', #92, 2.000000000000001776 ) ;
#46 = EDGE_LOOP ( 'NONE', ( #1159, #526, #262, #1452 ) ) ;
#47 = EDGE_CURVE ( 'NONE', #86, #485, #1270, .T. ) ;
#48 = CYLINDRICAL_SURFACE ( 'NONE', #806, 2.000000000000001776 ) ;
#49 = DIRECTION ( 'NONE',  ( 1.000000000000000000, -0.000000000000000000, -0.000000000000000000 ) ) ;
#50 = CIRCLE ( 'NONE', #358, 2.000000000000001776 ) ;
#51 = CARTESIAN_POINT ( 'NONE',  ( 30.69234365329975844, 9.973329475949977763, 25.00000000000000000 ) ) ;
#52 = FACE_OUTER_BOUND ( 'NONE', #450, .T. ) ;
#53 = AXIS2_PLACEMENT_3D ( 'NONE', #33, #286, #834 ) ;
#54 = FACE_OUTER_BOUND ( 'NONE', #290, .T. ) ;
#55 = EDGE_CURVE ( 'NONE', #797, #1378, #386, .T. ) ;
#56 = LOCAL_TIME ( 20, 51, 2.000000000000000000, #1353 ) ;
#57 = CARTESIAN_POINT ( 'NONE',  ( -35.50000000000000000, 38.00000000000000000, -25.00000000000000000 ) ) ;
#58 = DESIGN_CONTEXT ( 'detailed design', #740, 'design' ) ;
#59 = FACE_OUTER_BOUND ( 'NONE', #811, .T. ) ;
#60 = EDGE_LOOP ( 'NONE', ( #1433, #1025, #696, #1335, #976 ) ) ;
#61 = DIRECTION ( 'NONE',  ( 1.000000000000000000, 0.000000000000000000, -0.000000000000000000 ) ) ;
#62 = TOROIDAL_SURFACE ( 'NONE', #952, 4.000000000000000000, 2.000000000000000000 ) ;
#63 = ADVANCED_FACE ( 'NONE', ( #722 ), #84, .F. ) ;
#64 = PERSON_AND_ORGANIZATION ( #987, #792 ) ;
#65 = ORIENTED_EDGE ( 'NONE', *, *, #365, .F. ) ;
#66 = PLANE ( 'NONE',  #754 ) ;
#67 = DIRECTION ( 'NONE',  ( -0.000000000000000000, -1.000000000000000000, 0.000000000000000000 ) ) ;
#68 = CIRCLE ( 'NONE', #888, 3.499999999999999556 ) ;
#69 = CARTESIAN_POINT ( 'NONE',  ( 0.000000000000000000, 37.50000000000000000, 0.000000000000000000 ) ) ;
#70 = CARTESIAN_POINT ( 'NONE',  ( 41.49999999999998579, 9.099255856654876240, -25.00000000000000000 ) ) ;
#71 = DIRECTION ( 'NONE',  ( 0.000000000000000000, 0.000000000000000000, -1.000000000000000000 ) ) ;
#72 = FACE_OUTER_BOUND ( 'NONE', #99, .T. ) ;
#73 = APPROVAL_ROLE ( '' ) ;
#74 = EDGE_CURVE ( 'NONE', #252, #1232, #1004, .T. ) ;
#75 = VECTOR ( 'NONE', #762, 999.9999999999998863 ) ;
#76 = CARTESIAN_POINT ( 'NONE',  ( 41.49999999999998579, 9.099255856654876240, -25.00000000000000000 ) ) ;
#77 = PLANE ( 'NONE',  #533 ) ;
#78 = ORIENTED_EDGE ( 'NONE', *, *, #464, .F. ) ;
#79 = AXIS2_PLACEMENT_3D ( 'NONE', #89, #1334, #890 ) ;
#80 = AXIS2_PLACEMENT_3D ( 'NONE', #1374, #618, #405 ) ;
#81 = CARTESIAN_POINT ( 'NONE',  ( 25.69234365329975844, 9.973329475949979539, 25.00000000000000000 ) ) ;
#82 = CARTESIAN_POINT ( 'NONE',  ( -37.50000000000000000, 40.00000000000000000, -25.00000000000000000 ) ) ;
#83 = CARTESIAN_POINT ( 'NONE',  ( 15.69234365329975844, 14.97332947594998132, -12.49999999999999645 ) ) ;
#84 = SPHERICAL_SURFACE ( 'NONE', #607, 2.000000000000000000 ) ;
#85 = DIRECTION ( 'NONE',  ( 1.000000000000000000, 0.000000000000000000, 0.000000000000000000 ) ) ;
#86 = VERTEX_POINT ( 'NONE', #391 ) ;
#87 = DIRECTION ( 'NONE',  ( -1.000000000000000000, -0.000000000000000000, -0.000000000000000000 ) ) ;
#88 = AXIS2_PLACEMENT_3D ( 'NONE', #323, #332, #777 ) ;
#89 = CARTESIAN_POINT ( 'NONE',  ( 0.000000000000000000, 39.50000000000000000, -23.00000000000000000 ) ) ;
#90 = FACE_OUTER_BOUND ( 'NONE', #1359, .T. ) ;
#91 = LINE ( 'NONE', #527, #566 ) ;
#92 = AXIS2_PLACEMENT_3D ( 'NONE', #1050, #394, #1066 ) ;
#93 = CARTESIAN_POINT ( 'NONE',  ( 35.50000000000000000, 38.00000000000000000, 23.00000000000000000 ) ) ;
#94 = ADVANCED_FACE ( 'NONE', ( #421 ), #96, .T. ) ;
#95 = DIRECTION ( 'NONE',  ( -0.000000000000000000, 1.000000000000000000, 0.000000000000000000 ) ) ;
#96 = CYLINDRICAL_SURFACE ( 'NONE', #1410, 2.000000000000001776 ) ;
#97 = CARTESIAN_POINT ( 'NONE',  ( 30.69234365329975134, 37.50000000000000000, 22.50000000000000355 ) ) ;
#98 = CARTESIAN_POINT ( 'NONE',  ( 41.49999999999999289, 19.00000000000000000, -13.81834737784970457 ) ) ;
#99 = EDGE_LOOP ( 'NONE', ( #957, #1337, #905 ) ) ;
#100 = DIRECTION ( 'NONE',  ( -0.000000000000000000, 0.9396926207859106484, 0.3420201433256626622 ) ) ;
#101 = LINE ( 'NONE', #547, #1285 ) ;
#102 = AXIS2_PLACEMENT_3D ( 'NONE', #206, #1328, #672 ) ;
#103 = AXIS2_PLACEMENT_3D ( 'NONE', #222, #447, #1234 ) ;
#104 = EDGE_CURVE ( 'NONE', #673, #1027, #1282, .T. ) ;
#105 = CARTESIAN_POINT ( 'NONE',  ( 35.10000000000000853, 19.00000000000000000, -13.81834737784970457 ) ) ;
#106 = EDGE_CURVE ( 'NONE', #830, #384, #317, .T. ) ;
#107 = CARTESIAN_POINT ( 'NONE',  ( 30.69234365329975844, 2.000000000000000888, 25.00000000000000000 ) ) ;
#108 = COORDINATED_UNIVERSAL_TIME_OFFSET ( 5, 30, .AHEAD. ) ;
#109 = EDGE_LOOP ( 'NONE', ( #1294, #962, #993, #1059 ) ) ;
#110 = ORIENTED_EDGE ( 'NONE', *, *, #432, .T. ) ;
#111 = DIRECTION ( 'NONE',  ( 0.000000000000000000, 0.000000000000000000, -1.000000000000000000 ) ) ;
#112 = FACE_OUTER_BOUND ( 'NONE', #368, .T. ) ;
#113 = EDGE_CURVE ( 'NONE', #37, #1192, #437, .T. ) ;
#114 = VECTOR ( 'NONE', #203, 1000.000000000000000 ) ;
#115 = VERTEX_POINT ( 'NONE', #670 ) ;
#116 = DIRECTION ( 'NONE',  ( 0.000000000000000000, 1.000000000000000000, 0.000000000000000000 ) ) ;
#117 = AXIS2_PLACEMENT_3D ( 'NONE', #1093, #517, #1001 ) ;
#118 = DIRECTION ( 'NONE',  ( -1.000000000000000000, -0.000000000000000000, -0.000000000000000000 ) ) ;
#119 = ORIENTED_EDGE ( 'NONE', *, *, #1450, .F. ) ;
#120 = EDGE_CURVE ( 'NONE', #876, #1208, #214, .T. ) ;
#121 = CARTESIAN_POINT ( 'NONE',  ( 33.09999999999999432, 35.50000000000000000, 20.50000000000000355 ) ) ;
#122 = CIRCLE ( 'NONE', #150, 5.000000000000000888 ) ;
#123 = DIRECTION ( 'NONE',  ( -1.000000000000000000, 0.000000000000000000, 0.000000000000000000 ) ) ;
#124 = DIRECTION ( 'NONE',  ( 1.000000000000000000, 0.000000000000000000, 0.000000000000000000 ) ) ;
#125 = VERTEX_POINT ( 'NONE', #1115 ) ;
#126 = CARTESIAN_POINT ( 'NONE',  ( 35.92842712474620015, 9.099255856654872687, -25.00000000000000000 ) ) ;
#127 = ORIENTED_EDGE ( 'NONE', *, *, #457, .T. ) ;
#128 = VERTEX_POINT ( 'NONE', #765 ) ;
#129 = ORIENTED_EDGE ( 'NONE', *, *, #130, .F. ) ;
#130 = EDGE_CURVE ( 'NONE', #723, #988, #873, .T. ) ;
#131 = CARTESIAN_POINT ( 'NONE',  ( -35.50000000000000000, 38.00000000000000000, 23.00000000000000000 ) ) ;
#132 = CYLINDRICAL_SURFACE ( 'NONE', #231, 2.000000000000001776 ) ;
#133 = ORIENTED_EDGE ( 'NONE', *, *, #963, .F. ) ;
#134 = DIRECTION ( 'NONE',  ( 1.000000000000000000, 0.000000000000000000, 0.000000000000000000 ) ) ;
#135 = ORIENTED_EDGE ( 'NONE', *, *, #1124, .F. ) ;
#136 = DIRECTION ( 'NONE',  ( -1.000000000000000000, 0.000000000000000000, 0.000000000000000000 ) ) ;
#137 = VERTEX_POINT ( 'NONE', #51 ) ;
#138 = ADVANCED_FACE ( 'NONE', ( #510 ), #1105, .T. ) ;
#139 = CARTESIAN_POINT ( 'NONE',  ( 37.50000000000000000, 0.000000000000000000, 0.000000000000000000 ) ) ;
#140 = LINE ( 'NONE', #598, #544 ) ;
#141 = CYLINDRICAL_SURFACE ( 'NONE', #53, 1.400000000000000133 ) ;
#142 = DIRECTION ( 'NONE',  ( 0.000000000000000000, 0.000000000000000000, -1.000000000000000000 ) ) ;
#143 = PERSON_AND_ORGANIZATION ( #987, #792 ) ;
#144 = CARTESIAN_POINT ( 'NONE',  ( 36.67157287525380838, 0.8284271247461917342, 25.00000000000000000 ) ) ;
#145 = ORIENTED_EDGE ( 'NONE', *, *, #1296, .F. ) ;
#146 = VERTEX_POINT ( 'NONE', #555 ) ;
#147 = EDGE_LOOP ( 'NONE', ( #1419, #644, #148 ) ) ;
#148 = ORIENTED_EDGE ( 'NONE', *, *, #177, .F. ) ;
#149 = DIRECTION ( 'NONE',  ( 0.000000000000000000, -0.000000000000000000, 1.000000000000000000 ) ) ;
#150 = AXIS2_PLACEMENT_3D ( 'NONE', #826, #1272, #724 ) ;
#151 = CARTESIAN_POINT ( 'NONE',  ( -37.50000000000000000, 38.00000000000000000, -25.00000000000000000 ) ) ;
#152 = ADVANCED_FACE ( 'NONE', ( #225 ), #1013, .T. ) ;
#153 = AXIS2_PLACEMENT_3D ( 'NONE', #57, #277, #733 ) ;
#154 = AXIS2_PLACEMENT_3D ( 'NONE', #708, #1454, #1349 ) ;
#155 = EDGE_CURVE ( 'NONE', #279, #252, #248, .T. ) ;
#156 = CARTESIAN_POINT ( 'NONE',  ( -35.10000000000000142, 35.50000000000000000, 22.50000000000000355 ) ) ;
#157 = ORIENTED_EDGE ( 'NONE', *, *, #523, .T. ) ;
#158 = ORIENTED_EDGE ( 'NONE', *, *, #1108, .T. ) ;
#159 = DIRECTION ( 'NONE',  ( 1.000000000000000000, -0.000000000000000000, -0.000000000000000000 ) ) ;
#160 = FACE_OUTER_BOUND ( 'NONE', #1241, .T. ) ;
#161 = DATE_TIME_ROLE ( 'classification_date' ) ;
#162 = EDGE_CURVE ( 'NONE', #624, #1130, #690, .T. ) ;
#163 = CARTESIAN_POINT ( 'NONE',  ( 35.50000000000000000, 38.00000000000000000, -25.00000000000000000 ) ) ;
#164 =( NAMED_UNIT ( * ) PLANE_ANGLE_UNIT ( ) SI_UNIT ( $, .RADIAN. ) );
#165 = CARTESIAN_POINT ( 'NONE',  ( 0.000000000000000000, 37.50000000000000000, 20.50000000000000355 ) ) ;
#166 = ORIENTED_EDGE ( 'NONE', *, *, #47, .F. ) ;
#167 = VECTOR ( 'NONE', #868, 1000.000000000000000 ) ;
#168 = DIRECTION ( 'NONE',  ( 0.000000000000000000, 0.000000000000000000, -1.000000000000000000 ) ) ;
#169 = CIRCLE ( 'NONE', #429, 3.499999999999999556 ) ;
#170 = LINE ( 'NONE', #838, #935 ) ;
#171 = DIRECTION ( 'NONE',  ( -1.000000000000000000, 0.000000000000000000, -0.000000000000000000 ) ) ;
#172 = ADVANCED_FACE ( 'NONE', ( #1441 ), #990, .F. ) ;
#173 = CARTESIAN_POINT ( 'NONE',  ( -33.09999999999999432, 37.50000000000000000, 22.50000000000000355 ) ) ;
#174 = ORIENTED_EDGE ( 'NONE', *, *, #345, .T. ) ;
#175 = VECTOR ( 'NONE', #1302, 1000.000000000000000 ) ;
#176 = ORIENTED_EDGE ( 'NONE', *, *, #1019, .F. ) ;
#177 = EDGE_CURVE ( 'NONE', #229, #705, #650, .T. ) ;
#178 = CARTESIAN_POINT ( 'NONE',  ( 35.10000000000000142, 0.000000000000000000, 20.50000000000000355 ) ) ;
#179 = CARTESIAN_POINT ( 'NONE',  ( -35.09999999999999432, 37.50000000000000000, -22.99999999999999645 ) ) ;
#180 = CARTESIAN_POINT ( 'NONE',  ( 35.50000000000000000, 38.00000000000000000, 25.00000000000000000 ) ) ;
#181 = CARTESIAN_POINT ( 'NONE',  ( 41.49999999999998579, 0.000000000000000000, 0.000000000000000000 ) ) ;
#182 = EDGE_CURVE ( 'NONE', #478, #125, #1040, .T. ) ;
#183 = VECTOR ( 'NONE', #677, 1000.000000000000000 ) ;
#184 = CARTESIAN_POINT ( 'NONE',  ( 37.50000000000000000, 0.000000000000000000, 23.00000000000000000 ) ) ;
#185 = AXIS2_PLACEMENT_3D ( 'NONE', #1219, #1230, #769 ) ;
#186 = CARTESIAN_POINT ( 'NONE',  ( 41.49999999999998579, 9.099255856654876240, -25.00000000000000000 ) ) ;
#187 = FACE_OUTER_BOUND ( 'NONE', #1026, .T. ) ;
#188 = FACE_OUTER_BOUND ( 'NONE', #237, .T. ) ;
#189 = DIRECTION ( 'NONE',  ( -1.000000000000000000, 0.000000000000000000, 0.000000000000000000 ) ) ;
#190 = AXIS2_PLACEMENT_3D ( 'NONE', #1175, #159, #1052 ) ;
#191 = EDGE_CURVE ( 'NONE', #912, #1090, #29, .T. ) ;
#192 = PERSON_AND_ORGANIZATION ( #987, #792 ) ;
#193 = ORIENTED_EDGE ( 'NONE', *, *, #574, .F. ) ;
#194 = PLANE ( 'NONE',  #117 ) ;
#195 = VECTOR ( 'NONE', #1147, 1000.000000000000000 ) ;
#196 = CIRCLE ( 'NONE', #534, 3.499999999999999556 ) ;
#197 = DIRECTION ( 'NONE',  ( 0.000000000000000000, 0.000000000000000000, -1.000000000000000000 ) ) ;
#198 = CARTESIAN_POINT ( 'NONE',  ( -37.50000000000000000, 0.000000000000000000, 0.000000000000000000 ) ) ;
#199 = DIRECTION ( 'NONE',  ( 1.000000000000000000, 0.000000000000000000, 0.000000000000000000 ) ) ;
#200 = DIRECTION ( 'NONE',  ( 0.000000000000000000, 0.000000000000000000, 1.000000000000000000 ) ) ;
#201 = ADVANCED_FACE ( 'NONE', ( #1144, #1351 ), #1247, .F. ) ;
#202 = ORIENTED_EDGE ( 'NONE', *, *, #752, .T. ) ;
#203 = DIRECTION ( 'NONE',  ( -0.000000000000000000, -0.000000000000000000, 1.000000000000000000 ) ) ;
#204 = LINE ( 'NONE', #666, #641 ) ;
#205 = APPROVAL_STATUS ( 'not_yet_approved' ) ;
#206 = CARTESIAN_POINT ( 'NONE',  ( 41.49999999999999289, 19.00000000000000000, -13.81834737784970457 ) ) ;
#207 = ORIENTED_EDGE ( 'NONE', *, *, #835, .F. ) ;
#208 = ORIENTED_EDGE ( 'NONE', *, *, #891, .F. ) ;
#209 = EDGE_CURVE ( 'NONE', #245, #310, #196, .T. ) ;
#210 = ORIENTED_EDGE ( 'NONE', *, *, #924, .T. ) ;
#211 = ADVANCED_FACE ( 'NONE', ( #895 ), #712, .F. ) ;
#212 = CC_DESIGN_SECURITY_CLASSIFICATION ( #1072, ( #1140 ) ) ;
#213 = CARTESIAN_POINT ( 'NONE',  ( 30.69234365329975844, -0.09477934948165511742, -12.49999999999999645 ) ) ;
#214 = LINE ( 'NONE', #321, #766 ) ;
#215 = LINE ( 'NONE', #1223, #42 ) ;
#216 = ORIENTED_EDGE ( 'NONE', *, *, #946, .F. ) ;
#217 = ORIENTED_EDGE ( 'NONE', *, *, #1437, .T. ) ;
#218 = VECTOR ( 'NONE', #267, 999.9999999999998863 ) ;
#219 = CIRCLE ( 'NONE', #27, 2.000000000000001776 ) ;
#220 = VECTOR ( 'NONE', #1031, 1000.000000000000000 ) ;
#221 = ADVANCED_FACE ( 'NONE', ( #112 ), #902, .F. ) ;
#222 = CARTESIAN_POINT ( 'NONE',  ( 0.000000000000000000, 0.000000000000000000, 0.000000000000000000 ) ) ;
#223 = ORIENTED_EDGE ( 'NONE', *, *, #680, .T. ) ;
#224 = CARTESIAN_POINT ( 'NONE',  ( 0.000000000000000000, 40.00000000000000000, 23.00000000000000000 ) ) ;
#225 = FACE_OUTER_BOUND ( 'NONE', #646, .T. ) ;
#226 = EDGE_CURVE ( 'NONE', #349, #558, #1117, .T. ) ;
#227 = DATE_TIME_ROLE ( 'creation_date' ) ;
#228 = CARTESIAN_POINT ( 'NONE',  ( 35.10000000000000853, 8.371315388122482659, -22.99999999999999645 ) ) ;
#229 = VERTEX_POINT ( 'NONE', #1 ) ;
#230 = CYLINDRICAL_SURFACE ( 'NONE', #1109, 2.000000000000001776 ) ;
#231 = AXIS2_PLACEMENT_3D ( 'NONE', #249, #1375, #142 ) ;
#232 = DIRECTION ( 'NONE',  ( 1.000000000000000000, -0.000000000000000000, 0.000000000000000000 ) ) ;
#233 = DIRECTION ( 'NONE',  ( 0.000000000000000000, 0.000000000000000000, -1.000000000000000000 ) ) ;
#234 = APPROVAL_DATE_TIME ( #796, #1449 ) ;
#235 = ORIENTED_EDGE ( 'NONE', *, *, #1266, .T. ) ;
#236 = ORIENTED_EDGE ( 'NONE', *, *, #397, .F. ) ;
#237 = EDGE_LOOP ( 'NONE', ( #359, #110, #1421, #251 ) ) ;
#238 = DIRECTION ( 'NONE',  ( 1.000000000000000000, 0.000000000000000000, 0.000000000000000000 ) ) ;
#239 = FACE_OUTER_BOUND ( 'NONE', #615, .T. ) ;
#240 = AXIS2_PLACEMENT_3D ( 'NONE', #622, #827, #168 ) ;
#241 = CARTESIAN_POINT ( 'NONE',  ( -35.50000000000000000, 40.00000000000000000, 23.00000000000000000 ) ) ;
#242 = ORIENTED_EDGE ( 'NONE', *, *, #365, .T. ) ;
#243 = ORIENTED_EDGE ( 'NONE', *, *, #1330, .F. ) ;
#244 = EDGE_CURVE ( 'NONE', #430, #276, #1339, .T. ) ;
#245 = VERTEX_POINT ( 'NONE', #466 ) ;
#246 = CARTESIAN_POINT ( 'NONE',  ( 35.10000000000000142, 35.50000000000000000, 20.50000000000000355 ) ) ;
#247 = LINE ( 'NONE', #930, #1024 ) ;
#248 = LINE ( 'NONE', #1261, #917 ) ;
#249 = CARTESIAN_POINT ( 'NONE',  ( -37.09999999999999432, 40.00000000000000000, -23.00000000000000000 ) ) ;
#250 = CARTESIAN_POINT ( 'NONE',  ( -33.09999999999999432, 37.50000000000000000, -4.835313436196405625E-15 ) ) ;
#251 = ORIENTED_EDGE ( 'NONE', *, *, #1390, .F. ) ;
#252 = VERTEX_POINT ( 'NONE', #1358 ) ;
#253 = ORIENTED_EDGE ( 'NONE', *, *, #506, .T. ) ;
#254 = CIRCLE ( 'NONE', #39, 1.000000000000000888 ) ;
#255 = EDGE_CURVE ( 'NONE', #481, #276, #906, .T. ) ;
#256 = ORIENTED_EDGE ( 'NONE', *, *, #771, .T. ) ;
#257 = AXIS2_PLACEMENT_3D ( 'NONE', #1327, #579, #1041 ) ;
#258 = EDGE_CURVE ( 'NONE', #591, #1393, #576, .T. ) ;
#259 = CARTESIAN_POINT ( 'NONE',  ( -35.50000000000000000, 2.000000000000001776, 25.00000000000000000 ) ) ;
#260 = CARTESIAN_POINT ( 'NONE',  ( -37.50000000000000000, 40.00000000000000000, 25.00000000000000000 ) ) ;
#261 = DIRECTION ( 'NONE',  ( 0.000000000000000000, 0.000000000000000000, -1.000000000000000000 ) ) ;
#262 = ORIENTED_EDGE ( 'NONE', *, *, #55, .F. ) ;
#263 = LINE ( 'NONE', #613, #685 ) ;
#264 = ORIENTED_EDGE ( 'NONE', *, *, #683, .F. ) ;
#265 = ORIENTED_EDGE ( 'NONE', *, *, #451, .F. ) ;
#266 = CARTESIAN_POINT ( 'NONE',  ( 33.09999999999999432, 35.50000000000000000, 20.50000000000000355 ) ) ;
#267 = DIRECTION ( 'NONE',  ( 0.000000000000000000, 0.3420201433256626622, -0.9396926207859106484 ) ) ;
#268 = EDGE_CURVE ( 'NONE', #470, #660, #1338, .T. ) ;
#269 = CIRCLE ( 'NONE', #102, 2.499999999999998668 ) ;
#270 = AXIS2_PLACEMENT_3D ( 'NONE', #727, #1183, #1044 ) ;
#271 = ORIENTED_EDGE ( 'NONE', *, *, #1390, .T. ) ;
#272 = ORIENTED_EDGE ( 'NONE', *, *, #597, .F. ) ;
#273 = DIRECTION ( 'NONE',  ( 0.000000000000000000, -0.3420201433256626067, 0.9396926207859105373 ) ) ;
#274 = ORIENTED_EDGE ( 'NONE', *, *, #853, .F. ) ;
#275 = LINE ( 'NONE', #1189, #331 ) ;
#276 = VERTEX_POINT ( 'NONE', #380 ) ;
#277 = DIRECTION ( 'NONE',  ( -0.000000000000000000, -0.000000000000000000, -1.000000000000000000 ) ) ;
#278 = EDGE_CURVE ( 'NONE', #1378, #115, #41, .T. ) ;
#279 = VERTEX_POINT ( 'NONE', #599 ) ;
#280 = DIRECTION ( 'NONE',  ( 0.000000000000000000, 1.000000000000000000, 1.224646799147353207E-16 ) ) ;
#281 = ORIENTED_EDGE ( 'NONE', *, *, #1193, .T. ) ;
#282 = APPLICATION_CONTEXT ( 'configuration controlled 3d designs of mechanical parts and assemblies' ) ;
#283 = EDGE_LOOP ( 'NONE', ( #760, #15 ) ) ;
#284 = AXIS2_PLACEMENT_3D ( 'NONE', #751, #781, #1315 ) ;
#285 = DIRECTION ( 'NONE',  ( 1.000000000000000000, 0.000000000000000000, 0.000000000000000000 ) ) ;
#286 = DIRECTION ( 'NONE',  ( 1.000000000000000000, -0.000000000000000000, -0.000000000000000000 ) ) ;
#287 = ORIENTED_EDGE ( 'NONE', *, *, #244, .F. ) ;
#288 = DIRECTION ( 'NONE',  ( -0.000000000000000000, 1.000000000000000000, -0.000000000000000000 ) ) ;
#289 = EDGE_LOOP ( 'NONE', ( #1168, #1366 ) ) ;
#290 = EDGE_LOOP ( 'NONE', ( #653, #829, #1301, #3 ) ) ;
#291 = MANIFOLD_SOLID_BREP ( 'Cut-Extrude4', #784 ) ;
#292 = CARTESIAN_POINT ( 'NONE',  ( -33.09999999999998721, 39.50000000000000000, -25.00000000000000000 ) ) ;
#293 = ORIENTED_EDGE ( 'NONE', *, *, #743, .T. ) ;
#294 = AXIS2_PLACEMENT_3D ( 'NONE', #1456, #238, #1141 ) ;
#295 = CYLINDRICAL_SURFACE ( 'NONE', #949, 2.000000000000001776 ) ;
#296 = AXIS2_PLACEMENT_3D ( 'NONE', #1131, #1333, #339 ) ;
#297 = LINE ( 'NONE', #525, #167 ) ;
#298 = ORIENTED_EDGE ( 'NONE', *, *, #1426, .T. ) ;
#299 = EDGE_CURVE ( 'NONE', #797, #815, #933, .T. ) ;
#300 = DIRECTION ( 'NONE',  ( 0.000000000000000000, 0.000000000000000000, -1.000000000000000000 ) ) ;
#301 = LINE ( 'NONE', #753, #985 ) ;
#302 = ORIENTED_EDGE ( 'NONE', *, *, #355, .T. ) ;
#303 = ORIENTED_EDGE ( 'NONE', *, *, #736, .T. ) ;
#304 = PLANE ( 'NONE',  #1199 ) ;
#305 = EDGE_CURVE ( 'NONE', #1257, #229, #1235, .T. ) ;
#306 = LINE ( 'NONE', #1060, #448 ) ;
#307 = DIRECTION ( 'NONE',  ( -0.000000000000000000, 1.000000000000000000, -0.000000000000000000 ) ) ;
#308 = SHAPE_DEFINITION_REPRESENTATION ( #403, #581 ) ;
#309 = DIRECTION ( 'NONE',  ( 0.000000000000000000, -1.000000000000000000, 0.000000000000000000 ) ) ;
#310 = VERTEX_POINT ( 'NONE', #745 ) ;
#311 = CARTESIAN_POINT ( 'NONE',  ( 30.69234365329975844, -0.09477934948165511742, 25.00000000000000000 ) ) ;
#312 = PRODUCT_DEFINITION ( 'UNKNOWN', '', #1140, #58 ) ;
#313 = CARTESIAN_POINT ( 'NONE',  ( 35.50000000000000000, 38.00000000000000000, 23.00000000000000000 ) ) ;
#314 = ADVANCED_FACE ( 'NONE', ( #1394 ), #48, .T. ) ;
#315 = DIRECTION ( 'NONE',  ( -1.000000000000000000, 0.000000000000000000, 0.000000000000000000 ) ) ;
#316 = ORIENTED_EDGE ( 'NONE', *, *, #25, .F. ) ;
#317 = CIRCLE ( 'NONE', #483, 2.000000000000001776 ) ;
#318 = DIRECTION ( 'NONE',  ( -0.000000000000000000, -0.000000000000000000, -1.000000000000000000 ) ) ;
#319 = DIRECTION ( 'NONE',  ( 1.000000000000000000, -0.000000000000000000, -0.000000000000000000 ) ) ;
#320 = LOCAL_TIME ( 20, 51, 2.000000000000000000, #371 ) ;
#321 = CARTESIAN_POINT ( 'NONE',  ( 15.69234365329975844, 14.97332947594998132, 25.00000000000000000 ) ) ;
#322 = APPROVAL_DATE_TIME ( #828, #1246 ) ;
#323 = CARTESIAN_POINT ( 'NONE',  ( -35.50000000000000000, 38.00000000000000000, 23.00000000000000000 ) ) ;
#324 = ADVANCED_FACE ( 'NONE', ( #848 ), #1385, .T. ) ;
#325 = PERSON_AND_ORGANIZATION ( #987, #792 ) ;
#326 = CARTESIAN_POINT ( 'NONE',  ( 38.50000000000000000, 19.00000000000000000, -10.31834737784970457 ) ) ;
#327 = ORIENTED_EDGE ( 'NONE', *, *, #743, .F. ) ;
#328 =( BOUNDED_CURVE ( )  B_SPLINE_CURVE ( 3, ( #810, #802, #144, #704 ),
 .UNSPECIFIED., .F., .F. ) 
 B_SPLINE_CURVE_WITH_KNOTS ( ( 4, 4 ),
 ( 3.141592653589793116, 4.712388980384689674 ),
 .UNSPECIFIED. ) 
 CURVE ( )  GEOMETRIC_REPRESENTATION_ITEM ( )  RATIONAL_B_SPLINE_CURVE ( ( 1.000000000000000000, 0.8047378541243649375, 0.8047378541243649375, 1.000000000000000000 ) ) 
 REPRESENTATION_ITEM ( '' )  );
#329 = DIRECTION ( 'NONE',  ( 0.000000000000000000, 1.000000000000000000, 0.000000000000000000 ) ) ;
#330 = FACE_OUTER_BOUND ( 'NONE', #60, .T. ) ;
#331 = VECTOR ( 'NONE', #400, 1000.000000000000000 ) ;
#332 = DIRECTION ( 'NONE',  ( -0.000000000000000000, -1.000000000000000000, 0.000000000000000000 ) ) ;
#333 = DIRECTION ( 'NONE',  ( 0.000000000000000000, 0.000000000000000000, -1.000000000000000000 ) ) ;
#334 = AXIS2_PLACEMENT_3D ( 'NONE', #1086, #958, #1043 ) ;
#335 = VERTEX_POINT ( 'NONE', #493 ) ;
#336 = ADVANCED_FACE ( 'NONE', ( #741 ), #141, .F. ) ;
#337 = VERTEX_POINT ( 'NONE', #610 ) ;
#338 = CARTESIAN_POINT ( 'NONE',  ( -37.50000000000000000, 38.00000000000000000, 25.00000000000000000 ) ) ;
#339 = DIRECTION ( 'NONE',  ( 0.000000000000000000, 0.000000000000000000, 1.000000000000000000 ) ) ;
#340 = CARTESIAN_POINT ( 'NONE',  ( 0.000000000000000000, 0.000000000000000000, 0.000000000000000000 ) ) ;
#341 = EDGE_LOOP ( 'NONE', ( #217, #303, #954 ) ) ;
#342 = CIRCLE ( 'NONE', #190, 2.000000000000001776 ) ;
#343 = AXIS2_PLACEMENT_3D ( 'NONE', #501, #939, #665 ) ;
#344 = CARTESIAN_POINT ( 'NONE',  ( -37.50000000000000000, 0.000000000000000000, 23.00000000000000000 ) ) ;
#345 = EDGE_CURVE ( 'NONE', #125, #660, #699, .T. ) ;
#346 = DIRECTION ( 'NONE',  ( 0.000000000000000000, 0.000000000000000000, -1.000000000000000000 ) ) ;
#347 = AXIS2_PLACEMENT_3D ( 'NONE', #983, #171, #1436 ) ;
#348 = DIRECTION ( 'NONE',  ( 0.000000000000000000, 0.000000000000000000, -1.000000000000000000 ) ) ;
#349 = VERTEX_POINT ( 'NONE', #948 ) ;
#350 = CARTESIAN_POINT ( 'NONE',  ( -33.09999999999999432, 35.50000000000000000, 22.50000000000000355 ) ) ;
#351 = DIRECTION ( 'NONE',  ( -0.000000000000000000, 1.000000000000000000, -0.000000000000000000 ) ) ;
#352 = EDGE_LOOP ( 'NONE', ( #507, #1262, #28, #1151 ) ) ;
#353 = ORIENTED_EDGE ( 'NONE', *, *, #299, .F. ) ;
#354 = CARTESIAN_POINT ( 'NONE',  ( -37.50000000000000000, 9.099255856654876240, -25.00000000000000000 ) ) ;
#355 = EDGE_CURVE ( 'NONE', #1030, #705, #23, .T. ) ;
#356 = ORIENTED_EDGE ( 'NONE', *, *, #1344, .T. ) ;
#357 = DIRECTION ( 'NONE',  ( -1.460819769243627131E-16, -0.000000000000000000, 1.000000000000000000 ) ) ;
#358 = AXIS2_PLACEMENT_3D ( 'NONE', #561, #578, #1162 ) ;
#359 = ORIENTED_EDGE ( 'NONE', *, *, #1379, .F. ) ;
#360 = VECTOR ( 'NONE', #1381, 1000.000000000000000 ) ;
#361 = DIRECTION ( 'NONE',  ( 0.000000000000000000, -0.000000000000000000, -1.000000000000000000 ) ) ;
#362 = VECTOR ( 'NONE', #511, 1000.000000000000000 ) ;
#363 = CARTESIAN_POINT ( 'NONE',  ( 37.50000000000000000, 40.00000000000000000, 25.00000000000000000 ) ) ;
#364 = ORIENTED_EDGE ( 'NONE', *, *, #1450, .T. ) ;
#365 = EDGE_CURVE ( 'NONE', #912, #937, #1389, .T. ) ;
#366 = CARTESIAN_POINT ( 'NONE',  ( 37.50000000000000000, 19.00000000000000000, -13.81834737784970457 ) ) ;
#367 = ORIENTED_EDGE ( 'NONE', *, *, #268, .T. ) ;
#368 = EDGE_LOOP ( 'NONE', ( #193, #986, #825, #356 ) ) ;
#369 = SPHERICAL_SURFACE ( 'NONE', #334, 2.000000000000000000 ) ;
#370 = CARTESIAN_POINT ( 'NONE',  ( 37.50000000000000000, -3.355733983461346881, 9.219803345256744720 ) ) ;
#371 = COORDINATED_UNIVERSAL_TIME_OFFSET ( 5, 30, .AHEAD. ) ;
#372 = DIRECTION ( 'NONE',  ( 1.460819769243627131E-16, 0.000000000000000000, -1.000000000000000000 ) ) ;
#373 = CYLINDRICAL_SURFACE ( 'NONE', #970, 3.499999999999999556 ) ;
#374 = CARTESIAN_POINT ( 'NONE',  ( 30.69234365329976555, 0.000000000000000000, 23.00000000000000000 ) ) ;
#375 = VECTOR ( 'NONE', #398, 1000.000000000000000 ) ;
#376 = ORIENTED_EDGE ( 'NONE', *, *, #451, .T. ) ;
#377 = EDGE_CURVE ( 'NONE', #1392, #115, #1368, .T. ) ;
#378 = DIRECTION ( 'NONE',  ( 0.000000000000000000, 0.000000000000000000, 1.000000000000000000 ) ) ;
#379 = CIRCLE ( 'NONE', #1402, 2.000000000000001776 ) ;
#380 = CARTESIAN_POINT ( 'NONE',  ( -37.50000000000000000, 9.099255856654876240, -25.00000000000000000 ) ) ;
#381 = CALENDAR_DATE ( 2024, 21, 4 ) ;
#382 = ORIENTED_EDGE ( 'NONE', *, *, #678, .F. ) ;
#383 = FACE_OUTER_BOUND ( 'NONE', #532, .T. ) ;
#384 = VERTEX_POINT ( 'NONE', #513 ) ;
#385 = EDGE_CURVE ( 'NONE', #245, #470, #1281, .T. ) ;
#386 = CIRCLE ( 'NONE', #1132, 2.000000000000001776 ) ;
#387 = CARTESIAN_POINT ( 'NONE',  ( 35.10000000000000142, 35.50000000000000000, 22.50000000000000355 ) ) ;
#388 = DIRECTION ( 'NONE',  ( 0.000000000000000000, 0.000000000000000000, 1.000000000000000000 ) ) ;
#389 = AXIS2_PLACEMENT_3D ( 'NONE', #567, #459, #679 ) ;
#390 = CARTESIAN_POINT ( 'NONE',  ( 38.50000000000000000, 19.00000000000000000, -18.31834737784970457 ) ) ;
#391 = CARTESIAN_POINT ( 'NONE',  ( 35.10000000000000853, 0.000000000000000000, 0.000000000000000000 ) ) ;
#392 = CARTESIAN_POINT ( 'NONE',  ( 33.10000000000000142, 37.50000000000000000, -23.00000000000000000 ) ) ;
#393 = LOCAL_TIME ( 20, 51, 2.000000000000000000, #1304 ) ;
#394 = DIRECTION ( 'NONE',  ( 1.000000000000000000, 0.000000000000000000, 0.000000000000000000 ) ) ;
#395 = ORIENTED_EDGE ( 'NONE', *, *, #842, .T. ) ;
#396 = CARTESIAN_POINT ( 'NONE',  ( -35.10000000000000142, 0.000000000000000000, 22.50000000000000355 ) ) ;
#397 = EDGE_CURVE ( 'NONE', #1090, #1257, #819, .T. ) ;
#398 = DIRECTION ( 'NONE',  ( -1.000000000000000000, -0.000000000000000000, -0.000000000000000000 ) ) ;
#399 = DIRECTION ( 'NONE',  ( -1.000000000000000000, 0.000000000000000000, 0.000000000000000000 ) ) ;
#400 = DIRECTION ( 'NONE',  ( -1.000000000000000000, -0.000000000000000000, -0.000000000000000000 ) ) ;
#401 = AXIS2_PLACEMENT_3D ( 'NONE', #878, #577, #1010 ) ;
#402 = CYLINDRICAL_SURFACE ( 'NONE', #495, 5.000000000000000888 ) ;
#403 = PRODUCT_DEFINITION_SHAPE ( 'NONE', 'NONE',  #312 ) ;
#404 = LINE ( 'NONE', #1291, #1242 ) ;
#405 = DIRECTION ( 'NONE',  ( 1.000000000000000000, 0.000000000000000000, 0.000000000000000000 ) ) ;
#406 = COORDINATED_UNIVERSAL_TIME_OFFSET ( 5, 30, .AHEAD. ) ;
#407 = LINE ( 'NONE', #156, #858 ) ;
#408 = ADVANCED_FACE ( 'NONE', ( #160 ), #1268, .F. ) ;
#409 = ORIENTED_EDGE ( 'NONE', *, *, #113, .F. ) ;
#410 = CARTESIAN_POINT ( 'NONE',  ( 35.10000000000000853, 19.00000000000000000, -15.21834737784970493 ) ) ;
#411 = CARTESIAN_POINT ( 'NONE',  ( 37.50000000000000000, 2.000000000000001776, 25.00000000000000000 ) ) ;
#412 = CIRCLE ( 'NONE', #1191, 2.000000000000001776 ) ;
#413 = TOROIDAL_SURFACE ( 'NONE', #605, 4.500000000000000000, 1.000000000000000000 ) ;
#414 = AXIS2_PLACEMENT_3D ( 'NONE', #669, #1332, #346 ) ;
#415 = FACE_OUTER_BOUND ( 'NONE', #477, .T. ) ;
#416 = AXIS2_PLACEMENT_3D ( 'NONE', #1340, #26, #124 ) ;
#417 = AXIS2_PLACEMENT_3D ( 'NONE', #473, #351, #682 ) ;
#418 = EDGE_CURVE ( 'NONE', #1380, #1015, #913, .T. ) ;
#419 = CARTESIAN_POINT ( 'NONE',  ( -37.50000000000000000, 40.00000000000000000, 23.00000000000000000 ) ) ;
#420 = LINE ( 'NONE', #862, #944 ) ;
#421 = FACE_OUTER_BOUND ( 'NONE', #1126, .T. ) ;
#422 = ORIENTED_EDGE ( 'NONE', *, *, #1370, .F. ) ;
#423 = CARTESIAN_POINT ( 'NONE',  ( 37.50000000000000000, 38.00000000000000000, 25.00000000000000000 ) ) ;
#424 = EDGE_CURVE ( 'NONE', #430, #815, #1406, .T. ) ;
#425 = TOROIDAL_SURFACE ( 'NONE', #1311, 4.500000000000000000, 1.000000000000000000 ) ;
#426 = ORIENTED_EDGE ( 'NONE', *, *, #47, .T. ) ;
#427 = DIRECTION ( 'NONE',  ( 0.000000000000000000, 1.000000000000000000, 0.000000000000000000 ) ) ;
#428 = DIRECTION ( 'NONE',  ( 0.000000000000000000, 1.000000000000000000, 0.000000000000000000 ) ) ;
#429 = AXIS2_PLACEMENT_3D ( 'NONE', #34, #49, #522 ) ;
#430 = VERTEX_POINT ( 'NONE', #151 ) ;
#431 = CARTESIAN_POINT ( 'NONE',  ( 33.09999999999999432, 37.50000000000000000, 20.50000000000000355 ) ) ;
#432 = EDGE_CURVE ( 'NONE', #310, #146, #959, .T. ) ;
#433 = ORIENTED_EDGE ( 'NONE', *, *, #1296, .T. ) ;
#434 = APPLICATION_PROTOCOL_DEFINITION ( 'international standard', 'config_control_design', 1994, #740 ) ;
#435 = DIRECTION ( 'NONE',  ( 0.000000000000000000, 1.000000000000000000, -0.000000000000000000 ) ) ;
#436 = ORIENTED_EDGE ( 'NONE', *, *, #744, .F. ) ;
#437 = CIRCLE ( 'NONE', #347, 2.000000000000001776 ) ;
#438 = ORIENTED_EDGE ( 'NONE', *, *, #1352, .F. ) ;
#439 = CARTESIAN_POINT ( 'NONE',  ( 30.69234365329975844, 9.973329475949979539, 22.50000000000000711 ) ) ;
#440 = APPROVAL_PERSON_ORGANIZATION ( #64, #1246, #73 ) ;
#441 = DIRECTION ( 'NONE',  ( -1.000000000000000000, -0.000000000000000000, -0.000000000000000000 ) ) ;
#442 = CARTESIAN_POINT ( 'NONE',  ( -35.10000000000000142, 0.000000000000000000, 20.50000000000000355 ) ) ;
#443 = DIRECTION ( 'NONE',  ( 1.000000000000000000, 0.000000000000000000, 0.000000000000000000 ) ) ;
#444 = DIRECTION ( 'NONE',  ( 1.000000000000000000, 0.000000000000000000, 0.000000000000000000 ) ) ;
#445 = ORIENTED_EDGE ( 'NONE', *, *, #663, .F. ) ;
#446 = DIRECTION ( 'NONE',  ( 1.000000000000000000, -0.000000000000000000, -0.000000000000000000 ) ) ;
#447 = DIRECTION ( 'NONE',  ( 0.000000000000000000, -1.000000000000000000, 0.000000000000000000 ) ) ;
#448 = VECTOR ( 'NONE', #1079, 1000.000000000000000 ) ;
#449 = DIRECTION ( 'NONE',  ( 0.000000000000000000, 0.000000000000000000, 1.000000000000000000 ) ) ;
#450 = EDGE_LOOP ( 'NONE', ( #1280, #657, #1278, #820 ) ) ;
#451 = EDGE_CURVE ( 'NONE', #1356, #1392, #1087, .T. ) ;
#452 = DIRECTION ( 'NONE',  ( -1.000000000000000000, -0.000000000000000000, 0.000000000000000000 ) ) ;
#453 = CARTESIAN_POINT ( 'NONE',  ( 40.49999999999999289, 19.00000000000000000, -13.81834737784970457 ) ) ;
#454 = ORIENTED_EDGE ( 'NONE', *, *, #1058, .F. ) ;
#455 = CIRCLE ( 'NONE', #24, 4.000000000000000000 ) ;
#456 = ADVANCED_FACE ( 'NONE', ( #980 ), #767, .T. ) ;
#457 = EDGE_CURVE ( 'NONE', #937, #481, #548, .T. ) ;
#458 = CARTESIAN_POINT ( 'NONE',  ( 37.50000000000000000, 38.00000000000000000, -25.00000000000000000 ) ) ;
#459 = DIRECTION ( 'NONE',  ( -0.000000000000000000, -0.000000000000000000, 1.000000000000000000 ) ) ;
#460 = DIRECTION ( 'NONE',  ( 0.000000000000000000, 0.000000000000000000, 1.000000000000000000 ) ) ;
#461 = ORIENTED_EDGE ( 'NONE', *, *, #535, .F. ) ;
#462 = DIRECTION ( 'NONE',  ( 1.000000000000000000, 0.000000000000000000, 0.000000000000000000 ) ) ;
#463 = EDGE_LOOP ( 'NONE', ( #486, #461, #1276, #1007 ) ) ;
#464 = EDGE_CURVE ( 'NONE', #137, #1380, #879, .T. ) ;
#465 = DIRECTION ( 'NONE',  ( 0.000000000000000000, 0.000000000000000000, -1.000000000000000000 ) ) ;
#466 = CARTESIAN_POINT ( 'NONE',  ( 40.49999999999999289, 19.00000000000000000, -17.31834737784970457 ) ) ;
#467 = VECTOR ( 'NONE', #1077, 1000.000000000000000 ) ;
#468 = APPROVAL_STATUS ( 'not_yet_approved' ) ;
#469 = ORIENTED_EDGE ( 'NONE', *, *, #938, .T. ) ;
#470 = VERTEX_POINT ( 'NONE', #975 ) ;
#471 = CIRCLE ( 'NONE', #903, 2.000000000000001776 ) ;
#472 = ORIENTED_EDGE ( 'NONE', *, *, #55, .T. ) ;
#473 = CARTESIAN_POINT ( 'NONE',  ( -33.09999999999999432, 0.000000000000000000, 20.50000000000000355 ) ) ;
#474 = EDGE_CURVE ( 'NONE', #1192, #137, #1110, .T. ) ;
#475 = ADVANCED_FACE ( 'NONE', ( #72 ), #1215, .T. ) ;
#476 = APPROVAL_ROLE ( '' ) ;
#477 = EDGE_LOOP ( 'NONE', ( #681, #236, #18, #327 ) ) ;
#478 = VERTEX_POINT ( 'NONE', #967 ) ;
#479 = DIRECTION ( 'NONE',  ( -1.000000000000000000, 0.000000000000000000, 0.000000000000000000 ) ) ;
#480 = LINE ( 'NONE', #165, #362 ) ;
#481 = VERTEX_POINT ( 'NONE', #198 ) ;
#482 = AXIS2_PLACEMENT_3D ( 'NONE', #661, #977, #893 ) ;
#483 = AXIS2_PLACEMENT_3D ( 'NONE', #313, #1187, #550 ) ;
#484 = CARTESIAN_POINT ( 'NONE',  ( -37.50000000000000000, 40.00000000000000000, -25.00000000000000000 ) ) ;
#485 = VERTEX_POINT ( 'NONE', #178 ) ;
#486 = ORIENTED_EDGE ( 'NONE', *, *, #771, .F. ) ;
#487 = DIRECTION ( 'NONE',  ( -1.000000000000000000, 0.000000000000000000, 0.000000000000000000 ) ) ;
#488 = ADVANCED_FACE ( 'NONE', ( #1310 ), #1425, .F. ) ;
#489 = CARTESIAN_POINT ( 'NONE',  ( 33.09999999999999432, 37.50000000000000000, 20.50000000000000355 ) ) ;
#490 = VERTEX_POINT ( 'NONE', #431 ) ;
#491 = ORIENTED_EDGE ( 'NONE', *, *, #1330, .T. ) ;
#492 = CARTESIAN_POINT ( 'NONE',  ( 35.50000000000000000, 40.00000000000000000, 23.00000000000000000 ) ) ;
#493 = CARTESIAN_POINT ( 'NONE',  ( 33.10000000000000142, 39.50000000000000000, -25.00000000000000000 ) ) ;
#494 = CARTESIAN_POINT ( 'NONE',  ( -35.10000000000000142, 0.000000000000000000, 22.50000000000000355 ) ) ;
#495 = AXIS2_PLACEMENT_3D ( 'NONE', #647, #519, #1094 ) ;
#496 = EDGE_LOOP ( 'NONE', ( #595, #1119, #1073, #491 ) ) ;
#497 = EDGE_CURVE ( 'NONE', #1192, #755, #1405, .T. ) ;
#498 = AXIS2_PLACEMENT_3D ( 'NONE', #93, #1036, #30 ) ;
#499 = CARTESIAN_POINT ( 'NONE',  ( 15.69234365329975844, 2.000000000000000888, 25.00000000000000000 ) ) ;
#500 = EDGE_LOOP ( 'NONE', ( #570, #803, #914, #454, #158, #316, #210, #799, #287, #898, #353, #472 ) ) ;
#501 = CARTESIAN_POINT ( 'NONE',  ( 40.49999999999999289, 19.00000000000000000, -11.31834737784970635 ) ) ;
#502 = CARTESIAN_POINT ( 'NONE',  ( -35.10000000000000142, 35.50000000000000000, 20.50000000000000355 ) ) ;
#503 = CARTESIAN_POINT ( 'NONE',  ( -35.10000000000000142, 37.50000000000000000, 22.50000000000000355 ) ) ;
#504 = ORIENTED_EDGE ( 'NONE', *, *, #106, .T. ) ;
#505 = PLANE ( 'NONE',  #961 ) ;
#506 = EDGE_CURVE ( 'NONE', #557, #941, #301, .T. ) ;
#507 = ORIENTED_EDGE ( 'NONE', *, *, #299, .T. ) ;
#508 = CARTESIAN_POINT ( 'NONE',  ( 35.50000000000000000, 38.00000000000000000, 0.000000000000000000 ) ) ;
#509 = PERSON_AND_ORGANIZATION_ROLE ( 'creator' ) ;
#510 = FACE_OUTER_BOUND ( 'NONE', #1250, .T. ) ;
#511 = DIRECTION ( 'NONE',  ( -1.000000000000000000, 0.000000000000000000, 0.000000000000000000 ) ) ;
#512 = ORIENTED_EDGE ( 'NONE', *, *, #1188, .T. ) ;
#513 = CARTESIAN_POINT ( 'NONE',  ( 35.50000000000000000, 40.00000000000000000, 23.00000000000000000 ) ) ;
#514 = ADVANCED_FACE ( 'NONE', ( #1095 ), #960, .F. ) ;
#515 = LINE ( 'NONE', #1412, #974 ) ;
#516 = EDGE_LOOP ( 'NONE', ( #1271, #265, #786, #707, #1382, #800, #166 ) ) ;
#517 = DIRECTION ( 'NONE',  ( 0.000000000000000000, -1.000000000000000000, 0.000000000000000000 ) ) ;
#518 = CARTESIAN_POINT ( 'NONE',  ( 35.10000000000000853, 35.50000000000000000, -22.99999999999999645 ) ) ;
#519 = DIRECTION ( 'NONE',  ( 0.000000000000000000, 0.000000000000000000, -1.000000000000000000 ) ) ;
#520 = DIRECTION ( 'NONE',  ( 0.000000000000000000, 0.000000000000000000, -1.000000000000000000 ) ) ;
#521 = VECTOR ( 'NONE', #932, 1000.000000000000000 ) ;
#522 = DIRECTION ( 'NONE',  ( 0.000000000000000000, 0.000000000000000000, 1.000000000000000000 ) ) ;
#523 = EDGE_CURVE ( 'NONE', #1438, #750, #1316, .T. ) ;
#524 = PERSON_AND_ORGANIZATION_ROLE ( 'design_supplier' ) ;
#525 = CARTESIAN_POINT ( 'NONE',  ( -37.50000000000000000, 0.000000000000000000, 25.00000000000000000 ) ) ;
#526 = ORIENTED_EDGE ( 'NONE', *, *, #814, .F. ) ;
#527 = CARTESIAN_POINT ( 'NONE',  ( 35.50000000000000000, 40.00000000000000000, 0.000000000000000000 ) ) ;
#528 = LINE ( 'NONE', #423, #114 ) ;
#529 = ORIENTED_EDGE ( 'NONE', *, *, #155, .T. ) ;
#530 = DIRECTION ( 'NONE',  ( 1.000000000000000000, 0.000000000000000000, 1.460819769243626391E-16 ) ) ;
#531 = DIRECTION ( 'NONE',  ( 0.000000000000000000, 0.000000000000000000, -1.000000000000000000 ) ) ;
#532 = EDGE_LOOP ( 'NONE', ( #208, #1371, #174, #1062 ) ) ;
#533 = AXIS2_PLACEMENT_3D ( 'NONE', #1414, #759, #882 ) ;
#534 = AXIS2_PLACEMENT_3D ( 'NONE', #453, #580, #997 ) ;
#535 = EDGE_CURVE ( 'NONE', #1232, #1097, #420, .T. ) ;
#536 = LINE ( 'NONE', #1387, #75 ) ;
#537 = LINE ( 'NONE', #947, #1054 ) ;
#538 = CARTESIAN_POINT ( 'NONE',  ( 35.10000000000000853, 37.50000000000000000, -22.99999999999999645 ) ) ;
#539 = CARTESIAN_POINT ( 'NONE',  ( -35.09999999999999432, 8.797733041988538005, -24.17157287525380838 ) ) ;
#540 = ORIENTED_EDGE ( 'NONE', *, *, #385, .T. ) ;
#541 = ADVANCED_FACE ( 'NONE', ( #648 ), #1002, .F. ) ;
#542 = CIRCLE ( 'NONE', #88, 2.000000000000001776 ) ;
#543 = TOROIDAL_SURFACE ( 'NONE', #1399, 2.499999999999999556, 1.000000000000000000 ) ;
#544 = VECTOR ( 'NONE', #22, 1000.000000000000000 ) ;
#545 = LINE ( 'NONE', #1206, #897 ) ;
#546 = SPHERICAL_SURFACE ( 'NONE', #1185, 2.000000000000000000 ) ;
#547 = CARTESIAN_POINT ( 'NONE',  ( -35.10000000000000142, 14.97332947594998132, 22.50000000000000355 ) ) ;
#548 = LINE ( 'NONE', #181, #915 ) ;
#549 = ADVANCED_FACE ( 'NONE', ( #1018, #1012 ), #689, .T. ) ;
#550 = DIRECTION ( 'NONE',  ( 1.000000000000000000, 0.000000000000000000, 0.000000000000000000 ) ) ;
#551 = DIRECTION ( 'NONE',  ( 0.000000000000000000, -1.000000000000000000, 0.000000000000000000 ) ) ;
#552 = EDGE_LOOP ( 'NONE', ( #235, #637, #943, #1139 ) ) ;
#553 = AXIS2_PLACEMENT_3D ( 'NONE', #1171, #1107, #449 ) ;
#554 = ORIENTED_EDGE ( 'NONE', *, *, #209, .F. ) ;
#555 = CARTESIAN_POINT ( 'NONE',  ( 41.49999999999999289, 19.00000000000000000, -11.31834737784970457 ) ) ;
#556 = ADVANCED_FACE ( 'NONE', ( #994 ), #1237, .F. ) ;
#557 = VERTEX_POINT ( 'NONE', #789 ) ;
#558 = VERTEX_POINT ( 'NONE', #965 ) ;
#559 = CARTESIAN_POINT ( 'NONE',  ( 33.09999999999999432, 0.000000000000000000, 22.50000000000000355 ) ) ;
#560 = CARTESIAN_POINT ( 'NONE',  ( 37.10000000000000853, 35.50000000000000000, -25.00000000000000000 ) ) ;
#561 = CARTESIAN_POINT ( 'NONE',  ( 33.09999999999999432, 35.50000000000000000, 20.50000000000000355 ) ) ;
#562 = AXIS2_PLACEMENT_3D ( 'NONE', #995, #656, #1101 ) ;
#563 = CARTESIAN_POINT ( 'NONE',  ( 26.49999999999999645, 19.00000000000000000, -13.81834737784970457 ) ) ;
#564 = VECTOR ( 'NONE', #1428, 1000.000000000000000 ) ;
#565 = EDGE_CURVE ( 'NONE', #988, #1393, #1431, .T. ) ;
#566 = VECTOR ( 'NONE', #847, 1000.000000000000000 ) ;
#567 = CARTESIAN_POINT ( 'NONE',  ( -33.09999999999999432, 35.50000000000000000, 20.50000000000000355 ) ) ;
#568 = DIRECTION ( 'NONE',  ( 0.000000000000000000, 0.000000000000000000, 1.000000000000000000 ) ) ;
#569 = APPROVAL ( #468, 'UNSPECIFIED' ) ;
#570 = ORIENTED_EDGE ( 'NONE', *, *, #278, .T. ) ;
#571 = VECTOR ( 'NONE', #149, 1000.000000000000000 ) ;
#572 = CARTESIAN_POINT ( 'NONE',  ( -33.09999999999998721, 39.50000000000000000, -23.00000000000000000 ) ) ;
#573 = LINE ( 'NONE', #738, #860 ) ;
#574 = EDGE_CURVE ( 'NONE', #723, #591, #774, .T. ) ;
#575 = VECTOR ( 'NONE', #427, 1000.000000000000000 ) ;
#576 = CIRCLE ( 'NONE', #1008, 1.400000000000000133 ) ;
#577 = DIRECTION ( 'NONE',  ( 1.000000000000000000, -0.000000000000000000, 1.460819769243627131E-16 ) ) ;
#578 = DIRECTION ( 'NONE',  ( -1.000000000000000000, 0.000000000000000000, 0.000000000000000000 ) ) ;
#579 = DIRECTION ( 'NONE',  ( 0.000000000000000000, -1.000000000000000000, 0.000000000000000000 ) ) ;
#580 = DIRECTION ( 'NONE',  ( -1.000000000000000000, -0.000000000000000000, -0.000000000000000000 ) ) ;
#581 = ADVANCED_BREP_SHAPE_REPRESENTATION ( 'protection cover', ( #291, #839 ), #1342 ) ;
#582 = CC_DESIGN_APPROVAL ( #569, ( #1140 ) ) ;
#583 = DATE_AND_TIME ( #1133, #320 ) ;
#584 = ORIENTED_EDGE ( 'NONE', *, *, #497, .T. ) ;
#585 = ORIENTED_EDGE ( 'NONE', *, *, #780, .F. ) ;
#586 = ADVANCED_FACE ( 'NONE', ( #1160 ), #1009, .T. ) ;
#587 = EDGE_LOOP ( 'NONE', ( #129, #1424, #1376, #846 ) ) ;
#588 = CARTESIAN_POINT ( 'NONE',  ( -33.09999999999999432, 35.50000000000000000, -23.00000000000000000 ) ) ;
#589 = DIRECTION ( 'NONE',  ( -0.000000000000000000, -1.000000000000000000, -0.000000000000000000 ) ) ;
#590 = VECTOR ( 'NONE', #1213, 1000.000000000000000 ) ;
#591 = VERTEX_POINT ( 'NONE', #697 ) ;
#592 = ORIENTED_EDGE ( 'NONE', *, *, #1437, .F. ) ;
#593 = LINE ( 'NONE', #1028, #1195 ) ;
#594 = CIRCLE ( 'NONE', #185, 2.000000000000001776 ) ;
#595 = ORIENTED_EDGE ( 'NONE', *, *, #385, .F. ) ;
#596 = CARTESIAN_POINT ( 'NONE',  ( 35.10000000000000853, 8.371315388122482659, -22.99999999999999645 ) ) ;
#597 = EDGE_CURVE ( 'NONE', #612, #490, #593, .T. ) ;
#598 = CARTESIAN_POINT ( 'NONE',  ( 15.69234365329975844, 0.000000000000000000, 0.000000000000000000 ) ) ;
#599 = CARTESIAN_POINT ( 'NONE',  ( 15.69234365329975844, 1.734723475976807094E-15, 23.00000000000000000 ) ) ;
#600 = EDGE_CURVE ( 'NONE', #490, #229, #480, .T. ) ;
#601 = PERSON_AND_ORGANIZATION ( #987, #792 ) ;
#602 = ORIENTED_EDGE ( 'NONE', *, *, #597, .T. ) ;
#603 = ORIENTED_EDGE ( 'NONE', *, *, #946, .T. ) ;
#604 = CARTESIAN_POINT ( 'NONE',  ( -33.09999999999999432, 0.000000000000000000, 22.50000000000000355 ) ) ;
#605 = AXIS2_PLACEMENT_3D ( 'NONE', #731, #479, #1364 ) ;
#606 = ORIENTED_EDGE ( 'NONE', *, *, #853, .T. ) ;
#607 = AXIS2_PLACEMENT_3D ( 'NONE', #768, #428, #199 ) ;
#608 = LINE ( 'NONE', #1194, #885 ) ;
#609 = FACE_OUTER_BOUND ( 'NONE', #779, .T. ) ;
#610 = CARTESIAN_POINT ( 'NONE',  ( 20.69234365329975489, 14.97332947594998132, 22.50000000000000355 ) ) ;
#611 = ADVANCED_FACE ( 'NONE', ( #1057 ), #505, .T. ) ;
#612 = VERTEX_POINT ( 'NONE', #392 ) ;
#613 = CARTESIAN_POINT ( 'NONE',  ( 37.50000000000000000, 40.00000000000000000, 23.00000000000000000 ) ) ;
#614 = ORIENTED_EDGE ( 'NONE', *, *, #120, .T. ) ;
#615 = EDGE_LOOP ( 'NONE', ( #16, #1348, #693, #145 ) ) ;
#616 = CARTESIAN_POINT ( 'NONE',  ( 25.69234365329975844, 14.97332947594998132, 25.00000000000000000 ) ) ;
#617 = DIRECTION ( 'NONE',  ( 0.000000000000000000, 0.000000000000000000, 1.000000000000000000 ) ) ;
#618 = DIRECTION ( 'NONE',  ( 0.000000000000000000, 0.000000000000000000, 1.000000000000000000 ) ) ;
#619 = CARTESIAN_POINT ( 'NONE',  ( 25.69234365329975844, 14.97332947594998132, 25.00000000000000000 ) ) ;
#620 = VERTEX_POINT ( 'NONE', #748 ) ;
#621 = DIRECTION ( 'NONE',  ( 1.372721557456413280E-16, 0.3420201433256626622, -0.9396926207859106484 ) ) ;
#622 = CARTESIAN_POINT ( 'NONE',  ( 38.50000000000000000, 19.00000000000000000, -9.318347377849704571 ) ) ;
#623 = SECURITY_CLASSIFICATION_LEVEL ( 'unclassified' ) ;
#624 = VERTEX_POINT ( 'NONE', #180 ) ;
#625 = DIRECTION ( 'NONE',  ( 0.000000000000000000, 0.000000000000000000, 1.000000000000000000 ) ) ;
#626 = DIRECTION ( 'NONE',  ( 1.000000000000000000, -0.000000000000000000, 1.460819769243627131E-16 ) ) ;
#627 = ADVANCED_FACE ( 'NONE', ( #415 ), #1305, .F. ) ;
#628 = CARTESIAN_POINT ( 'NONE',  ( 35.50000000000000000, 40.00000000000000000, -25.00000000000000000 ) ) ;
#629 = DIRECTION ( 'NONE',  ( 1.000000000000000000, 0.000000000000000000, 0.000000000000000000 ) ) ;
#630 = VECTOR ( 'NONE', #1080, 1000.000000000000000 ) ;
#631 = PERSON_AND_ORGANIZATION ( #987, #792 ) ;
#632 =( NAMED_UNIT ( * ) SI_UNIT ( $, .STERADIAN. ) SOLID_ANGLE_UNIT ( ) );
#633 = CIRCLE ( 'NONE', #1045, 5.000000000000000888 ) ;
#634 = DIRECTION ( 'NONE',  ( 0.000000000000000000, -1.000000000000000000, 0.000000000000000000 ) ) ;
#635 = ADVANCED_FACE ( 'NONE', ( #1417, #867 ), #77, .F. ) ;
#636 = DIRECTION ( 'NONE',  ( 0.000000000000000000, 0.000000000000000000, 1.000000000000000000 ) ) ;
#637 = ORIENTED_EDGE ( 'NONE', *, *, #1108, .F. ) ;
#638 = ORIENTED_EDGE ( 'NONE', *, *, #894, .F. ) ;
#639 = EDGE_LOOP ( 'NONE', ( #840, #904, #606, #298, #1283 ) ) ;
#640 = AXIS2_PLACEMENT_3D ( 'NONE', #1388, #285, #520 ) ;
#641 = VECTOR ( 'NONE', #551, 1000.000000000000000 ) ;
#642 = DIRECTION ( 'NONE',  ( -1.460819769243627131E-16, 0.000000000000000000, 1.000000000000000000 ) ) ;
#643 = ADVANCED_FACE ( 'NONE', ( #1220 ), #1224, .T. ) ;
#644 = ORIENTED_EDGE ( 'NONE', *, *, #710, .T. ) ;
#645 = CARTESIAN_POINT ( 'NONE',  ( 38.50000000000000000, 19.00000000000000000, -13.81834737784970457 ) ) ;
#646 = EDGE_LOOP ( 'NONE', ( #1198, #65, #773, #1403, #863, #529, #274 ) ) ;
#647 = CARTESIAN_POINT ( 'NONE',  ( 25.69234365329975844, 9.973329475949979539, -12.49999999999999645 ) ) ;
#648 = FACE_OUTER_BOUND ( 'NONE', #639, .T. ) ;
#649 = AXIS2_PLACEMENT_3D ( 'NONE', #1326, #329, #1196 ) ;
#650 = CIRCLE ( 'NONE', #389, 2.000000000000001776 ) ;
#651 = EDGE_CURVE ( 'NONE', #485, #742, #545, .T. ) ;
#652 = FACE_OUTER_BOUND ( 'NONE', #973, .T. ) ;
#653 = ORIENTED_EDGE ( 'NONE', *, *, #1233, .T. ) ;
#654 = FACE_OUTER_BOUND ( 'NONE', #341, .T. ) ;
#655 = APPROVAL_PERSON_ORGANIZATION ( #325, #1449, #1118 ) ;
#656 = DIRECTION ( 'NONE',  ( -0.000000000000000000, -0.000000000000000000, 1.000000000000000000 ) ) ;
#657 = ORIENTED_EDGE ( 'NONE', *, *, #600, .F. ) ;
#658 = DIRECTION ( 'NONE',  ( 0.000000000000000000, 0.000000000000000000, 1.000000000000000000 ) ) ;
#659 = CARTESIAN_POINT ( 'NONE',  ( 37.10000000000000142, 40.00000000000000000, -25.00000000000000000 ) ) ;
#660 = VERTEX_POINT ( 'NONE', #326 ) ;
#661 = CARTESIAN_POINT ( 'NONE',  ( -35.10000000000000142, 37.50000000000000000, 22.50000000000000355 ) ) ;
#662 = CARTESIAN_POINT ( 'NONE',  ( -35.50000000000000000, 40.00000000000000000, -25.00000000000000000 ) ) ;
#663 = EDGE_CURVE ( 'NONE', #146, #927, #269, .T. ) ;
#664 = CIRCLE ( 'NONE', #562, 2.000000000000001776 ) ;
#665 = DIRECTION ( 'NONE',  ( 0.000000000000000000, 0.000000000000000000, 1.000000000000000000 ) ) ;
#666 = CARTESIAN_POINT ( 'NONE',  ( -35.50000000000000000, 40.00000000000000000, 25.00000000000000000 ) ) ;
#667 = ORIENTED_EDGE ( 'NONE', *, *, #861, .T. ) ;
#668 = ADVANCED_FACE ( 'NONE', ( #2 ), #1033, .T. ) ;
#669 = CARTESIAN_POINT ( 'NONE',  ( -37.50000000000000000, 40.00000000000000000, 25.00000000000000000 ) ) ;
#670 = CARTESIAN_POINT ( 'NONE',  ( 37.50000000000000000, 9.099255856654876240, -25.00000000000000000 ) ) ;
#671 = CARTESIAN_POINT ( 'NONE',  ( -35.09999999999999432, 8.371315388122489765, -22.99999999999999645 ) ) ;
#672 = DIRECTION ( 'NONE',  ( 0.000000000000000000, 0.000000000000000000, -1.000000000000000000 ) ) ;
#673 = VERTEX_POINT ( 'NONE', #691 ) ;
#674 = VECTOR ( 'NONE', #372, 1000.000000000000000 ) ;
#675 = AXIS2_PLACEMENT_3D ( 'NONE', #791, #1240, #388 ) ;
#676 = EDGE_LOOP ( 'NONE', ( #1386, #892, #798, #1404, #253, #395, #926, #919, #1075, #1085 ) ) ;
#677 = DIRECTION ( 'NONE',  ( -0.000000000000000000, -1.000000000000000000, 0.000000000000000000 ) ) ;
#678 = EDGE_CURVE ( 'NONE', #1208, #337, #1125, .T. ) ;
#679 = DIRECTION ( 'NONE',  ( -1.000000000000000000, 0.000000000000000000, 0.000000000000000000 ) ) ;
#680 = EDGE_CURVE ( 'NONE', #1356, #755, #328, .T. ) ;
#681 = ORIENTED_EDGE ( 'NONE', *, *, #710, .F. ) ;
#682 = DIRECTION ( 'NONE',  ( 0.000000000000000000, 0.000000000000000000, -1.000000000000000000 ) ) ;
#683 = EDGE_CURVE ( 'NONE', #1438, #612, #1116, .T. ) ;
#684 = CARTESIAN_POINT ( 'NONE',  ( 20.69234365329975844, 14.97332947594998132, 22.50000000000000711 ) ) ;
#685 = VECTOR ( 'NONE', #309, 1000.000000000000000 ) ;
#686 = DIRECTION ( 'NONE',  ( -1.000000000000000000, -0.000000000000000000, -0.000000000000000000 ) ) ;
#687 = ORIENTED_EDGE ( 'NONE', *, *, #1401, .F. ) ;
#688 = DIRECTION ( 'NONE',  ( -0.000000000000000000, 1.000000000000000000, 0.000000000000000000 ) ) ;
#689 = PLANE ( 'NONE',  #294 ) ;
#690 = LINE ( 'NONE', #794, #1173 ) ;
#691 = CARTESIAN_POINT ( 'NONE',  ( 37.10000000000000853, 9.099255856654872687, -24.99999999999999645 ) ) ;
#692 = LINE ( 'NONE', #494, #375 ) ;
#693 = ORIENTED_EDGE ( 'NONE', *, *, #680, .F. ) ;
#694 = EDGE_CURVE ( 'NONE', #229, #1099, #13, .T. ) ;
#695 = DIRECTION ( 'NONE',  ( 0.000000000000000000, 0.000000000000000000, 1.000000000000000000 ) ) ;
#696 = ORIENTED_EDGE ( 'NONE', *, *, #910, .F. ) ;
#697 = CARTESIAN_POINT ( 'NONE',  ( 41.49999999999999289, 19.00000000000000000, -12.41834737784970422 ) ) ;
#698 = ORIENTED_EDGE ( 'NONE', *, *, #719, .T. ) ;
#699 = CIRCLE ( 'NONE', #240, 1.000000000000000888 ) ;
#700 = DIRECTION ( 'NONE',  ( 0.000000000000000000, -1.000000000000000000, 0.000000000000000000 ) ) ;
#701 = DIRECTION ( 'NONE',  ( 0.000000000000000000, -1.000000000000000000, 0.000000000000000000 ) ) ;
#702 = CC_DESIGN_APPROVAL ( #1449, ( #312 ) ) ;
#703 = DATE_AND_TIME ( #1253, #56 ) ;
#704 = CARTESIAN_POINT ( 'NONE',  ( 35.50000000000000000, 2.000000000000001776, 25.00000000000000000 ) ) ;
#705 = VERTEX_POINT ( 'NONE', #502 ) ;
#706 = DIRECTION ( 'NONE',  ( -1.000000000000000000, -0.000000000000000000, -0.000000000000000000 ) ) ;
#707 = ORIENTED_EDGE ( 'NONE', *, *, #1445, .F. ) ;
#708 = CARTESIAN_POINT ( 'NONE',  ( -37.50000000000000000, 2.000000000000001776, 23.00000000000000000 ) ) ;
#709 = ORIENTED_EDGE ( 'NONE', *, *, #177, .T. ) ;
#710 = EDGE_CURVE ( 'NONE', #1257, #705, #219, .T. ) ;
#711 = DIRECTION ( 'NONE',  ( 0.000000000000000000, 0.000000000000000000, -1.000000000000000000 ) ) ;
#712 = CYLINDRICAL_SURFACE ( 'NONE', #945, 2.000000000000001776 ) ;
#713 = ORIENTED_EDGE ( 'NONE', *, *, #600, .T. ) ;
#714 = CIRCLE ( 'NONE', #925, 2.000000000000001776 ) ;
#715 = ORIENTED_EDGE ( 'NONE', *, *, #651, .F. ) ;
#716 = VECTOR ( 'NONE', #1239, 1000.000000000000000 ) ;
#717 = ORIENTED_EDGE ( 'NONE', *, *, #345, .F. ) ;
#718 = DIRECTION ( 'NONE',  ( 1.000000000000000000, 0.000000000000000000, 0.000000000000000000 ) ) ;
#719 = EDGE_CURVE ( 'NONE', #624, #384, #1409, .T. ) ;
#720 = DIRECTION ( 'NONE',  ( 0.000000000000000000, 0.000000000000000000, 1.000000000000000000 ) ) ;
#721 = ORIENTED_EDGE ( 'NONE', *, *, #162, .T. ) ;
#722 = FACE_OUTER_BOUND ( 'NONE', #147, .T. ) ;
#723 = VERTEX_POINT ( 'NONE', #1391 ) ;
#724 = DIRECTION ( 'NONE',  ( 1.000000000000000000, 0.000000000000000000, 0.000000000000000000 ) ) ;
#725 = VECTOR ( 'NONE', #1070, 1000.000000000000000 ) ;
#726 = DIRECTION ( 'NONE',  ( 1.000000000000000000, 0.000000000000000000, 0.000000000000000000 ) ) ;
#727 = CARTESIAN_POINT ( 'NONE',  ( -33.09999999999999432, 35.50000000000000000, 20.50000000000000355 ) ) ;
#728 = EDGE_CURVE ( 'NONE', #1257, #831, #407, .T. ) ;
#729 = ADVANCED_FACE ( 'NONE', ( #330 ), #1228, .F. ) ;
#730 =( BOUNDED_CURVE ( )  B_SPLINE_CURVE ( 3, ( #228, #1360, #126, #923 ),
 .UNSPECIFIED., .F., .T. ) 
 B_SPLINE_CURVE_WITH_KNOTS ( ( 4, 4 ),
 ( 1.570796326794896558, 3.141592653589793116 ),
 .UNSPECIFIED. ) 
 CURVE ( )  GEOMETRIC_REPRESENTATION_ITEM ( )  RATIONAL_B_SPLINE_CURVE ( ( 1.000000000000000000, 0.8047378541243649375, 0.8047378541243649375, 1.000000000000000000 ) ) 
 REPRESENTATION_ITEM ( '' )  );
#731 = CARTESIAN_POINT ( 'NONE',  ( 38.50000000000000000, 19.00000000000000000, -13.81834737784970457 ) ) ;
#732 = ORIENTED_EDGE ( 'NONE', *, *, #377, .F. ) ;
#733 = DIRECTION ( 'NONE',  ( 1.000000000000000000, 0.000000000000000000, 0.000000000000000000 ) ) ;
#734 = DIRECTION ( 'NONE',  ( -1.000000000000000000, -0.000000000000000000, -0.000000000000000000 ) ) ;
#735 = ORIENTED_EDGE ( 'NONE', *, *, #1379, .T. ) ;
#736 = EDGE_CURVE ( 'NONE', #831, #490, #50, .T. ) ;
#737 = VECTOR ( 'NONE', #288, 1000.000000000000000 ) ;
#738 = CARTESIAN_POINT ( 'NONE',  ( 30.69234365329975844, 0.000000000000000000, 0.000000000000000000 ) ) ;
#739 = VECTOR ( 'NONE', #1176, 1000.000000000000000 ) ;
#740 = APPLICATION_CONTEXT ( 'configuration controlled 3d designs of mechanical parts and assemblies' ) ;
#741 = FACE_OUTER_BOUND ( 'NONE', #587, .T. ) ;
#742 = VERTEX_POINT ( 'NONE', #246 ) ;
#743 = EDGE_CURVE ( 'NONE', #705, #912, #1251, .T. ) ;
#744 = EDGE_CURVE ( 'NONE', #1099, #1030, #412, .T. ) ;
#745 = CARTESIAN_POINT ( 'NONE',  ( 40.49999999999999289, 19.00000000000000000, -10.31834737784970457 ) ) ;
#746 = VECTOR ( 'NONE', #1318, 1000.000000000000000 ) ;
#747 = LINE ( 'NONE', #179, #737 ) ;
#748 = CARTESIAN_POINT ( 'NONE',  ( 33.09999999999999432, 0.000000000000000000, 22.50000000000000355 ) ) ;
#749 = ORIENTED_EDGE ( 'NONE', *, *, #535, .T. ) ;
#750 = VERTEX_POINT ( 'NONE', #596 ) ;
#751 = CARTESIAN_POINT ( 'NONE',  ( 37.10000000000000853, 35.50000000000000000, -23.00000000000000000 ) ) ;
#752 = EDGE_CURVE ( 'NONE', #1015, #876, #920, .T. ) ;
#753 = CARTESIAN_POINT ( 'NONE',  ( 15.69234365329975844, 37.50000000000000000, 22.50000000000000355 ) ) ;
#754 = AXIS2_PLACEMENT_3D ( 'NONE', #503, #955, #1295 ) ;
#755 = VERTEX_POINT ( 'NONE', #1367 ) ;
#756 = AXIS2_PLACEMENT_3D ( 'NONE', #98, #443, #333 ) ;
#757 = DIRECTION ( 'NONE',  ( 1.000000000000000000, 0.000000000000000000, 0.000000000000000000 ) ) ;
#758 = EDGE_CURVE ( 'NONE', #337, #557, #122, .T. ) ;
#759 = DIRECTION ( 'NONE',  ( 1.000000000000000000, -0.000000000000000000, 1.460819769243627131E-16 ) ) ;
#760 = ORIENTED_EDGE ( 'NONE', *, *, #1344, .F. ) ;
#761 = CARTESIAN_POINT ( 'NONE',  ( 26.49999999999999645, 19.00000000000000000, -15.21834737784970493 ) ) ;
#762 = DIRECTION ( 'NONE',  ( -1.372721557456413280E-16, -0.3420201433256626622, 0.9396926207859106484 ) ) ;
#763 = VECTOR ( 'NONE', #357, 1000.000000000000000 ) ;
#764 = CC_DESIGN_PERSON_AND_ORGANIZATION_ASSIGNMENT ( #1167, #934, ( #312 ) ) ;
#765 = CARTESIAN_POINT ( 'NONE',  ( -37.09999999999999432, 35.50000000000000000, -25.00000000000000000 ) ) ;
#766 = VECTOR ( 'NONE', #441, 1000.000000000000000 ) ;
#767 = CYLINDRICAL_SURFACE ( 'NONE', #1320, 2.000000000000001776 ) ;
#768 = CARTESIAN_POINT ( 'NONE',  ( -33.09999999999999432, 35.50000000000000000, 20.50000000000000355 ) ) ;
#769 = DIRECTION ( 'NONE',  ( 0.000000000000000000, 0.000000000000000000, 1.000000000000000000 ) ) ;
#770 = ORIENTED_EDGE ( 'NONE', *, *, #497, .F. ) ;
#771 = EDGE_CURVE ( 'NONE', #1097, #279, #342, .T. ) ;
#772 = CARTESIAN_POINT ( 'NONE',  ( -37.09999999999999432, 9.099255856654879793, -25.00000000000000000 ) ) ;
#773 = ORIENTED_EDGE ( 'NONE', *, *, #191, .T. ) ;
#774 = LINE ( 'NONE', #1440, #1408 ) ;
#775 = CARTESIAN_POINT ( 'NONE',  ( 25.69234365329976200, 14.97332947594998132, 22.50000000000000355 ) ) ;
#776 = CARTESIAN_POINT ( 'NONE',  ( -37.50000000000000000, 2.168404344971008868E-15, 24.17157287525380838 ) ) ;
#777 = DIRECTION ( 'NONE',  ( 0.000000000000000000, 0.000000000000000000, 1.000000000000000000 ) ) ;
#778 = ORIENTED_EDGE ( 'NONE', *, *, #182, .T. ) ;
#779 = EDGE_LOOP ( 'NONE', ( #135, #504, #929 ) ) ;
#780 = EDGE_CURVE ( 'NONE', #750, #86, #536, .T. ) ;
#781 = DIRECTION ( 'NONE',  ( -0.000000000000000000, -1.000000000000000000, -0.000000000000000000 ) ) ;
#782 = ADVANCED_FACE ( 'NONE', ( #187 ), #402, .F. ) ;
#783 = DIRECTION ( 'NONE',  ( 1.460819769243627131E-16, 0.000000000000000000, -1.000000000000000000 ) ) ;
#784 = CLOSED_SHELL ( 'NONE', ( #972, #899, #336, #865, #152, #586, #201, #488, #541, #408, #1201, #1256, #556, #881, #635, #611, #314, #1415, #94, #1238, #1396, #475, #456, #138, #627, #63, #1317, #211, #1455, #1129, #795, #1114, #643, #514, #324, #1138, #1336, #172, #729, #782, #1089, #668, #549, #221, #36, #1407, #1442, #1156 ) ) ;
#785 = APPLICATION_PROTOCOL_DEFINITION ( 'international standard', 'config_control_design', 1994, #282 ) ;
#786 = ORIENTED_EDGE ( 'NONE', *, *, #1047, .T. ) ;
#787 = VECTOR ( 'NONE', #1190, 1000.000000000000000 ) ;
#788 = CARTESIAN_POINT ( 'NONE',  ( -35.09999999999999432, 39.50000000000000000, -25.00000000000000000 ) ) ;
#789 = CARTESIAN_POINT ( 'NONE',  ( 15.69234365329975844, 9.973329475949979539, 22.50000000000000355 ) ) ;
#790 = EDGE_CURVE ( 'NONE', #115, #673, #966, .T. ) ;
#791 = CARTESIAN_POINT ( 'NONE',  ( 38.50000000000000000, 19.00000000000000000, -13.81834737784970457 ) ) ;
#792 = ORGANIZATION ( 'UNSPECIFIED', 'UNSPECIFIED', '' ) ;
#793 = EDGE_LOOP ( 'NONE', ( #409, #1265, #223, #770 ) ) ;
#794 = CARTESIAN_POINT ( 'NONE',  ( -37.50000000000000000, 38.00000000000000000, 25.00000000000000000 ) ) ;
#795 = ADVANCED_FACE ( 'NONE', ( #54 ), #62, .T. ) ;
#796 = DATE_AND_TIME ( #12, #1453 ) ;
#797 = VERTEX_POINT ( 'NONE', #628 ) ;
#798 = ORIENTED_EDGE ( 'NONE', *, *, #1019, .T. ) ;
#799 = ORIENTED_EDGE ( 'NONE', *, *, #992, .T. ) ;
#800 = ORIENTED_EDGE ( 'NONE', *, *, #1363, .T. ) ;
#801 = CARTESIAN_POINT ( 'NONE',  ( -33.09999999999999432, 35.50000000000000000, -4.835313436196405625E-15 ) ) ;
#802 = CARTESIAN_POINT ( 'NONE',  ( 37.50000000000000000, 2.024928047806264899E-15, 24.17157287525380838 ) ) ;
#803 = ORIENTED_EDGE ( 'NONE', *, *, #790, .T. ) ;
#804 = CARTESIAN_POINT ( 'NONE',  ( -33.09999999999999432, 35.50000000000000000, -25.00000000000000000 ) ) ;
#805 = VECTOR ( 'NONE', #1422, 1000.000000000000000 ) ;
#806 = AXIS2_PLACEMENT_3D ( 'NONE', #508, #1292, #1061 ) ;
#807 = VERTEX_POINT ( 'NONE', #1297 ) ;
#808 = CYLINDRICAL_SURFACE ( 'NONE', #1418, 2.000000000000001776 ) ;
#809 = DIRECTION ( 'NONE',  ( 1.000000000000000000, 0.000000000000000000, 0.000000000000000000 ) ) ;
#810 = CARTESIAN_POINT ( 'NONE',  ( 37.50000000000000000, 0.000000000000000000, 23.00000000000000000 ) ) ;
#811 = EDGE_LOOP ( 'NONE', ( #1182, #822, #964, #1016 ) ) ;
#812 = ORIENTED_EDGE ( 'NONE', *, *, #424, .F. ) ;
#813 = DIRECTION ( 'NONE',  ( -0.000000000000000000, -0.000000000000000000, -1.000000000000000000 ) ) ;
#814 = EDGE_CURVE ( 'NONE', #1378, #830, #528, .T. ) ;
#815 = VERTEX_POINT ( 'NONE', #662 ) ;
#816 = EDGE_LOOP ( 'NONE', ( #242, #603, #1307, #302, #293 ) ) ;
#817 = CARTESIAN_POINT ( 'NONE',  ( 41.49999999999999289, 19.00000000000000000, -15.21834737784970493 ) ) ;
#818 = DIRECTION ( 'NONE',  ( 0.000000000000000000, -1.000000000000000000, 0.000000000000000000 ) ) ;
#819 = LINE ( 'NONE', #173, #360 ) ;
#820 = ORIENTED_EDGE ( 'NONE', *, *, #728, .F. ) ;
#821 = DIRECTION ( 'NONE',  ( 0.000000000000000000, 0.000000000000000000, 1.000000000000000000 ) ) ;
#822 = ORIENTED_EDGE ( 'NONE', *, *, #523, .F. ) ;
#823 = DIRECTION ( 'NONE',  ( 1.000000000000000000, 0.000000000000000000, 0.000000000000000000 ) ) ;
#824 = EDGE_CURVE ( 'NONE', #831, #620, #978, .T. ) ;
#825 = ORIENTED_EDGE ( 'NONE', *, *, #565, .T. ) ;
#826 = CARTESIAN_POINT ( 'NONE',  ( 20.69234365329975844, 9.973329475949979539, 22.50000000000000711 ) ) ;
#827 = DIRECTION ( 'NONE',  ( 0.000000000000000000, -1.000000000000000000, 0.000000000000000000 ) ) ;
#828 = DATE_AND_TIME ( #381, #393 ) ;
#829 = ORIENTED_EDGE ( 'NONE', *, *, #25, .T. ) ;
#830 = VERTEX_POINT ( 'NONE', #1432 ) ;
#831 = VERTEX_POINT ( 'NONE', #877 ) ;
#832 = CC_DESIGN_PERSON_AND_ORGANIZATION_ASSIGNMENT ( #192, #1429, ( #1120 ) ) ;
#833 = VECTOR ( 'NONE', #589, 1000.000000000000000 ) ;
#834 = DIRECTION ( 'NONE',  ( 0.000000000000000000, 0.000000000000000000, -1.000000000000000000 ) ) ;
#835 = EDGE_CURVE ( 'NONE', #349, #384, #1325, .T. ) ;
#836 = APPROVAL_PERSON_ORGANIZATION ( #143, #569, #476 ) ;
#837 = EDGE_LOOP ( 'NONE', ( #1346, #1369 ) ) ;
#838 = CARTESIAN_POINT ( 'NONE',  ( 41.49999999999998579, 0.000000000000000000, 0.000000000000000000 ) ) ;
#839 = AXIS2_PLACEMENT_3D ( 'NONE', #340, #200, #444 ) ;
#840 = ORIENTED_EDGE ( 'NONE', *, *, #244, .T. ) ;
#841 = CARTESIAN_POINT ( 'NONE',  ( 37.50000000000000000, 40.00000000000000000, -25.00000000000000000 ) ) ;
#842 = EDGE_CURVE ( 'NONE', #941, #1090, #1350, .T. ) ;
#843 = AXIS2_PLACEMENT_3D ( 'NONE', #1423, #318, #979 ) ;
#844 = CYLINDRICAL_SURFACE ( 'NONE', #1312, 1.999999999999998224 ) ;
#845 = CARTESIAN_POINT ( 'NONE',  ( 0.000000000000000000, 35.50000000000000000, 20.50000000000000355 ) ) ;
#846 = ORIENTED_EDGE ( 'NONE', *, *, #565, .F. ) ;
#847 = DIRECTION ( 'NONE',  ( 0.000000000000000000, 0.000000000000000000, -1.000000000000000000 ) ) ;
#848 = FACE_OUTER_BOUND ( 'NONE', #109, .T. ) ;
#849 = CC_DESIGN_APPROVAL ( #1246, ( #1072 ) ) ;
#850 = DATE_AND_TIME ( #1082, #1011 ) ;
#851 = ORIENTED_EDGE ( 'NONE', *, *, #1178, .F. ) ;
#852 = DIRECTION ( 'NONE',  ( -1.000000000000000000, 0.000000000000000000, 0.000000000000000000 ) ) ;
#853 = EDGE_CURVE ( 'NONE', #481, #252, #297, .T. ) ;
#854 = LINE ( 'NONE', #788, #590 ) ;
#855 = DIRECTION ( 'NONE',  ( 1.000000000000000000, 0.000000000000000000, 0.000000000000000000 ) ) ;
#856 = AXIS2_PLACEMENT_3D ( 'NONE', #260, #1053, #1284 ) ;
#857 = DIRECTION ( 'NONE',  ( -1.000000000000000000, -0.000000000000000000, -0.000000000000000000 ) ) ;
#858 = VECTOR ( 'NONE', #319, 1000.000000000000000 ) ;
#859 = VECTOR ( 'NONE', #900, 1000.000000000000227 ) ;
#860 = VECTOR ( 'NONE', #1181, 1000.000000000000000 ) ;
#861 = EDGE_CURVE ( 'NONE', #750, #673, #730, .T. ) ;
#862 = CARTESIAN_POINT ( 'NONE',  ( 37.50000000000000000, 2.000000000000001776, 25.00000000000000000 ) ) ;
#863 = ORIENTED_EDGE ( 'NONE', *, *, #1218, .F. ) ;
#864 = CIRCLE ( 'NONE', #1267, 5.000000000000000888 ) ;
#865 = ADVANCED_FACE ( 'NONE', ( #90 ), #373, .T. ) ;
#866 = DIRECTION ( 'NONE',  ( 0.000000000000000000, -1.000000000000000000, 0.000000000000000000 ) ) ;
#867 = FACE_OUTER_BOUND ( 'NONE', #1341, .T. ) ;
#868 = DIRECTION ( 'NONE',  ( -0.000000000000000000, -0.000000000000000000, 1.000000000000000000 ) ) ;
#869 = ORIENTED_EDGE ( 'NONE', *, *, #1218, .T. ) ;
#870 = ORIENTED_EDGE ( 'NONE', *, *, #1032, .T. ) ;
#871 = CARTESIAN_POINT ( 'NONE',  ( -35.50000000000000000, 2.000000000000001776, 25.00000000000000000 ) ) ;
#872 = EDGE_CURVE ( 'NONE', #620, #807, #692, .T. ) ;
#873 = CIRCLE ( 'NONE', #1277, 1.400000000000000133 ) ;
#874 = DIRECTION ( 'NONE',  ( 0.000000000000000000, -0.3420201433256626067, 0.9396926207859105373 ) ) ;
#875 = ORIENTED_EDGE ( 'NONE', *, *, #1352, .T. ) ;
#876 = VERTEX_POINT ( 'NONE', #619 ) ;
#877 = CARTESIAN_POINT ( 'NONE',  ( 33.09999999999999432, 35.50000000000000000, 22.50000000000000355 ) ) ;
#878 = CARTESIAN_POINT ( 'NONE',  ( 35.10000000000000853, 19.00000000000000000, -13.81834737784970457 ) ) ;
#879 = LINE ( 'NONE', #439, #630 ) ;
#880 = LINE ( 'NONE', #1217, #564 ) ;
#881 = ADVANCED_FACE ( 'NONE', ( #1383 ), #66, .F. ) ;
#882 = DIRECTION ( 'NONE',  ( 1.460819769243627131E-16, 0.000000000000000000, -1.000000000000000000 ) ) ;
#883 = ORIENTED_EDGE ( 'NONE', *, *, #432, .F. ) ;
#884 = EDGE_LOOP ( 'NONE', ( #1430, #1154, #243, #717 ) ) ;
#885 = VECTOR ( 'NONE', #621, 999.9999999999998863 ) ;
#886 = CIRCLE ( 'NONE', #257, 1.000000000000000888 ) ;
#887 = DIRECTION ( 'NONE',  ( -1.000000000000000000, -0.000000000000000000, 0.000000000000000000 ) ) ;
#888 = AXIS2_PLACEMENT_3D ( 'NONE', #1427, #87, #111 ) ;
#889 = PLANE ( 'NONE',  #1158 ) ;
#890 = DIRECTION ( 'NONE',  ( 0.000000000000000000, 0.000000000000000000, 1.000000000000000000 ) ) ;
#891 = EDGE_CURVE ( 'NONE', #478, #470, #254, .T. ) ;
#892 = ORIENTED_EDGE ( 'NONE', *, *, #418, .T. ) ;
#893 = DIRECTION ( 'NONE',  ( -1.460819769243627131E-16, 0.000000000000000000, 1.000000000000000000 ) ) ;
#894 = EDGE_CURVE ( 'NONE', #1319, #1030, #747, .T. ) ;
#895 = FACE_OUTER_BOUND ( 'NONE', #1150, .T. ) ;
#896 = MECHANICAL_CONTEXT ( 'NONE', #282, 'mechanical' ) ;
#897 = VECTOR ( 'NONE', #435, 1000.000000000000000 ) ;
#898 = ORIENTED_EDGE ( 'NONE', *, *, #424, .T. ) ;
#899 = ADVANCED_FACE ( 'NONE', ( #1074 ), #425, .F. ) ;
#900 = DIRECTION ( 'NONE',  ( -0.000000000000000000, 0.3420201433256626067, -0.9396926207859105373 ) ) ;
#901 = EDGE_LOOP ( 'NONE', ( #698, #207, #851, #1137 ) ) ;
#902 = CYLINDRICAL_SURFACE ( 'NONE', #1299, 1.400000000000000133 ) ;
#903 = AXIS2_PLACEMENT_3D ( 'NONE', #572, #462, #695 ) ;
#904 = ORIENTED_EDGE ( 'NONE', *, *, #255, .F. ) ;
#905 = ORIENTED_EDGE ( 'NONE', *, *, #938, .F. ) ;
#906 = LINE ( 'NONE', #354, #859 ) ;
#907 = ORIENTED_EDGE ( 'NONE', *, *, #694, .T. ) ;
#908 = LINE ( 'NONE', #387, #739 ) ;
#909 = DIRECTION ( 'NONE',  ( 0.000000000000000000, 0.000000000000000000, 1.000000000000000000 ) ) ;
#910 = EDGE_CURVE ( 'NONE', #807, #1380, #1084, .T. ) ;
#911 = ORIENTED_EDGE ( 'NONE', *, *, #226, .F. ) ;
#912 = VERTEX_POINT ( 'NONE', #442 ) ;
#913 = CIRCLE ( 'NONE', #1113, 5.000000000000000888 ) ;
#914 = ORIENTED_EDGE ( 'NONE', *, *, #104, .T. ) ;
#915 = VECTOR ( 'NONE', #857, 1000.000000000000000 ) ;
#916 = EDGE_LOOP ( 'NONE', ( #176, #202, #614, #35 ) ) ;
#917 = VECTOR ( 'NONE', #887, 1000.000000000000000 ) ;
#918 = DIRECTION ( 'NONE',  ( 0.000000000000000000, 0.000000000000000000, -1.000000000000000000 ) ) ;
#919 = ORIENTED_EDGE ( 'NONE', *, *, #728, .T. ) ;
#920 = LINE ( 'NONE', #616, #571 ) ;
#921 = CARTESIAN_POINT ( 'NONE',  ( 40.49999999999999289, 19.00000000000000000, -13.81834737784970457 ) ) ;
#922 = DIRECTION ( 'NONE',  ( -1.460819769243627131E-16, -0.000000000000000000, 1.000000000000000000 ) ) ;
#923 = CARTESIAN_POINT ( 'NONE',  ( 37.10000000000000853, 9.099255856654872687, -24.99999999999999645 ) ) ;
#924 = EDGE_CURVE ( 'NONE', #128, #1264, #880, .T. ) ;
#925 = AXIS2_PLACEMENT_3D ( 'NONE', #266, #634, #300 ) ;
#926 = ORIENTED_EDGE ( 'NONE', *, *, #397, .T. ) ;
#927 = VERTEX_POINT ( 'NONE', #1323 ) ;
#928 = FACE_OUTER_BOUND ( 'NONE', #901, .T. ) ;
#929 = ORIENTED_EDGE ( 'NONE', *, *, #719, .F. ) ;
#930 = CARTESIAN_POINT ( 'NONE',  ( -35.50000000000000000, 40.00000000000000000, 0.000000000000000000 ) ) ;
#931 = CARTESIAN_POINT ( 'NONE',  ( 20.69234365329975844, 14.97332947594998132, 25.00000000000000000 ) ) ;
#932 = DIRECTION ( 'NONE',  ( 0.000000000000000000, 1.000000000000000000, -0.000000000000000000 ) ) ;
#933 = LINE ( 'NONE', #484, #220 ) ;
#934 = PERSON_AND_ORGANIZATION_ROLE ( 'creator' ) ;
#935 = VECTOR ( 'NONE', #706, 1000.000000000000000 ) ;
#936 = DIRECTION ( 'NONE',  ( -0.000000000000000000, -0.000000000000000000, -1.000000000000000000 ) ) ;
#937 = VERTEX_POINT ( 'NONE', #1106 ) ;
#938 = EDGE_CURVE ( 'NONE', #1130, #558, #542, .T. ) ;
#939 = DIRECTION ( 'NONE',  ( 0.000000000000000000, 1.000000000000000000, -1.224646799147353207E-16 ) ) ;
#940 = DIRECTION ( 'NONE',  ( 0.000000000000000000, 0.000000000000000000, -1.000000000000000000 ) ) ;
#941 = VERTEX_POINT ( 'NONE', #1309 ) ;
#942 =( LENGTH_UNIT ( ) NAMED_UNIT ( * ) SI_UNIT ( .MILLI., .METRE. ) );
#943 = ORIENTED_EDGE ( 'NONE', *, *, #1212, .F. ) ;
#944 = VECTOR ( 'NONE', #757, 1000.000000000000000 ) ;
#945 = AXIS2_PLACEMENT_3D ( 'NONE', #801, #783, #1157 ) ;
#946 = EDGE_CURVE ( 'NONE', #937, #1319, #608, .T. ) ;
#947 = CARTESIAN_POINT ( 'NONE',  ( 35.10000000000000853, 37.50000000000000000, -23.00000000000000000 ) ) ;
#948 = CARTESIAN_POINT ( 'NONE',  ( -35.50000000000000000, 40.00000000000000000, 23.00000000000000000 ) ) ;
#949 = AXIS2_PLACEMENT_3D ( 'NONE', #845, #399, #1413 ) ;
#950 = DIRECTION ( 'NONE',  ( 1.000000000000000000, 0.000000000000000000, -0.000000000000000000 ) ) ;
#951 = CARTESIAN_POINT ( 'NONE',  ( 41.49999999999999289, 19.00000000000000000, -17.31834737784970457 ) ) ;
#952 = AXIS2_PLACEMENT_3D ( 'NONE', #1200, #1290, #855 ) ;
#953 = APPROVAL_STATUS ( 'not_yet_approved' ) ;
#954 = ORIENTED_EDGE ( 'NONE', *, *, #1032, .F. ) ;
#955 = DIRECTION ( 'NONE',  ( 0.000000000000000000, 0.000000000000000000, 1.000000000000000000 ) ) ;
#956 = EDGE_CURVE ( 'NONE', #1236, #1097, #306, .T. ) ;
#957 = ORIENTED_EDGE ( 'NONE', *, *, #1178, .T. ) ;
#958 = DIRECTION ( 'NONE',  ( 0.000000000000000000, 1.000000000000000000, 0.000000000000000000 ) ) ;
#959 = CIRCLE ( 'NONE', #343, 1.000000000000000888 ) ;
#960 = CYLINDRICAL_SURFACE ( 'NONE', #1038, 2.000000000000001776 ) ;
#961 = AXIS2_PLACEMENT_3D ( 'NONE', #69, #1049, #44 ) ;
#962 = ORIENTED_EDGE ( 'NONE', *, *, #1058, .T. ) ;
#963 = EDGE_CURVE ( 'NONE', #876, #137, #864, .T. ) ;
#964 = ORIENTED_EDGE ( 'NONE', *, *, #1000, .T. ) ;
#965 = CARTESIAN_POINT ( 'NONE',  ( -37.50000000000000000, 38.00000000000000000, 23.00000000000000000 ) ) ;
#966 = LINE ( 'NONE', #70, #467 ) ;
#967 = CARTESIAN_POINT ( 'NONE',  ( 37.50000000000000000, 18.99999999999999645, -18.31834737784970457 ) ) ;
#968 = DIRECTION ( 'NONE',  ( 0.000000000000000000, 0.000000000000000000, 1.000000000000000000 ) ) ;
#969 = ORIENTED_EDGE ( 'NONE', *, *, #1426, .F. ) ;
#970 = AXIS2_PLACEMENT_3D ( 'NONE', #1148, #686, #568 ) ;
#971 = LINE ( 'NONE', #344, #1372 ) ;
#972 = ADVANCED_FACE ( 'NONE', ( #188 ), #1373, .T. ) ;
#973 = EDGE_LOOP ( 'NONE', ( #127, #1161, #1170, #1083, #216 ) ) ;
#974 = VECTOR ( 'NONE', #1303, 1000.000000000000000 ) ;
#975 = CARTESIAN_POINT ( 'NONE',  ( 38.50000000000000000, 19.00000000000000000, -17.31834737784970457 ) ) ;
#976 = ORIENTED_EDGE ( 'NONE', *, *, #113, .T. ) ;
#977 = DIRECTION ( 'NONE',  ( -1.000000000000000000, 0.000000000000000000, -1.460819769243627131E-16 ) ) ;
#978 = LINE ( 'NONE', #559, #183 ) ;
#979 = DIRECTION ( 'NONE',  ( 1.000000000000000000, 0.000000000000000000, 0.000000000000000000 ) ) ;
#980 = FACE_OUTER_BOUND ( 'NONE', #793, .T. ) ;
#981 = EDGE_CURVE ( 'NONE', #1099, #612, #537, .T. ) ;
#982 = CARTESIAN_POINT ( 'NONE',  ( 30.69234365329975134, 9.973329475949979539, 22.50000000000000355 ) ) ;
#983 = CARTESIAN_POINT ( 'NONE',  ( 30.69234365329976555, 2.000000000000001776, 23.00000000000000000 ) ) ;
#984 = DIRECTION ( 'NONE',  ( 0.000000000000000000, 1.000000000000000000, -0.000000000000000000 ) ) ;
#985 = VECTOR ( 'NONE', #866, 1000.000000000000000 ) ;
#986 = ORIENTED_EDGE ( 'NONE', *, *, #1081, .F. ) ;
#987 = PERSON ( 'UNSPECIFIED', 'UNSPECIFIED', 'UNSPECIFIED', ('UNSPECIFIED'), ('UNSPECIFIED'), ('UNSPECIFIED') ) ;
#988 = VERTEX_POINT ( 'NONE', #410 ) ;
#989 = DIRECTION ( 'NONE',  ( 0.000000000000000000, 0.000000000000000000, -1.000000000000000000 ) ) ;
#990 = PLANE ( 'NONE',  #296 ) ;
#991 = CARTESIAN_POINT ( 'NONE',  ( -35.92842712474618594, 9.099255856654881569, -25.00000000000000355 ) ) ;
#992 = EDGE_CURVE ( 'NONE', #1264, #276, #404, .T. ) ;
#993 = ORIENTED_EDGE ( 'NONE', *, *, #1000, .F. ) ;
#994 = FACE_OUTER_BOUND ( 'NONE', #816, .T. ) ;
#995 = CARTESIAN_POINT ( 'NONE',  ( 33.09999999999999432, 35.50000000000000000, 20.50000000000000355 ) ) ;
#996 = AXIS2_PLACEMENT_3D ( 'NONE', #1260, #10, #711 ) ;
#997 = DIRECTION ( 'NONE',  ( 0.000000000000000000, 0.000000000000000000, -1.000000000000000000 ) ) ;
#998 = DIRECTION ( 'NONE',  ( -0.000000000000000000, 1.000000000000000000, -0.000000000000000000 ) ) ;
#999 = ORIENTED_EDGE ( 'NONE', *, *, #120, .F. ) ;
#1000 = EDGE_CURVE ( 'NONE', #1438, #1027, #1155, .T. ) ;
#1001 = DIRECTION ( 'NONE',  ( 0.000000000000000000, -0.000000000000000000, -1.000000000000000000 ) ) ;
#1002 = PLANE ( 'NONE',  #414 ) ;
#1003 = DIRECTION ( 'NONE',  ( 1.000000000000000000, -0.000000000000000000, -0.000000000000000000 ) ) ;
#1004 =( BOUNDED_CURVE ( )  B_SPLINE_CURVE ( 3, ( #1111, #776, #1384, #871 ),
 .UNSPECIFIED., .F., .T. ) 
 B_SPLINE_CURVE_WITH_KNOTS ( ( 4, 4 ),
 ( 0.000000000000000000, 1.570796326794896558 ),
 .UNSPECIFIED. ) 
 CURVE ( )  GEOMETRIC_REPRESENTATION_ITEM ( )  RATIONAL_B_SPLINE_CURVE ( ( 1.000000000000000000, 0.8047378541243649375, 0.8047378541243649375, 1.000000000000000000 ) ) 
 REPRESENTATION_ITEM ( '' )  );
#1005 = CARTESIAN_POINT ( 'NONE',  ( 41.49999999999999289, 19.00000000000000000, -13.81834737784970457 ) ) ;
#1006 = AXIS2_PLACEMENT_3D ( 'NONE', #1005, #1448, #460 ) ;
#1007 = ORIENTED_EDGE ( 'NONE', *, *, #155, .F. ) ;
#1008 = AXIS2_PLACEMENT_3D ( 'NONE', #1252, #1345, #348 ) ;
#1009 = CYLINDRICAL_SURFACE ( 'NONE', #154, 2.000000000000001776 ) ;
#1010 = DIRECTION ( 'NONE',  ( 0.000000000000000000, 0.000000000000000000, -1.000000000000000000 ) ) ;
#1011 = LOCAL_TIME ( 20, 51, 2.000000000000000000, #406 ) ;
#1012 = FACE_BOUND ( 'NONE', #283, .T. ) ;
#1013 = PLANE ( 'NONE',  #103 ) ;
#1014 = EDGE_LOOP ( 'NONE', ( #1275, #778 ) ) ;
#1015 = VERTEX_POINT ( 'NONE', #775 ) ;
#1016 = ORIENTED_EDGE ( 'NONE', *, *, #104, .F. ) ;
#1017 = ORIENTED_EDGE ( 'NONE', *, *, #506, .F. ) ;
#1018 = FACE_OUTER_BOUND ( 'NONE', #837, .T. ) ;
#1019 = EDGE_CURVE ( 'NONE', #1015, #337, #101, .T. ) ;
#1020 = CIRCLE ( 'NONE', #401, 1.400000000000000133 ) ;
#1021 = CARTESIAN_POINT ( 'NONE',  ( 0.000000000000000000, 40.00000000000000000, 0.000000000000000000 ) ) ;
#1022 = DIRECTION ( 'NONE',  ( 0.000000000000000000, -0.000000000000000000, 1.000000000000000000 ) ) ;
#1023 = CIRCLE ( 'NONE', #498, 2.000000000000001776 ) ;
#1024 = VECTOR ( 'NONE', #617, 1000.000000000000000 ) ;
#1025 = ORIENTED_EDGE ( 'NONE', *, *, #464, .T. ) ;
#1026 = EDGE_LOOP ( 'NONE', ( #1180, #78, #133, #1362 ) ) ;
#1027 = VERTEX_POINT ( 'NONE', #560 ) ;
#1028 = CARTESIAN_POINT ( 'NONE',  ( 33.09999999999999432, 37.50000000000000000, 4.835313436196405625E-15 ) ) ;
#1029 = DIRECTION ( 'NONE',  ( -1.000000000000000000, -0.000000000000000000, -0.000000000000000000 ) ) ;
#1030 = VERTEX_POINT ( 'NONE', #1214 ) ;
#1031 = DIRECTION ( 'NONE',  ( -1.000000000000000000, -0.000000000000000000, -0.000000000000000000 ) ) ;
#1032 = EDGE_CURVE ( 'NONE', #742, #490, #664, .T. ) ;
#1033 = CYLINDRICAL_SURFACE ( 'NONE', #1006, 3.499999999999999556 ) ;
#1034 = ORIENTED_EDGE ( 'NONE', *, *, #1165, .F. ) ;
#1035 = EDGE_LOOP ( 'NONE', ( #1034, #1174, #1112, #638 ) ) ;
#1036 = DIRECTION ( 'NONE',  ( -0.000000000000000000, -1.000000000000000000, -0.000000000000000000 ) ) ;
#1037 = DIRECTION ( 'NONE',  ( 1.000000000000000000, 0.000000000000000000, 0.000000000000000000 ) ) ;
#1038 = AXIS2_PLACEMENT_3D ( 'NONE', #1203, #642, #530 ) ;
#1039 = AXIS2_PLACEMENT_3D ( 'NONE', #213, #232, #989 ) ;
#1040 = CIRCLE ( 'NONE', #1172, 4.500000000000000888 ) ;
#1041 = DIRECTION ( 'NONE',  ( 0.000000000000000000, 0.000000000000000000, -1.000000000000000000 ) ) ;
#1042 = PLANE ( 'NONE',  #1446 ) ;
#1043 = DIRECTION ( 'NONE',  ( 1.000000000000000000, 0.000000000000000000, 0.000000000000000000 ) ) ;
#1044 = DIRECTION ( 'NONE',  ( 0.000000000000000000, 0.000000000000000000, -1.000000000000000000 ) ) ;
#1045 = AXIS2_PLACEMENT_3D ( 'NONE', #1065, #1092, #852 ) ;
#1046 = ORIENTED_EDGE ( 'NONE', *, *, #355, .F. ) ;
#1047 = EDGE_CURVE ( 'NONE', #1356, #37, #971, .T. ) ;
#1048 = ORIENTED_EDGE ( 'NONE', *, *, #651, .T. ) ;
#1049 = DIRECTION ( 'NONE',  ( 0.000000000000000000, -1.000000000000000000, 0.000000000000000000 ) ) ;
#1050 = CARTESIAN_POINT ( 'NONE',  ( 0.000000000000000000, 38.00000000000000000, 23.00000000000000000 ) ) ;
#1051 = ORIENTED_EDGE ( 'NONE', *, *, #790, .F. ) ;
#1052 = DIRECTION ( 'NONE',  ( 0.000000000000000000, 0.000000000000000000, 1.000000000000000000 ) ) ;
#1053 = DIRECTION ( 'NONE',  ( 0.000000000000000000, 0.000000000000000000, -1.000000000000000000 ) ) ;
#1054 = VECTOR ( 'NONE', #950, 1000.000000000000000 ) ;
#1055 = CIRCLE ( 'NONE', #1331, 1.400000000000000133 ) ;
#1056 = EDGE_LOOP ( 'NONE', ( #376, #4, #1227, #14, #433 ) ) ;
#1057 = FACE_OUTER_BOUND ( 'NONE', #1329, .T. ) ;
#1058 = EDGE_CURVE ( 'NONE', #335, #1027, #5, .T. ) ;
#1059 = ORIENTED_EDGE ( 'NONE', *, *, #683, .T. ) ;
#1060 = CARTESIAN_POINT ( 'NONE',  ( 15.69234365329975844, -0.09477934948165511742, 25.00000000000000000 ) ) ;
#1061 = DIRECTION ( 'NONE',  ( -1.000000000000000000, 0.000000000000000000, 0.000000000000000000 ) ) ;
#1062 = ORIENTED_EDGE ( 'NONE', *, *, #268, .F. ) ;
#1063 = CARTESIAN_POINT ( 'NONE',  ( -35.50000000000000000, 38.00000000000000000, 25.00000000000000000 ) ) ;
#1064 = DIRECTION ( 'NONE',  ( 0.000000000000000000, 0.000000000000000000, -1.000000000000000000 ) ) ;
#1065 = CARTESIAN_POINT ( 'NONE',  ( 20.69234365329975844, 9.973329475949979539, 25.00000000000000000 ) ) ;
#1066 = DIRECTION ( 'NONE',  ( 0.000000000000000000, 0.000000000000000000, -1.000000000000000000 ) ) ;
#1067 = CC_DESIGN_PERSON_AND_ORGANIZATION_ASSIGNMENT ( #601, #509, ( #1140 ) ) ;
#1068 = VECTOR ( 'NONE', #1177, 1000.000000000000000 ) ;
#1069 = VECTOR ( 'NONE', #922, 1000.000000000000000 ) ;
#1070 = DIRECTION ( 'NONE',  ( -0.000000000000000000, -1.000000000000000000, -0.000000000000000000 ) ) ;
#1071 = DIRECTION ( 'NONE',  ( 0.000000000000000000, 0.000000000000000000, -1.000000000000000000 ) ) ;
#1072 = SECURITY_CLASSIFICATION ( '', '', #623 ) ;
#1073 = ORIENTED_EDGE ( 'NONE', *, *, #1100, .T. ) ;
#1074 = FACE_OUTER_BOUND ( 'NONE', #884, .T. ) ;
#1075 = ORIENTED_EDGE ( 'NONE', *, *, #824, .T. ) ;
#1076 = FACE_OUTER_BOUND ( 'NONE', #1231, .T. ) ;
#1077 = DIRECTION ( 'NONE',  ( -1.000000000000000000, -0.000000000000000000, -0.000000000000000000 ) ) ;
#1078 =( BOUNDED_CURVE ( )  B_SPLINE_CURVE ( 3, ( #1098, #991, #539, #671 ),
 .UNSPECIFIED., .F., .F. ) 
 B_SPLINE_CURVE_WITH_KNOTS ( ( 4, 4 ),
 ( 3.141592653589793116, 4.712388980384691450 ),
 .UNSPECIFIED. ) 
 CURVE ( )  GEOMETRIC_REPRESENTATION_ITEM ( )  RATIONAL_B_SPLINE_CURVE ( ( 1.000000000000000000, 0.8047378541243646044, 0.8047378541243646044, 1.000000000000000000 ) ) 
 REPRESENTATION_ITEM ( '' )  );
#1079 = DIRECTION ( 'NONE',  ( -0.000000000000000000, -1.000000000000000000, -0.000000000000000000 ) ) ;
#1080 = DIRECTION ( 'NONE',  ( 0.000000000000000000, -0.000000000000000000, -1.000000000000000000 ) ) ;
#1081 = EDGE_CURVE ( 'NONE', #988, #723, #1020, .T. ) ;
#1082 = CALENDAR_DATE ( 2024, 21, 4 ) ;
#1083 = ORIENTED_EDGE ( 'NONE', *, *, #1165, .T. ) ;
#1084 = LINE ( 'NONE', #97, #1205 ) ;
#1085 = ORIENTED_EDGE ( 'NONE', *, *, #872, .T. ) ;
#1086 = CARTESIAN_POINT ( 'NONE',  ( 35.50000000000000000, 38.00000000000000000, 23.00000000000000000 ) ) ;
#1087 = LINE ( 'NONE', #1209, #1169 ) ;
#1088 = CARTESIAN_POINT ( 'NONE',  ( 33.09999999999999432, 0.000000000000000000, 20.50000000000000355 ) ) ;
#1089 = ADVANCED_FACE ( 'NONE', ( #6 ), #20, .F. ) ;
#1090 = VERTEX_POINT ( 'NONE', #604 ) ;
#1091 = CARTESIAN_POINT ( 'NONE',  ( 41.49999999999999289, 19.00000000000000000, -13.81834737784970457 ) ) ;
#1092 = DIRECTION ( 'NONE',  ( 0.000000000000000000, 0.000000000000000000, -1.000000000000000000 ) ) ;
#1093 = CARTESIAN_POINT ( 'NONE',  ( 0.000000000000000000, 0.000000000000000000, 0.000000000000000000 ) ) ;
#1094 = DIRECTION ( 'NONE',  ( -1.000000000000000000, 0.000000000000000000, 0.000000000000000000 ) ) ;
#1095 = FACE_OUTER_BOUND ( 'NONE', #21, .T. ) ;
#1096 = UNCERTAINTY_MEASURE_WITH_UNIT (LENGTH_MEASURE( 1.000000000000000082E-05 ), #942, 'distance_accuracy_value', 'NONE');
#1097 = VERTEX_POINT ( 'NONE', #499 ) ;
#1098 = CARTESIAN_POINT ( 'NONE',  ( -37.09999999999999432, 9.099255856654879793, -25.00000000000000000 ) ) ;
#1099 = VERTEX_POINT ( 'NONE', #1279 ) ;
#1100 = EDGE_CURVE ( 'NONE', #310, #660, #275, .T. ) ;
#1101 = DIRECTION ( 'NONE',  ( -1.000000000000000000, 0.000000000000000000, 0.000000000000000000 ) ) ;
#1102 = ORIENTED_EDGE ( 'NONE', *, *, #74, .T. ) ;
#1103 = DIRECTION ( 'NONE',  ( 0.000000000000000000, 0.000000000000000000, -1.000000000000000000 ) ) ;
#1104 = DIRECTION ( 'NONE',  ( 0.000000000000000000, -0.000000000000000000, 1.000000000000000000 ) ) ;
#1105 = CYLINDRICAL_SURFACE ( 'NONE', #1135, 2.000000000000001776 ) ;
#1106 = CARTESIAN_POINT ( 'NONE',  ( -35.09999999999998721, 0.000000000000000000, 0.000000000000000000 ) ) ;
#1107 = DIRECTION ( 'NONE',  ( 0.000000000000000000, 1.000000000000000000, 0.000000000000000000 ) ) ;
#1108 = EDGE_CURVE ( 'NONE', #335, #1354, #854, .T. ) ;
#1109 = AXIS2_PLACEMENT_3D ( 'NONE', #489, #1347, #1136 ) ;
#1110 = LINE ( 'NONE', #311, #575 ) ;
#1111 = CARTESIAN_POINT ( 'NONE',  ( -37.50000000000000000, 0.000000000000000000, 23.00000000000000000 ) ) ;
#1112 = ORIENTED_EDGE ( 'NONE', *, *, #1233, .F. ) ;
#1113 = AXIS2_PLACEMENT_3D ( 'NONE', #1164, #720, #629 ) ;
#1114 = ADVANCED_FACE ( 'NONE', ( #654 ), #546, .F. ) ;
#1115 = CARTESIAN_POINT ( 'NONE',  ( 37.50000000000000000, 19.00000000000000000, -9.318347377849704571 ) ) ;
#1116 = CIRCLE ( 'NONE', #416, 2.000000000000001776 ) ;
#1117 = CIRCLE ( 'NONE', #1321, 2.000000000000001776 ) ;
#1118 = APPROVAL_ROLE ( '' ) ;
#1119 = ORIENTED_EDGE ( 'NONE', *, *, #209, .T. ) ;
#1120 = PRODUCT ( 'protection cover', 'protection cover', '', ( #896 ) ) ;
#1121 = ORIENTED_EDGE ( 'NONE', *, *, #981, .T. ) ;
#1122 = DIRECTION ( 'NONE',  ( -1.000000000000000000, -0.000000000000000000, 0.000000000000000000 ) ) ;
#1123 = DIRECTION ( 'NONE',  ( -1.000000000000000000, 0.000000000000000000, 0.000000000000000000 ) ) ;
#1124 = EDGE_CURVE ( 'NONE', #830, #624, #1023, .T. ) ;
#1125 = LINE ( 'NONE', #684, #195 ) ;
#1126 = EDGE_LOOP ( 'NONE', ( #812, #422, #911, #687 ) ) ;
#1127 = FACE_OUTER_BOUND ( 'NONE', #1254, .T. ) ;
#1128 = DIRECTION ( 'NONE',  ( 0.000000000000000000, 0.000000000000000000, 1.000000000000000000 ) ) ;
#1129 = ADVANCED_FACE ( 'NONE', ( #1127 ), #230, .F. ) ;
#1130 = VERTEX_POINT ( 'NONE', #1063 ) ;
#1131 = CARTESIAN_POINT ( 'NONE',  ( 15.69234365329975844, -0.09477934948165511742, -12.49999999999999645 ) ) ;
#1132 = AXIS2_PLACEMENT_3D ( 'NONE', #163, #813, #1037 ) ;
#1133 = CALENDAR_DATE ( 2024, 21, 4 ) ;
#1134 = ORIENTED_EDGE ( 'NONE', *, *, #1363, .F. ) ;
#1135 = AXIS2_PLACEMENT_3D ( 'NONE', #241, #701, #233 ) ;
#1136 = DIRECTION ( 'NONE',  ( 0.000000000000000000, 0.000000000000000000, 1.000000000000000000 ) ) ;
#1137 = ORIENTED_EDGE ( 'NONE', *, *, #162, .F. ) ;
#1138 = ADVANCED_FACE ( 'NONE', ( #59 ), #844, .T. ) ;
#1139 = ORIENTED_EDGE ( 'NONE', *, *, #981, .F. ) ;
#1140 = PRODUCT_DEFINITION_FORMATION_WITH_SPECIFIED_SOURCE ( 'ANY', '', #1120, .NOT_KNOWN. ) ;
#1141 = DIRECTION ( 'NONE',  ( 0.000000000000000000, 0.000000000000000000, -1.000000000000000000 ) ) ;
#1142 = DIRECTION ( 'NONE',  ( 0.000000000000000000, -1.000000000000000000, 0.000000000000000000 ) ) ;
#1143 = FACE_OUTER_BOUND ( 'NONE', #352, .T. ) ;
#1144 = FACE_BOUND ( 'NONE', #1014, .T. ) ;
#1145 = FACE_OUTER_BOUND ( 'NONE', #1035, .T. ) ;
#1146 = APPROVAL_DATE_TIME ( #703, #569 ) ;
#1147 = DIRECTION ( 'NONE',  ( -0.000000000000000000, 0.000000000000000000, -1.000000000000000000 ) ) ;
#1148 = CARTESIAN_POINT ( 'NONE',  ( 41.49999999999999289, 19.00000000000000000, -13.81834737784970457 ) ) ;
#1149 = ORIENTED_EDGE ( 'NONE', *, *, #1193, .F. ) ;
#1150 = EDGE_LOOP ( 'NONE', ( #709, #1046, #436, #1221 ) ) ;
#1151 = ORIENTED_EDGE ( 'NONE', *, *, #1248, .T. ) ;
#1152 = CARTESIAN_POINT ( 'NONE',  ( 20.69234365329975844, 9.973329475949979539, -12.49999999999999645 ) ) ;
#1153 = EDGE_CURVE ( 'NONE', #927, #146, #7, .T. ) ;
#1154 = ORIENTED_EDGE ( 'NONE', *, *, #891, .T. ) ;
#1155 = CIRCLE ( 'NONE', #284, 2.000000000000001776 ) ;
#1156 = ADVANCED_FACE ( 'NONE', ( #652 ), #889, .F. ) ;
#1157 = DIRECTION ( 'NONE',  ( -1.000000000000000000, 0.000000000000000000, -1.460819769243626391E-16 ) ) ;
#1158 = AXIS2_PLACEMENT_3D ( 'NONE', #76, #1313, #874 ) ;
#1159 = ORIENTED_EDGE ( 'NONE', *, *, #106, .F. ) ;
#1160 = FACE_OUTER_BOUND ( 'NONE', #463, .T. ) ;
#1161 = ORIENTED_EDGE ( 'NONE', *, *, #255, .T. ) ;
#1162 = DIRECTION ( 'NONE',  ( 0.000000000000000000, 0.000000000000000000, 1.000000000000000000 ) ) ;
#1163 = PRODUCT_RELATED_PRODUCT_CATEGORY ( 'detail', '', ( #1120 ) ) ;
#1164 = CARTESIAN_POINT ( 'NONE',  ( 25.69234365329975844, 9.973329475949979539, 22.50000000000000711 ) ) ;
#1165 = EDGE_CURVE ( 'NONE', #1264, #1319, #1078, .T. ) ;
#1166 = CARTESIAN_POINT ( 'NONE',  ( -35.09999999999999432, 8.371315388122489765, -22.99999999999999645 ) ) ;
#1167 = PERSON_AND_ORGANIZATION ( #987, #792 ) ;
#1168 = ORIENTED_EDGE ( 'NONE', *, *, #1081, .T. ) ;
#1169 = VECTOR ( 'NONE', #1103, 1000.000000000000000 ) ;
#1170 = ORIENTED_EDGE ( 'NONE', *, *, #992, .F. ) ;
#1171 = CARTESIAN_POINT ( 'NONE',  ( -33.09999999999999432, 37.50000000000000000, 20.50000000000000355 ) ) ;
#1172 = AXIS2_PLACEMENT_3D ( 'NONE', #11, #1123, #909 ) ;
#1173 = VECTOR ( 'NONE', #118, 1000.000000000000000 ) ;
#1174 = ORIENTED_EDGE ( 'NONE', *, *, #924, .F. ) ;
#1175 = CARTESIAN_POINT ( 'NONE',  ( 15.69234365329975844, 2.000000000000001776, 23.00000000000000000 ) ) ;
#1176 = DIRECTION ( 'NONE',  ( 1.460819769243627131E-16, -0.000000000000000000, -1.000000000000000000 ) ) ;
#1177 = DIRECTION ( 'NONE',  ( -1.000000000000000000, -0.000000000000000000, -0.000000000000000000 ) ) ;
#1178 = EDGE_CURVE ( 'NONE', #1130, #349, #594, .T. ) ;
#1179 = ORIENTED_EDGE ( 'NONE', *, *, #956, .F. ) ;
#1180 = ORIENTED_EDGE ( 'NONE', *, *, #418, .F. ) ;
#1181 = DIRECTION ( 'NONE',  ( 0.000000000000000000, 0.000000000000000000, 1.000000000000000000 ) ) ;
#1182 = ORIENTED_EDGE ( 'NONE', *, *, #861, .F. ) ;
#1183 = DIRECTION ( 'NONE',  ( -1.000000000000000000, -0.000000000000000000, -0.000000000000000000 ) ) ;
#1184 = VECTOR ( 'NONE', #1029, 1000.000000000000000 ) ;
#1185 = AXIS2_PLACEMENT_3D ( 'NONE', #121, #116, #134 ) ;
#1186 = AXIS2_PLACEMENT_3D ( 'NONE', #1088, #307, #531 ) ;
#1187 = DIRECTION ( 'NONE',  ( 0.000000000000000000, 0.000000000000000000, 1.000000000000000000 ) ) ;
#1188 = EDGE_CURVE ( 'NONE', #1130, #1232, #204, .T. ) ;
#1189 = CARTESIAN_POINT ( 'NONE',  ( 41.49999999999999289, 19.00000000000000000, -10.31834737784970457 ) ) ;
#1190 = DIRECTION ( 'NONE',  ( 1.460819769243627131E-16, 0.000000000000000000, -1.000000000000000000 ) ) ;
#1191 = AXIS2_PLACEMENT_3D ( 'NONE', #588, #378, #718 ) ;
#1192 = VERTEX_POINT ( 'NONE', #107 ) ;
#1193 = EDGE_CURVE ( 'NONE', #742, #1438, #908, .T. ) ;
#1194 = CARTESIAN_POINT ( 'NONE',  ( -35.10000000000000142, -2.844693917454462095, 7.815732303466170983 ) ) ;
#1195 = VECTOR ( 'NONE', #17, 1000.000000000000000 ) ;
#1196 = DIRECTION ( 'NONE',  ( 1.000000000000000000, 0.000000000000000000, 0.000000000000000000 ) ) ;
#1197 = DIRECTION ( 'NONE',  ( 0.000000000000000000, -1.000000000000000000, 0.000000000000000000 ) ) ;
#1198 = ORIENTED_EDGE ( 'NONE', *, *, #457, .F. ) ;
#1199 = AXIS2_PLACEMENT_3D ( 'NONE', #186, #100, #273 ) ;
#1200 = CARTESIAN_POINT ( 'NONE',  ( -33.09999999999999432, 35.50000000000000000, -23.00000000000000000 ) ) ;
#1201 = ADVANCED_FACE ( 'NONE', ( #1143 ), #1042, .F. ) ;
#1202 = DIRECTION ( 'NONE',  ( -1.000000000000000000, 0.000000000000000000, 0.000000000000000000 ) ) ;
#1203 = CARTESIAN_POINT ( 'NONE',  ( 33.09999999999999432, 35.50000000000000000, 4.835313436196405625E-15 ) ) ;
#1204 = FACE_OUTER_BOUND ( 'NONE', #916, .T. ) ;
#1205 = VECTOR ( 'NONE', #984, 1000.000000000000000 ) ;
#1206 = CARTESIAN_POINT ( 'NONE',  ( 35.10000000000000142, 37.50000000000000000, 20.50000000000000355 ) ) ;
#1207 = FACE_OUTER_BOUND ( 'NONE', #516, .T. ) ;
#1208 = VERTEX_POINT ( 'NONE', #931 ) ;
#1209 = CARTESIAN_POINT ( 'NONE',  ( 37.50000000000000000, 0.000000000000000000, 25.00000000000000000 ) ) ;
#1210 = CC_DESIGN_PERSON_AND_ORGANIZATION_ASSIGNMENT ( #631, #524, ( #1140 ) ) ;
#1211 = PLANE ( 'NONE',  #1287 ) ;
#1212 = EDGE_CURVE ( 'NONE', #612, #335, #1245, .T. ) ;
#1213 = DIRECTION ( 'NONE',  ( -1.000000000000000000, 0.000000000000000000, -0.000000000000000000 ) ) ;
#1214 = CARTESIAN_POINT ( 'NONE',  ( -35.09999999999999432, 35.50000000000000000, -23.00000000000000000 ) ) ;
#1215 = SPHERICAL_SURFACE ( 'NONE', #649, 2.000000000000000000 ) ;
#1216 = CARTESIAN_POINT ( 'NONE',  ( -35.50000000000000000, 38.00000000000000000, 0.000000000000000000 ) ) ;
#1217 = CARTESIAN_POINT ( 'NONE',  ( -37.09999999999999432, 40.00000000000000000, -25.00000000000000000 ) ) ;
#1218 = EDGE_CURVE ( 'NONE', #279, #941, #140, .T. ) ;
#1219 = CARTESIAN_POINT ( 'NONE',  ( -35.50000000000000000, 38.00000000000000000, 23.00000000000000000 ) ) ;
#1220 = FACE_OUTER_BOUND ( 'NONE', #552, .T. ) ;
#1221 = ORIENTED_EDGE ( 'NONE', *, *, #694, .F. ) ;
#1222 = DIRECTION ( 'NONE',  ( 0.000000000000000000, 0.000000000000000000, 1.000000000000000000 ) ) ;
#1223 = CARTESIAN_POINT ( 'NONE',  ( 35.50000000000000000, 40.00000000000000000, 25.00000000000000000 ) ) ;
#1224 = CYLINDRICAL_SURFACE ( 'NONE', #79, 2.000000000000001776 ) ;
#1225 = CC_DESIGN_DATE_AND_TIME_ASSIGNMENT ( #850, #161, ( #1072 ) ) ;
#1226 = ORIENTED_EDGE ( 'NONE', *, *, #1273, .T. ) ;
#1227 = ORIENTED_EDGE ( 'NONE', *, *, #278, .F. ) ;
#1228 = PLANE ( 'NONE',  #1039 ) ;
#1229 = DIRECTION ( 'NONE',  ( 0.000000000000000000, 0.000000000000000000, 1.000000000000000000 ) ) ;
#1230 = DIRECTION ( 'NONE',  ( -1.000000000000000000, 0.000000000000000000, 0.000000000000000000 ) ) ;
#1231 = EDGE_LOOP ( 'NONE', ( #1226, #585, #667, #1051, #732 ) ) ;
#1232 = VERTEX_POINT ( 'NONE', #259 ) ;
#1233 = EDGE_CURVE ( 'NONE', #1030, #128, #379, .T. ) ;
#1234 = DIRECTION ( 'NONE',  ( 0.000000000000000000, -0.000000000000000000, -1.000000000000000000 ) ) ;
#1235 = CIRCLE ( 'NONE', #270, 2.000000000000001776 ) ;
#1236 = VERTEX_POINT ( 'NONE', #19 ) ;
#1237 = PLANE ( 'NONE',  #482 ) ;
#1238 = ADVANCED_FACE ( 'NONE', ( #928 ), #45, .T. ) ;
#1239 = DIRECTION ( 'NONE',  ( -0.000000000000000000, -0.000000000000000000, -1.000000000000000000 ) ) ;
#1240 = DIRECTION ( 'NONE',  ( 1.000000000000000000, -0.000000000000000000, -0.000000000000000000 ) ) ;
#1241 = EDGE_LOOP ( 'NONE', ( #749, #1179, #364, #999, #38, #1443, #584, #1249, #721, #512 ) ) ;
#1242 = VECTOR ( 'NONE', #1300, 1000.000000000000000 ) ;
#1243 = CARTESIAN_POINT ( 'NONE',  ( -37.09999999999999432, 35.50000000000000000, -23.00000000000000000 ) ) ;
#1244 = LINE ( 'NONE', #338, #716 ) ;
#1245 = CIRCLE ( 'NONE', #996, 2.000000000000001776 ) ;
#1246 = APPROVAL ( #953, 'UNSPECIFIED' ) ;
#1247 = PLANE ( 'NONE',  #1435 ) ;
#1248 = EDGE_CURVE ( 'NONE', #384, #797, #91, .T. ) ;
#1249 = ORIENTED_EDGE ( 'NONE', *, *, #1308, .T. ) ;
#1250 = EDGE_LOOP ( 'NONE', ( #469, #969, #1102, #1255 ) ) ;
#1251 = LINE ( 'NONE', #1259, #1357 ) ;
#1252 = CARTESIAN_POINT ( 'NONE',  ( 41.49999999999999289, 19.00000000000000000, -13.81834737784970457 ) ) ;
#1253 = CALENDAR_DATE ( 2024, 21, 4 ) ;
#1254 = EDGE_LOOP ( 'NONE', ( #1134, #1258, #592, #715 ) ) ;
#1255 = ORIENTED_EDGE ( 'NONE', *, *, #1188, .F. ) ;
#1256 = ADVANCED_FACE ( 'NONE', ( #1207 ), #194, .T. ) ;
#1257 = VERTEX_POINT ( 'NONE', #350 ) ;
#1258 = ORIENTED_EDGE ( 'NONE', *, *, #824, .F. ) ;
#1259 = CARTESIAN_POINT ( 'NONE',  ( -35.10000000000000142, 0.000000000000000000, 20.50000000000000355 ) ) ;
#1260 = CARTESIAN_POINT ( 'NONE',  ( 33.10000000000000142, 39.50000000000000000, -23.00000000000000000 ) ) ;
#1261 = CARTESIAN_POINT ( 'NONE',  ( -37.50000000000000000, 0.000000000000000000, 23.00000000000000000 ) ) ;
#1262 = ORIENTED_EDGE ( 'NONE', *, *, #1401, .T. ) ;
#1263 = ORIENTED_EDGE ( 'NONE', *, *, #1100, .F. ) ;
#1264 = VERTEX_POINT ( 'NONE', #772 ) ;
#1265 = ORIENTED_EDGE ( 'NONE', *, *, #1047, .F. ) ;
#1266 = EDGE_CURVE ( 'NONE', #1099, #1354, #471, .T. ) ;
#1267 = AXIS2_PLACEMENT_3D ( 'NONE', #81, #71, #1202 ) ;
#1268 = PLANE ( 'NONE',  #856 ) ;
#1269 = CARTESIAN_POINT ( 'NONE',  ( -33.09999999999999432, 35.50000000000000000, 20.50000000000000355 ) ) ;
#1270 = LINE ( 'NONE', #31, #763 ) ;
#1271 = ORIENTED_EDGE ( 'NONE', *, *, #1273, .F. ) ;
#1272 = DIRECTION ( 'NONE',  ( 0.000000000000000000, 0.000000000000000000, 1.000000000000000000 ) ) ;
#1273 = EDGE_CURVE ( 'NONE', #1392, #86, #170, .T. ) ;
#1274 = CARTESIAN_POINT ( 'NONE',  ( -35.10000000000000142, 35.50000000000000000, 22.50000000000000355 ) ) ;
#1275 = ORIENTED_EDGE ( 'NONE', *, *, #1286, .T. ) ;
#1276 = ORIENTED_EDGE ( 'NONE', *, *, #74, .F. ) ;
#1277 = AXIS2_PLACEMENT_3D ( 'NONE', #105, #626, #1064 ) ;
#1278 = ORIENTED_EDGE ( 'NONE', *, *, #736, .F. ) ;
#1279 = CARTESIAN_POINT ( 'NONE',  ( -33.09999999999998721, 37.50000000000000000, -23.00000000000000000 ) ) ;
#1280 = ORIENTED_EDGE ( 'NONE', *, *, #305, .T. ) ;
#1281 = LINE ( 'NONE', #951, #1068 ) ;
#1282 = LINE ( 'NONE', #659, #746 ) ;
#1283 = ORIENTED_EDGE ( 'NONE', *, *, #1370, .T. ) ;
#1284 = DIRECTION ( 'NONE',  ( -1.000000000000000000, 0.000000000000000000, -0.000000000000000000 ) ) ;
#1285 = VECTOR ( 'NONE', #1122, 1000.000000000000000 ) ;
#1286 = EDGE_CURVE ( 'NONE', #125, #478, #1420, .T. ) ;
#1287 = AXIS2_PLACEMENT_3D ( 'NONE', #83, #95, #1104 ) ;
#1288 = ORIENTED_EDGE ( 'NONE', *, *, #956, .T. ) ;
#1289 = EDGE_LOOP ( 'NONE', ( #1439, #382, #119, #438 ) ) ;
#1290 = DIRECTION ( 'NONE',  ( 0.000000000000000000, 0.000000000000000000, 1.000000000000000000 ) ) ;
#1291 = CARTESIAN_POINT ( 'NONE',  ( 41.49999999999998579, 9.099255856654876240, -25.00000000000000000 ) ) ;
#1292 = DIRECTION ( 'NONE',  ( 0.000000000000000000, 0.000000000000000000, -1.000000000000000000 ) ) ;
#1293 = PERSON_AND_ORGANIZATION_ROLE ( 'classification_officer' ) ;
#1294 = ORIENTED_EDGE ( 'NONE', *, *, #1212, .T. ) ;
#1295 = DIRECTION ( 'NONE',  ( 1.000000000000000000, 0.000000000000000000, -0.000000000000000000 ) ) ;
#1296 = EDGE_CURVE ( 'NONE', #830, #1356, #263, .T. ) ;
#1297 = CARTESIAN_POINT ( 'NONE',  ( 30.69234365329975844, 0.000000000000000000, 22.50000000000000355 ) ) ;
#1298 = AXIS2_PLACEMENT_3D ( 'NONE', #1398, #734, #261 ) ;
#1299 = AXIS2_PLACEMENT_3D ( 'NONE', #563, #1003, #1447 ) ;
#1300 = DIRECTION ( 'NONE',  ( -1.000000000000000000, -0.000000000000000000, -0.000000000000000000 ) ) ;
#1301 = ORIENTED_EDGE ( 'NONE', *, *, #1266, .F. ) ;
#1302 = DIRECTION ( 'NONE',  ( 1.000000000000000000, 0.000000000000000000, 0.000000000000000000 ) ) ;
#1303 = DIRECTION ( 'NONE',  ( 0.000000000000000000, -0.000000000000000000, 1.000000000000000000 ) ) ;
#1304 = COORDINATED_UNIVERSAL_TIME_OFFSET ( 5, 30, .AHEAD. ) ;
#1305 = CYLINDRICAL_SURFACE ( 'NONE', #553, 2.000000000000001776 ) ;
#1306 = CC_DESIGN_DATE_AND_TIME_ASSIGNMENT ( #583, #227, ( #312 ) ) ;
#1307 = ORIENTED_EDGE ( 'NONE', *, *, #894, .T. ) ;
#1308 = EDGE_CURVE ( 'NONE', #755, #624, #215, .T. ) ;
#1309 = CARTESIAN_POINT ( 'NONE',  ( 15.69234365329975844, 0.000000000000000000, 22.50000000000000355 ) ) ;
#1310 = FACE_OUTER_BOUND ( 'NONE', #500, .T. ) ;
#1311 = AXIS2_PLACEMENT_3D ( 'NONE', #645, #315, #1222 ) ;
#1312 = AXIS2_PLACEMENT_3D ( 'NONE', #1400, #67, #1377 ) ;
#1313 = DIRECTION ( 'NONE',  ( -0.000000000000000000, 0.9396926207859106484, 0.3420201433256626622 ) ) ;
#1314 = AXIS2_PLACEMENT_3D ( 'NONE', #366, #487, #821 ) ;
#1315 = DIRECTION ( 'NONE',  ( 0.000000000000000000, 0.000000000000000000, 1.000000000000000000 ) ) ;
#1316 = LINE ( 'NONE', #538, #1361 ) ;
#1317 = ADVANCED_FACE ( 'NONE', ( #1145 ), #132, .T. ) ;
#1318 = DIRECTION ( 'NONE',  ( -0.000000000000000000, 1.000000000000000000, -0.000000000000000000 ) ) ;
#1319 = VERTEX_POINT ( 'NONE', #1166 ) ;
#1320 = AXIS2_PLACEMENT_3D ( 'NONE', #1416, #189, #636 ) ;
#1321 = AXIS2_PLACEMENT_3D ( 'NONE', #131, #1022, #809 ) ;
#1322 = DIRECTION ( 'NONE',  ( 1.000000000000000000, 0.000000000000000000, 0.000000000000000000 ) ) ;
#1323 = CARTESIAN_POINT ( 'NONE',  ( 41.49999999999999289, 19.00000000000000000, -16.31834737784970457 ) ) ;
#1324 = ORIENTED_EDGE ( 'NONE', *, *, #780, .T. ) ;
#1325 = LINE ( 'NONE', #224, #1444 ) ;
#1326 = CARTESIAN_POINT ( 'NONE',  ( -35.50000000000000000, 38.00000000000000000, 23.00000000000000000 ) ) ;
#1327 = CARTESIAN_POINT ( 'NONE',  ( 40.49999999999999289, 19.00000000000000000, -16.31834737784970457 ) ) ;
#1328 = DIRECTION ( 'NONE',  ( 1.000000000000000000, 0.000000000000000000, 0.000000000000000000 ) ) ;
#1329 = EDGE_LOOP ( 'NONE', ( #602, #713, #907, #1121 ) ) ;
#1330 = EDGE_CURVE ( 'NONE', #660, #470, #169, .T. ) ;
#1331 = AXIS2_PLACEMENT_3D ( 'NONE', #1091, #85, #1071 ) ;
#1332 = DIRECTION ( 'NONE',  ( 1.000000000000000000, -0.000000000000000000, 0.000000000000000000 ) ) ;
#1333 = DIRECTION ( 'NONE',  ( -1.000000000000000000, 0.000000000000000000, 0.000000000000000000 ) ) ;
#1334 = DIRECTION ( 'NONE',  ( -1.000000000000000000, 0.000000000000000000, 0.000000000000000000 ) ) ;
#1335 = ORIENTED_EDGE ( 'NONE', *, *, #1445, .T. ) ;
#1336 = ADVANCED_FACE ( 'NONE', ( #1204 ), #1211, .F. ) ;
#1337 = ORIENTED_EDGE ( 'NONE', *, *, #226, .T. ) ;
#1338 = CIRCLE ( 'NONE', #675, 3.499999999999999556 ) ;
#1339 = LINE ( 'NONE', #1451, #833 ) ;
#1340 = CARTESIAN_POINT ( 'NONE',  ( 33.09999999999999432, 35.50000000000000000, -23.00000000000000000 ) ) ;
#1341 = EDGE_LOOP ( 'NONE', ( #157, #1324, #426, #1048, #281 ) ) ;
#1342 =( GEOMETRIC_REPRESENTATION_CONTEXT ( 3 ) GLOBAL_UNCERTAINTY_ASSIGNED_CONTEXT ( ( #1096 ) ) GLOBAL_UNIT_ASSIGNED_CONTEXT ( ( #942, #164, #632 ) ) REPRESENTATION_CONTEXT ( 'NONE', 'WORKASPACE' ) );
#1343 = CC_DESIGN_PERSON_AND_ORGANIZATION_ASSIGNMENT ( #1397, #1293, ( #1072 ) ) ;
#1344 = EDGE_CURVE ( 'NONE', #1393, #591, #1055, .T. ) ;
#1345 = DIRECTION ( 'NONE',  ( 1.000000000000000000, 0.000000000000000000, 0.000000000000000000 ) ) ;
#1346 = ORIENTED_EDGE ( 'NONE', *, *, #1153, .T. ) ;
#1347 = DIRECTION ( 'NONE',  ( 0.000000000000000000, 1.000000000000000000, -0.000000000000000000 ) ) ;
#1348 = ORIENTED_EDGE ( 'NONE', *, *, #1308, .F. ) ;
#1349 = DIRECTION ( 'NONE',  ( 0.000000000000000000, 0.000000000000000000, 1.000000000000000000 ) ) ;
#1350 = LINE ( 'NONE', #1365, #1184 ) ;
#1351 = FACE_OUTER_BOUND ( 'NONE', #1056, .T. ) ;
#1352 = EDGE_CURVE ( 'NONE', #557, #1236, #515, .T. ) ;
#1353 = COORDINATED_UNIVERSAL_TIME_OFFSET ( 5, 30, .AHEAD. ) ;
#1354 = VERTEX_POINT ( 'NONE', #292 ) ;
#1355 = DIRECTION ( 'NONE',  ( 1.000000000000000000, 0.000000000000000000, 0.000000000000000000 ) ) ;
#1356 = VERTEX_POINT ( 'NONE', #184 ) ;
#1357 = VECTOR ( 'NONE', #700, 1000.000000000000000 ) ;
#1358 = CARTESIAN_POINT ( 'NONE',  ( -37.50000000000000000, 0.000000000000000000, 23.00000000000000000 ) ) ;
#1359 = EDGE_LOOP ( 'NONE', ( #735, #540, #367, #1263 ) ) ;
#1360 = CARTESIAN_POINT ( 'NONE',  ( 35.10000000000000853, 8.797733041988530900, -24.17157287525380482 ) ) ;
#1361 = VECTOR ( 'NONE', #1411, 1000.000000000000000 ) ;
#1362 = ORIENTED_EDGE ( 'NONE', *, *, #752, .F. ) ;
#1363 = EDGE_CURVE ( 'NONE', #620, #485, #9, .T. ) ;
#1364 = DIRECTION ( 'NONE',  ( 0.000000000000000000, 0.000000000000000000, 1.000000000000000000 ) ) ;
#1365 = CARTESIAN_POINT ( 'NONE',  ( -35.10000000000000142, 0.000000000000000000, 22.50000000000000355 ) ) ;
#1366 = ORIENTED_EDGE ( 'NONE', *, *, #130, .T. ) ;
#1367 = CARTESIAN_POINT ( 'NONE',  ( 35.50000000000000000, 2.000000000000001776, 25.00000000000000000 ) ) ;
#1368 = LINE ( 'NONE', #370, #218 ) ;
#1369 = ORIENTED_EDGE ( 'NONE', *, *, #663, .T. ) ;
#1370 = EDGE_CURVE ( 'NONE', #558, #430, #1244, .T. ) ;
#1371 = ORIENTED_EDGE ( 'NONE', *, *, #1286, .F. ) ;
#1372 = VECTOR ( 'NONE', #452, 1000.000000000000000 ) ;
#1373 = TOROIDAL_SURFACE ( 'NONE', #640, 2.499999999999999556, 1.000000000000000000 ) ;
#1374 = CARTESIAN_POINT ( 'NONE',  ( 33.09999999999999432, 35.50000000000000000, -23.00000000000000000 ) ) ;
#1375 = DIRECTION ( 'NONE',  ( 0.000000000000000000, -1.000000000000000000, 0.000000000000000000 ) ) ;
#1376 = ORIENTED_EDGE ( 'NONE', *, *, #258, .T. ) ;
#1377 = DIRECTION ( 'NONE',  ( 0.000000000000000000, 0.000000000000000000, -1.000000000000000000 ) ) ;
#1378 = VERTEX_POINT ( 'NONE', #458 ) ;
#1379 = EDGE_CURVE ( 'NONE', #310, #245, #68, .T. ) ;
#1380 = VERTEX_POINT ( 'NONE', #982 ) ;
#1381 = DIRECTION ( 'NONE',  ( -0.000000000000000000, 1.000000000000000000, -0.000000000000000000 ) ) ;
#1382 = ORIENTED_EDGE ( 'NONE', *, *, #872, .F. ) ;
#1383 = FACE_OUTER_BOUND ( 'NONE', #676, .T. ) ;
#1384 = CARTESIAN_POINT ( 'NONE',  ( -36.67157287525380838, 0.8284271247461921783, 25.00000000000000000 ) ) ;
#1385 = TOROIDAL_SURFACE ( 'NONE', #80, 4.000000000000000000, 2.000000000000000000 ) ;
#1386 = ORIENTED_EDGE ( 'NONE', *, *, #910, .T. ) ;
#1387 = CARTESIAN_POINT ( 'NONE',  ( 35.10000000000000142, -2.844693917454462095, 7.815732303466170983 ) ) ;
#1388 = CARTESIAN_POINT ( 'NONE',  ( 40.49999999999999289, 19.00000000000000000, -13.81834737784970457 ) ) ;
#1389 = LINE ( 'NONE', #396, #787 ) ;
#1390 = EDGE_CURVE ( 'NONE', #245, #927, #886, .T. ) ;
#1391 = CARTESIAN_POINT ( 'NONE',  ( 35.10000000000000853, 19.00000000000000000, -12.41834737784970422 ) ) ;
#1392 = VERTEX_POINT ( 'NONE', #139 ) ;
#1393 = VERTEX_POINT ( 'NONE', #817 ) ;
#1394 = FACE_OUTER_BOUND ( 'NONE', #46, .T. ) ;
#1395 = AXIS2_PLACEMENT_3D ( 'NONE', #1152, #918, #136 ) ;
#1396 = ADVANCED_FACE ( 'NONE', ( #239 ), #808, .T. ) ;
#1397 = PERSON_AND_ORGANIZATION ( #987, #792 ) ;
#1398 = CARTESIAN_POINT ( 'NONE',  ( 35.50000000000000000, 38.00000000000000000, 23.00000000000000000 ) ) ;
#1399 = AXIS2_PLACEMENT_3D ( 'NONE', #921, #726, #197 ) ;
#1400 = CARTESIAN_POINT ( 'NONE',  ( 37.10000000000000853, 37.50000000000000000, -22.99999999999999645 ) ) ;
#1401 = EDGE_CURVE ( 'NONE', #815, #349, #247, .T. ) ;
#1402 = AXIS2_PLACEMENT_3D ( 'NONE', #1243, #688, #968 ) ;
#1403 = ORIENTED_EDGE ( 'NONE', *, *, #842, .F. ) ;
#1404 = ORIENTED_EDGE ( 'NONE', *, *, #758, .T. ) ;
#1405 = LINE ( 'NONE', #411, #175 ) ;
#1406 = CIRCLE ( 'NONE', #153, 2.000000000000001776 ) ;
#1407 = ADVANCED_FACE ( 'NONE', ( #40 ), #543, .T. ) ;
#1408 = VECTOR ( 'NONE', #446, 1000.000000000000000 ) ;
#1409 = CIRCLE ( 'NONE', #1298, 2.000000000000001776 ) ;
#1410 = AXIS2_PLACEMENT_3D ( 'NONE', #1216, #1229, #1322 ) ;
#1411 = DIRECTION ( 'NONE',  ( 0.000000000000000000, -1.000000000000000000, 0.000000000000000000 ) ) ;
#1412 = CARTESIAN_POINT ( 'NONE',  ( 15.69234365329975844, 9.973329475949979539, 25.00000000000000000 ) ) ;
#1413 = DIRECTION ( 'NONE',  ( 0.000000000000000000, 0.000000000000000000, 1.000000000000000000 ) ) ;
#1414 = CARTESIAN_POINT ( 'NONE',  ( 35.10000000000000142, 37.50000000000000000, 22.50000000000000355 ) ) ;
#1415 = ADVANCED_FACE ( 'NONE', ( #609 ), #369, .T. ) ;
#1416 = CARTESIAN_POINT ( 'NONE',  ( -37.50000000000000000, 2.000000000000001776, 23.00000000000000000 ) ) ;
#1417 = FACE_BOUND ( 'NONE', #289, .T. ) ;
#1418 = AXIS2_PLACEMENT_3D ( 'NONE', #492, #1142, #465 ) ;
#1419 = ORIENTED_EDGE ( 'NONE', *, *, #305, .F. ) ;
#1420 = CIRCLE ( 'NONE', #1314, 4.500000000000000888 ) ;
#1421 = ORIENTED_EDGE ( 'NONE', *, *, #1153, .F. ) ;
#1422 = DIRECTION ( 'NONE',  ( 1.000000000000000000, -0.000000000000000000, -0.000000000000000000 ) ) ;
#1423 = CARTESIAN_POINT ( 'NONE',  ( 33.09999999999999432, 35.50000000000000000, -25.00000000000000000 ) ) ;
#1424 = ORIENTED_EDGE ( 'NONE', *, *, #574, .T. ) ;
#1425 = PLANE ( 'NONE',  #1434 ) ;
#1426 = EDGE_CURVE ( 'NONE', #252, #558, #32, .T. ) ;
#1427 = CARTESIAN_POINT ( 'NONE',  ( 40.49999999999999289, 19.00000000000000000, -13.81834737784970457 ) ) ;
#1428 = DIRECTION ( 'NONE',  ( 0.000000000000000000, -1.000000000000000000, 0.000000000000000000 ) ) ;
#1429 = PERSON_AND_ORGANIZATION_ROLE ( 'design_owner' ) ;
#1430 = ORIENTED_EDGE ( 'NONE', *, *, #182, .F. ) ;
#1431 = LINE ( 'NONE', #761, #805 ) ;
#1432 = CARTESIAN_POINT ( 'NONE',  ( 37.50000000000000000, 38.00000000000000000, 23.00000000000000000 ) ) ;
#1433 = ORIENTED_EDGE ( 'NONE', *, *, #474, .T. ) ;
#1434 = AXIS2_PLACEMENT_3D ( 'NONE', #82, #658, #61 ) ;
#1435 = AXIS2_PLACEMENT_3D ( 'NONE', #363, #123, #1128 ) ;
#1436 = DIRECTION ( 'NONE',  ( 0.000000000000000000, 0.000000000000000000, -1.000000000000000000 ) ) ;
#1437 = EDGE_CURVE ( 'NONE', #742, #831, #714, .T. ) ;
#1438 = VERTEX_POINT ( 'NONE', #518 ) ;
#1439 = ORIENTED_EDGE ( 'NONE', *, *, #758, .F. ) ;
#1440 = CARTESIAN_POINT ( 'NONE',  ( 26.49999999999999645, 19.00000000000000000, -12.41834737784970422 ) ) ;
#1441 = FACE_OUTER_BOUND ( 'NONE', #43, .T. ) ;
#1442 = ADVANCED_FACE ( 'NONE', ( #1076 ), #304, .F. ) ;
#1443 = ORIENTED_EDGE ( 'NONE', *, *, #474, .F. ) ;
#1444 = VECTOR ( 'NONE', #823, 1000.000000000000000 ) ;
#1445 = EDGE_CURVE ( 'NONE', #807, #37, #573, .T. ) ;
#1446 = AXIS2_PLACEMENT_3D ( 'NONE', #1021, #818, #361 ) ;
#1447 = DIRECTION ( 'NONE',  ( 0.000000000000000000, 0.000000000000000000, -1.000000000000000000 ) ) ;
#1448 = DIRECTION ( 'NONE',  ( -1.000000000000000000, -0.000000000000000000, -0.000000000000000000 ) ) ;
#1449 = APPROVAL ( #205, 'UNSPECIFIED' ) ;
#1450 = EDGE_CURVE ( 'NONE', #1236, #1208, #633, .T. ) ;
#1451 = CARTESIAN_POINT ( 'NONE',  ( -37.50000000000000000, 40.00000000000000000, -25.00000000000000000 ) ) ;
#1452 = ORIENTED_EDGE ( 'NONE', *, *, #1248, .F. ) ;
#1453 = LOCAL_TIME ( 20, 51, 2.000000000000000000, #108 ) ;
#1454 = DIRECTION ( 'NONE',  ( -1.000000000000000000, 0.000000000000000000, 0.000000000000000000 ) ) ;
#1455 = ADVANCED_FACE ( 'NONE', ( #52 ), #295, .F. ) ;
#1456 = CARTESIAN_POINT ( 'NONE',  ( 41.49999999999999289, 19.00000000000000000, -13.81834737784970457 ) ) ;
ENDSEC;
END-ISO-10303-21;
