ISO-10303-21;
HEADER;
FILE_DESCRIPTION (( 'STEP AP203' ),
    '1' );
FILE_NAME ('SIDE SUPPORT_02_06-25-24.STEP',
    '2024-06-25T17:24:30',
    ( '' ),
    ( '' ),
    'SwSTEP 2.0',
    'SolidWorks 2019',
    '' );
FILE_SCHEMA (( 'CONFIG_CONTROL_DESIGN' ));
ENDSEC;

DATA;
#1 = DIRECTION ( 'NONE',  ( 0.000000000000000000, 0.000000000000000000, -1.000000000000000000 ) ) ;
#2 = CARTESIAN_POINT ( 'NONE',  ( 13.99999999999999822, 5.000000000000000000, 17.49999999999999645 ) ) ;
#3 = EDGE_CURVE ( 'NONE', #3423, #3498, #4082, .T. ) ;
#4 = ORIENTED_EDGE ( 'NONE', *, *, #3837, .T. ) ;
#5 = DIRECTION ( 'NONE',  ( 0.000000000000000000, 0.000000000000000000, 1.000000000000000000 ) ) ;
#6 = ORIENTED_EDGE ( 'NONE', *, *, #1239, .F. ) ;
#7 = DIRECTION ( 'NONE',  ( -1.000000000000000000, 0.000000000000000000, 0.000000000000000000 ) ) ;
#8 = CARTESIAN_POINT ( 'NONE',  ( 59.66622618653565269, 18.07168339351690989, 14.90000000000000036 ) ) ;
#9 = DIRECTION ( 'NONE',  ( -1.000000000000000000, 0.000000000000000000, 0.000000000000000000 ) ) ;
#10 = FACE_OUTER_BOUND ( 'NONE', #3732, .T. ) ;
#11 = VERTEX_POINT ( 'NONE', #3775 ) ;
#12 = CARTESIAN_POINT ( 'NONE',  ( 59.66622618653564558, 48.92831660648310077, 15.00000000000000000 ) ) ;
#13 = ORIENTED_EDGE ( 'NONE', *, *, #3398, .F. ) ;
#14 = ORIENTED_EDGE ( 'NONE', *, *, #2735, .T. ) ;
#15 = DIRECTION ( 'NONE',  ( 0.000000000000000000, 1.000000000000000000, 0.000000000000000000 ) ) ;
#16 = APPROVAL_ROLE ( '' ) ;
#17 = CARTESIAN_POINT ( 'NONE',  ( 27.50000000000000355, 33.49999999999999289, -38.00000000000000000 ) ) ;
#18 = DIRECTION ( 'NONE',  ( 0.000000000000000000, 0.000000000000000000, -1.000000000000000000 ) ) ;
#19 = ORIENTED_EDGE ( 'NONE', *, *, #36, .T. ) ;
#20 = EDGE_CURVE ( 'NONE', #3835, #1412, #3791, .T. ) ;
#21 = CARTESIAN_POINT ( 'NONE',  ( 7.005481709269371748, 81.89925791925952581, 0.000000000000000000 ) ) ;
#22 = CARTESIAN_POINT ( 'NONE',  ( 7.500000000000000000, 21.05000000000000071, -38.00000000000000000 ) ) ;
#23 = DIRECTION ( 'NONE',  ( 0.000000000000000000, 0.000000000000000000, 1.000000000000000000 ) ) ;
#24 = AXIS2_PLACEMENT_3D ( 'NONE', #3393, #3029, #235 ) ;
#25 = VERTEX_POINT ( 'NONE', #1608 ) ;
#26 = VECTOR ( 'NONE', #526, 1000.000000000000000 ) ;
#27 = CARTESIAN_POINT ( 'NONE',  ( 9.000000000000001776, 21.24999999999999645, -8.000000000000000000 ) ) ;
#28 = ORIENTED_EDGE ( 'NONE', *, *, #1563, .F. ) ;
#29 = ADVANCED_FACE ( 'NONE', ( #2335 ), #734, .T. ) ;
#30 = EDGE_CURVE ( 'NONE', #1327, #2716, #894, .T. ) ;
#31 = CARTESIAN_POINT ( 'NONE',  ( 13.99999999999999822, 4.000000000000000000, -14.99999999999999645 ) ) ;
#32 = VECTOR ( 'NONE', #2532, 1000.000000000000000 ) ;
#33 = VECTOR ( 'NONE', #396, 1000.000000000000000 ) ;
#34 = DIRECTION ( 'NONE',  ( 0.000000000000000000, 1.000000000000000000, 0.000000000000000000 ) ) ;
#35 = ORIENTED_EDGE ( 'NONE', *, *, #1012, .T. ) ;
#36 = EDGE_CURVE ( 'NONE', #3835, #3896, #4077, .T. ) ;
#37 = AXIS2_PLACEMENT_3D ( 'NONE', #317, #3118, #2768 ) ;
#38 = FACE_OUTER_BOUND ( 'NONE', #3682, .T. ) ;
#39 = UNCERTAINTY_MEASURE_WITH_UNIT (LENGTH_MEASURE( 1.000000000000000082E-05 ), #2505, 'distance_accuracy_value', 'NONE');
#40 = EDGE_LOOP ( 'NONE', ( #4060, #1183 ) ) ;
#41 = CARTESIAN_POINT ( 'NONE',  ( 33.99999999999998579, 13.49999999999999467, 9.400000000000000355 ) ) ;
#42 = AXIS2_PLACEMENT_3D ( 'NONE', #373, #1054, #1636 ) ;
#43 = LINE ( 'NONE', #994, #2033 ) ;
#44 = VECTOR ( 'NONE', #34, 1000.000000000000000 ) ;
#45 = ORIENTED_EDGE ( 'NONE', *, *, #1700, .T. ) ;
#46 = FACE_OUTER_BOUND ( 'NONE', #2873, .T. ) ;
#47 = CARTESIAN_POINT ( 'NONE',  ( 12.49999999999999822, 5.000000000000000000, -13.99999999999999467 ) ) ;
#48 = VECTOR ( 'NONE', #3427, 1000.000000000000000 ) ;
#49 = ORIENTED_EDGE ( 'NONE', *, *, #2407, .F. ) ;
#50 = APPROVAL ( #417, 'UNSPECIFIED' ) ;
#51 = CARTESIAN_POINT ( 'NONE',  ( 17.49999999999999645, 4.000000000000000000, -2.500000000000000444 ) ) ;
#52 = EDGE_CURVE ( 'NONE', #3962, #1694, #1383, .T. ) ;
#53 = DIRECTION ( 'NONE',  ( -0.000000000000000000, -0.000000000000000000, -1.000000000000000000 ) ) ;
#54 = CARTESIAN_POINT ( 'NONE',  ( 122.7353278856376306, 2.500000000000000000, 1.000000000000000888 ) ) ;
#55 = CARTESIAN_POINT ( 'NONE',  ( 7.500000000000016875, 17.75000000000000000, -40.00000000000000000 ) ) ;
#56 = ORIENTED_EDGE ( 'NONE', *, *, #3196, .F. ) ;
#57 = DIRECTION ( 'NONE',  ( -0.000000000000000000, -0.000000000000000000, -1.000000000000000000 ) ) ;
#58 = EDGE_CURVE ( 'NONE', #882, #1210, #1630, .T. ) ;
#59 = DIRECTION ( 'NONE',  ( 0.000000000000000000, 0.000000000000000000, -1.000000000000000000 ) ) ;
#60 = VERTEX_POINT ( 'NONE', #349 ) ;
#61 = DIRECTION ( 'NONE',  ( 1.000000000000000000, 0.000000000000000000, 0.000000000000000000 ) ) ;
#62 = FACE_OUTER_BOUND ( 'NONE', #3437, .T. ) ;
#63 = CARTESIAN_POINT ( 'NONE',  ( 8.401170637189755652, 81.67110793245159073, 30.00000000000000000 ) ) ;
#64 = ORIENTED_EDGE ( 'NONE', *, *, #2435, .T. ) ;
#65 = CARTESIAN_POINT ( 'NONE',  ( 2.500000000000000000, 5.000000000000000000, 29.00000000000000000 ) ) ;
#66 = VERTEX_POINT ( 'NONE', #1655 ) ;
#67 = DIRECTION ( 'NONE',  ( 0.000000000000000000, 1.000000000000000000, 0.000000000000000000 ) ) ;
#68 = ORIENTED_EDGE ( 'NONE', *, *, #847, .F. ) ;
#69 = DIRECTION ( 'NONE',  ( 0.000000000000000000, 0.000000000000000000, 1.000000000000000000 ) ) ;
#70 = DIRECTION ( 'NONE',  ( 1.000000000000000000, 0.000000000000000000, 0.000000000000000000 ) ) ;
#71 = CARTESIAN_POINT ( 'NONE',  ( 16.14105892104184292, 4.761560586511953019, 15.00000000000000000 ) ) ;
#72 = FACE_OUTER_BOUND ( 'NONE', #2221, .T. ) ;
#73 = ORIENTED_EDGE ( 'NONE', *, *, #3854, .T. ) ;
#74 = CARTESIAN_POINT ( 'NONE',  ( 0.000000000000000000, 5.000000000000000000, 30.00000000000000355 ) ) ;
#75 = EDGE_CURVE ( 'NONE', #3270, #1190, #3857, .T. ) ;
#76 = CARTESIAN_POINT ( 'NONE',  ( 0.000000000000000000, 4.000000000000000000, 13.99999999999999822 ) ) ;
#77 = DIRECTION ( 'NONE',  ( -0.000000000000000000, 0.000000000000000000, -1.000000000000000000 ) ) ;
#78 = CARTESIAN_POINT ( 'NONE',  ( 9.999999999999994671, 44.21411568847982920, 14.90000000000000036 ) ) ;
#79 = EDGE_LOOP ( 'NONE', ( #457, #700, #2124, #68 ) ) ;
#80 = DIRECTION ( 'NONE',  ( -0.000000000000000000, -0.000000000000000000, -1.000000000000000000 ) ) ;
#81 = ADVANCED_FACE ( 'NONE', ( #2319 ), #2942, .F. ) ;
#82 = EDGE_CURVE ( 'NONE', #863, #2030, #1222, .T. ) ;
#83 = FACE_BOUND ( 'NONE', #3891, .T. ) ;
#84 = SECURITY_CLASSIFICATION_LEVEL ( 'unclassified' ) ;
#85 = CARTESIAN_POINT ( 'NONE',  ( 60.50000000000000000, 47.25000000000000000, -38.00000000000000000 ) ) ;
#86 = ORIENTED_EDGE ( 'NONE', *, *, #2644, .F. ) ;
#87 = DIRECTION ( 'NONE',  ( 0.000000000000000000, 0.000000000000000000, 1.000000000000000000 ) ) ;
#88 = VERTEX_POINT ( 'NONE', #2568 ) ;
#89 = DIRECTION ( 'NONE',  ( -1.000000000000000000, 0.000000000000000000, -0.000000000000000000 ) ) ;
#90 = ORIENTED_EDGE ( 'NONE', *, *, #2023, .T. ) ;
#91 = TOROIDAL_SURFACE ( 'NONE', #744, 1.500000000000000000, 1.000000000000000000 ) ;
#92 = CARTESIAN_POINT ( 'NONE',  ( 15.27723028269088879, 4.999999999999999112, 0.000000000000000000 ) ) ;
#93 = AXIS2_PLACEMENT_3D ( 'NONE', #129, #1987, #108 ) ;
#94 = VECTOR ( 'NONE', #310, 1000.000000000000000 ) ;
#95 = ORIENTED_EDGE ( 'NONE', *, *, #712, .T. ) ;
#96 = CYLINDRICAL_SURFACE ( 'NONE', #1536, 1.199999999999996181 ) ;
#97 = VECTOR ( 'NONE', #1081, 1000.000000000000000 ) ;
#98 = VECTOR ( 'NONE', #2775, 1000.000000000000000 ) ;
#99 = DIRECTION ( 'NONE',  ( -1.000000000000000000, 0.000000000000000000, 0.000000000000000000 ) ) ;
#100 = ADVANCED_FACE ( 'NONE', ( #3839 ), #1933, .F. ) ;
#101 = CIRCLE ( 'NONE', #494, 2.500000000000000444 ) ;
#102 = AXIS2_PLACEMENT_3D ( 'NONE', #567, #3512, #4041 ) ;
#103 = ORIENTED_EDGE ( 'NONE', *, *, #2290, .T. ) ;
#104 = PLANE ( 'NONE',  #2473 ) ;
#105 = CARTESIAN_POINT ( 'NONE',  ( 34.00000000000000000, 33.49999999999999289, -38.00000000000000000 ) ) ;
#106 = ADVANCED_FACE ( 'NONE', ( #3208 ), #3526, .T. ) ;
#107 = ORIENTED_EDGE ( 'NONE', *, *, #1322, .T. ) ;
#108 = DIRECTION ( 'NONE',  ( -1.000000000000000000, 0.000000000000000000, 0.000000000000000000 ) ) ;
#109 = DIRECTION ( 'NONE',  ( 0.000000000000000000, 1.000000000000000000, 0.000000000000000000 ) ) ;
#110 = AXIS2_PLACEMENT_3D ( 'NONE', #2552, #3452, #1861 ) ;
#111 = DIRECTION ( 'NONE',  ( -0.000000000000000000, -0.000000000000000000, -1.000000000000000000 ) ) ;
#112 = EDGE_CURVE ( 'NONE', #1835, #1948, #825, .T. ) ;
#113 = ORIENTED_EDGE ( 'NONE', *, *, #1624, .F. ) ;
#114 = AXIS2_PLACEMENT_3D ( 'NONE', #4045, #1236, #2153 ) ;
#115 = CARTESIAN_POINT ( 'NONE',  ( 17.12400576105584449, 4.237798447543700497, -2.168404344971009361E-16 ) ) ;
#116 = DIRECTION ( 'NONE',  ( -1.000000000000000000, 0.000000000000000000, 0.000000000000000000 ) ) ;
#117 = VERTEX_POINT ( 'NONE', #1362 ) ;
#118 = AXIS2_PLACEMENT_3D ( 'NONE', #1108, #1091, #3632 ) ;
#119 = ORIENTED_EDGE ( 'NONE', *, *, #3146, .T. ) ;
#120 = LINE ( 'NONE', #1382, #33 ) ;
#121 = DIRECTION ( 'NONE',  ( 1.000000000000000000, 0.000000000000000000, 0.000000000000000000 ) ) ;
#122 = DIRECTION ( 'NONE',  ( 0.000000000000000000, -1.000000000000000000, 0.000000000000000000 ) ) ;
#123 = ORIENTED_EDGE ( 'NONE', *, *, #392, .T. ) ;
#124 = LINE ( 'NONE', #2927, #2540 ) ;
#125 = DIRECTION ( 'NONE',  ( -1.000000000000000000, 0.000000000000000000, 0.000000000000000000 ) ) ;
#126 = EDGE_CURVE ( 'NONE', #355, #3150, #2276, .T. ) ;
#127 = CARTESIAN_POINT ( 'NONE',  ( 60.49999999999998579, 17.75000000000000000, -38.00000000000000000 ) ) ;
#128 = ORIENTED_EDGE ( 'NONE', *, *, #4083, .F. ) ;
#129 = CARTESIAN_POINT ( 'NONE',  ( 8.401170637189755652, 81.67110793245159073, 0.000000000000000000 ) ) ;
#130 = CARTESIAN_POINT ( 'NONE',  ( 17.49999999999999645, 4.000000000000000000, 15.00000000000000000 ) ) ;
#131 = ADVANCED_FACE ( 'NONE', ( #1033 ), #2967, .T. ) ;
#132 = DIRECTION ( 'NONE',  ( 0.000000000000000000, 0.000000000000000000, -1.000000000000000000 ) ) ;
#133 = ORIENTED_EDGE ( 'NONE', *, *, #2785, .T. ) ;
#134 = DIRECTION ( 'NONE',  ( -1.000000000000000000, 1.156482317317864980E-14, 0.000000000000000000 ) ) ;
#135 = CARTESIAN_POINT ( 'NONE',  ( 26.64904495923390115, 64.00008411585052670, 30.00000000000000000 ) ) ;
#136 = EDGE_CURVE ( 'NONE', #3131, #3604, #2089, .T. ) ;
#137 = EDGE_LOOP ( 'NONE', ( #3126, #3180, #2751, #3516, #3764, #172, #2463, #878, #196, #1981, #4109, #3662, #1093, #2969, #2226, #541, #612, #400, #1859, #3634, #3177, #3755 ) ) ;
#138 = ORIENTED_EDGE ( 'NONE', *, *, #20, .T. ) ;
#139 = DIRECTION ( 'NONE',  ( -0.000000000000000000, 1.000000000000000000, -0.000000000000000000 ) ) ;
#140 = DIRECTION ( 'NONE',  ( -0.8119194573641616008, -0.5837694705562165298, 0.000000000000000000 ) ) ;
#141 = ORIENTED_EDGE ( 'NONE', *, *, #955, .T. ) ;
#142 = CARTESIAN_POINT ( 'NONE',  ( 0.000000000000000000, 96.37013220366763733, 1.000000000000000888 ) ) ;
#143 = ORIENTED_EDGE ( 'NONE', *, *, #2771, .F. ) ;
#144 = PLANE ( 'NONE',  #4074 ) ;
#145 = DIRECTION ( 'NONE',  ( -1.000000000000000000, 0.000000000000000000, 0.000000000000000000 ) ) ;
#146 = EDGE_CURVE ( 'NONE', #60, #563, #2628, .T. ) ;
#147 = VERTEX_POINT ( 'NONE', #3257 ) ;
#148 = DIRECTION ( 'NONE',  ( 1.000000000000000000, 0.000000000000000000, 0.000000000000000000 ) ) ;
#149 = ORIENTED_EDGE ( 'NONE', *, *, #279, .T. ) ;
#150 = ADVANCED_FACE ( 'NONE', ( #2690 ), #3002, .F. ) ;
#151 = EDGE_CURVE ( 'NONE', #3062, #2035, #3665, .T. ) ;
#152 = ORIENTED_EDGE ( 'NONE', *, *, #4012, .T. ) ;
#153 = DIRECTION ( 'NONE',  ( 1.000000000000000000, 0.000000000000000000, 0.000000000000000000 ) ) ;
#154 = VECTOR ( 'NONE', #746, 1000.000000000000000 ) ;
#155 = DIRECTION ( 'NONE',  ( 0.000000000000000000, 0.000000000000000000, -1.000000000000000000 ) ) ;
#156 = CARTESIAN_POINT ( 'NONE',  ( 24.77510468360896212, 82.15118641221420148, 12.99999999999998224 ) ) ;
#157 = EDGE_CURVE ( 'NONE', #1447, #967, #1732, .T. ) ;
#158 = ORIENTED_EDGE ( 'NONE', *, *, #3661, .T. ) ;
#159 = VECTOR ( 'NONE', #3215, 1000.000000000000000 ) ;
#160 = DIRECTION ( 'NONE',  ( -1.000000000000000000, 0.000000000000000000, 0.000000000000000000 ) ) ;
#161 = AXIS2_PLACEMENT_3D ( 'NONE', #1843, #1860, #3132 ) ;
#162 = AXIS2_PLACEMENT_3D ( 'NONE', #431, #2299, #2653 ) ;
#163 = VERTEX_POINT ( 'NONE', #2082 ) ;
#164 = ORIENTED_EDGE ( 'NONE', *, *, #3903, .T. ) ;
#165 = LINE ( 'NONE', #1433, #3276 ) ;
#166 = VECTOR ( 'NONE', #2032, 1000.000000000000000 ) ;
#167 = CARTESIAN_POINT ( 'NONE',  ( 17.49999999999999645, 0.000000000000000000, 1.000000000000000888 ) ) ;
#168 = DIRECTION ( 'NONE',  ( 0.000000000000000000, 0.000000000000000000, -1.000000000000000000 ) ) ;
#169 = AXIS2_PLACEMENT_3D ( 'NONE', #834, #777, #1445 ) ;
#170 = CARTESIAN_POINT ( 'NONE',  ( 122.7353278856376306, 0.000000000000000000, 13.99999999999999822 ) ) ;
#171 = AXIS2_PLACEMENT_3D ( 'NONE', #1929, #1955, #960 ) ;
#172 = ORIENTED_EDGE ( 'NONE', *, *, #3405, .T. ) ;
#173 = CIRCLE ( 'NONE', #4085, 2.000000000000001776 ) ;
#174 = CARTESIAN_POINT ( 'NONE',  ( -39.64145824895566506, 55.13421460692300258, 15.00000000000000000 ) ) ;
#175 = VERTEX_POINT ( 'NONE', #3955 ) ;
#176 = EDGE_CURVE ( 'NONE', #1305, #1753, #1141, .T. ) ;
#177 = AXIS2_PLACEMENT_3D ( 'NONE', #4107, #1858, #2868 ) ;
#178 = CARTESIAN_POINT ( 'NONE',  ( 5.500000000000000000, 47.24999999999998579, 0.000000000000000000 ) ) ;
#179 = ORIENTED_EDGE ( 'NONE', *, *, #1496, .T. ) ;
#180 = AXIS2_PLACEMENT_3D ( 'NONE', #3109, #255, #2792 ) ;
#181 = DIRECTION ( 'NONE',  ( 0.5837694705562177511, -0.8119194573641607127, 0.000000000000000000 ) ) ;
#182 = EDGE_CURVE ( 'NONE', #3973, #3905, #3751, .T. ) ;
#183 = ORIENTED_EDGE ( 'NONE', *, *, #754, .T. ) ;
#184 = ORIENTED_EDGE ( 'NONE', *, *, #1904, .T. ) ;
#185 = DIRECTION ( 'NONE',  ( -1.000000000000000000, 0.000000000000000000, 0.000000000000000000 ) ) ;
#186 = CARTESIAN_POINT ( 'NONE',  ( -37.13124952556402292, 51.64296094025676354, 30.00000000000000000 ) ) ;
#187 = DIRECTION ( 'NONE',  ( 1.000000000000000000, 0.000000000000000000, 0.000000000000000000 ) ) ;
#188 = LINE ( 'NONE', #3967, #1145 ) ;
#189 = VERTEX_POINT ( 'NONE', #3316 ) ;
#190 = VERTEX_POINT ( 'NONE', #2753 ) ;
#191 = DIRECTION ( 'NONE',  ( 0.000000000000000000, 1.000000000000000000, 0.000000000000000000 ) ) ;
#192 = CARTESIAN_POINT ( 'NONE',  ( 7.500000000000000000, 47.24999999999998579, -38.00000000000000000 ) ) ;
#193 = ADVANCED_FACE ( 'NONE', ( #2040 ), #1107, .T. ) ;
#194 = EDGE_LOOP ( 'NONE', ( #3783, #2388, #4072, #3969 ) ) ;
#195 = CARTESIAN_POINT ( 'NONE',  ( 60.50000000000000000, 19.74999999999999645, -38.00000000000000000 ) ) ;
#196 = ORIENTED_EDGE ( 'NONE', *, *, #1587, .T. ) ;
#197 = ADVANCED_FACE ( 'NONE', ( #3649 ), #1401, .T. ) ;
#198 = ORIENTED_EDGE ( 'NONE', *, *, #2555, .T. ) ;
#199 = CARTESIAN_POINT ( 'NONE',  ( 15.05051025721681945, 5.000000000000000000, 15.00000000000000000 ) ) ;
#200 = CARTESIAN_POINT ( 'NONE',  ( 13.99999999999999822, 4.000000000000000000, -2.500000000000000444 ) ) ;
#201 = PLANE ( 'NONE',  #216 ) ;
#202 = CARTESIAN_POINT ( 'NONE',  ( 59.00000000000000000, 47.75000000000000000, -36.19999999999999574 ) ) ;
#203 = DIRECTION ( 'NONE',  ( 0.000000000000000000, 1.000000000000000000, 0.000000000000000000 ) ) ;
#204 = ORIENTED_EDGE ( 'NONE', *, *, #2229, .T. ) ;
#205 = DIRECTION ( 'NONE',  ( -1.000000000000000000, 0.000000000000000000, 0.000000000000000000 ) ) ;
#206 = DIRECTION ( 'NONE',  ( 0.000000000000000000, 0.000000000000000000, -1.000000000000000000 ) ) ;
#207 = DIRECTION ( 'NONE',  ( 1.000000000000000000, -0.000000000000000000, 0.000000000000000000 ) ) ;
#208 = CARTESIAN_POINT ( 'NONE',  ( 15.00000000000000000, 4.000000000000000000, -14.99999999999999645 ) ) ;
#209 = CARTESIAN_POINT ( 'NONE',  ( 1.000000000000000000, 4.000000000000000000, 15.00000000000000000 ) ) ;
#210 = VERTEX_POINT ( 'NONE', #2671 ) ;
#211 = LINE ( 'NONE', #1483, #3014 ) ;
#212 = CIRCLE ( 'NONE', #3544, 1.200000000000006617 ) ;
#213 = EDGE_CURVE ( 'NONE', #983, #2090, #3334, .T. ) ;
#214 = EDGE_LOOP ( 'NONE', ( #575, #385, #3462, #856 ) ) ;
#215 = AXIS2_PLACEMENT_3D ( 'NONE', #3446, #2151, #1903 ) ;
#216 = AXIS2_PLACEMENT_3D ( 'NONE', #2426, #1571, #2765 ) ;
#217 = ORIENTED_EDGE ( 'NONE', *, *, #762, .F. ) ;
#218 = CARTESIAN_POINT ( 'NONE',  ( 9.000000000000001776, 21.24999999999999645, -36.19999999999999574 ) ) ;
#219 = AXIS2_PLACEMENT_3D ( 'NONE', #343, #2492, #3770 ) ;
#220 = AXIS2_PLACEMENT_3D ( 'NONE', #1506, #3046, #1464 ) ;
#221 = EDGE_CURVE ( 'NONE', #618, #995, #501, .T. ) ;
#222 = CARTESIAN_POINT ( 'NONE',  ( 20.62541512433778124, 60.90074812048805342, 30.00000000000000000 ) ) ;
#223 = VECTOR ( 'NONE', #3493, 1000.000000000000000 ) ;
#224 = EDGE_LOOP ( 'NONE', ( #2150, #1502, #2599, #553 ) ) ;
#225 = DIRECTION ( 'NONE',  ( 0.000000000000000000, 1.000000000000000000, 0.000000000000000000 ) ) ;
#226 = LINE ( 'NONE', #1494, #1021 ) ;
#227 = EDGE_CURVE ( 'NONE', #1993, #2266, #1168, .T. ) ;
#228 = DIRECTION ( 'NONE',  ( 0.000000000000000000, 0.000000000000000000, 1.000000000000000000 ) ) ;
#229 = CARTESIAN_POINT ( 'NONE',  ( 7.500000000000016875, 17.75000000000000000, -38.00000000000000000 ) ) ;
#230 = ORIENTED_EDGE ( 'NONE', *, *, #2929, .T. ) ;
#231 = VECTOR ( 'NONE', #139, 1000.000000000000000 ) ;
#232 = DIRECTION ( 'NONE',  ( 1.000000000000000000, 0.000000000000000000, 0.000000000000000000 ) ) ;
#233 = CIRCLE ( 'NONE', #1697, 2.000000000000000000 ) ;
#234 = CARTESIAN_POINT ( 'NONE',  ( 24.77510468360896212, 82.15118641221420148, 2.000000000000018208 ) ) ;
#235 = DIRECTION ( 'NONE',  ( 0.000000000000000000, 0.000000000000000000, 1.000000000000000000 ) ) ;
#236 = DIRECTION ( 'NONE',  ( 0.000000000000000000, 0.000000000000000000, 1.000000000000000000 ) ) ;
#237 = ORIENTED_EDGE ( 'NONE', *, *, #1181, .T. ) ;
#238 = LINE ( 'NONE', #3396, #98 ) ;
#239 = AXIS2_PLACEMENT_3D ( 'NONE', #709, #2646, #844 ) ;
#240 = EDGE_LOOP ( 'NONE', ( #3238, #764, #579 ) ) ;
#241 = VECTOR ( 'NONE', #2754, 1000.000000000000000 ) ;
#242 = ORIENTED_EDGE ( 'NONE', *, *, #1647, .F. ) ;
#243 = PLANE ( 'NONE',  #2746 ) ;
#244 = DIRECTION ( 'NONE',  ( -0.000000000000000000, -0.000000000000000000, -1.000000000000000000 ) ) ;
#245 = FACE_OUTER_BOUND ( 'NONE', #2189, .T. ) ;
#246 = EDGE_LOOP ( 'NONE', ( #1652, #2979, #1299, #1396 ) ) ;
#247 = ADVANCED_FACE ( 'NONE', ( #2433 ), #3623, .F. ) ;
#248 = FACE_OUTER_BOUND ( 'NONE', #3908, .T. ) ;
#249 = DIRECTION ( 'NONE',  ( -1.000000000000000000, 0.000000000000000000, 0.000000000000000000 ) ) ;
#250 = EDGE_LOOP ( 'NONE', ( #3056, #2408, #1129, #658 ) ) ;
#251 = EDGE_CURVE ( 'NONE', #1557, #3985, #2986, .T. ) ;
#252 = EDGE_CURVE ( 'NONE', #882, #2829, #1090, .T. ) ;
#253 = DIRECTION ( 'NONE',  ( -1.000000000000000000, -1.261617073437679231E-16, 0.000000000000000000 ) ) ;
#254 = DIRECTION ( 'NONE',  ( 0.000000000000000000, -0.000000000000000000, 1.000000000000000000 ) ) ;
#255 = DIRECTION ( 'NONE',  ( 0.000000000000000000, 0.000000000000000000, 1.000000000000000000 ) ) ;
#256 = CARTESIAN_POINT ( 'NONE',  ( 17.49999999999999645, 0.000000000000000000, 17.49999999999999645 ) ) ;
#257 = ORIENTED_EDGE ( 'NONE', *, *, #2334, .F. ) ;
#258 = DIRECTION ( 'NONE',  ( -0.8119194573641616008, -0.5837694705562165298, 0.000000000000000000 ) ) ;
#259 = CARTESIAN_POINT ( 'NONE',  ( 63.00000000000001421, 22.78588431152018501, 15.00000000000000000 ) ) ;
#260 = EDGE_LOOP ( 'NONE', ( #860, #2855, #3687, #1764 ) ) ;
#261 = ORIENTED_EDGE ( 'NONE', *, *, #329, .T. ) ;
#262 = DIRECTION ( 'NONE',  ( 1.000000000000000000, 0.000000000000000000, 0.000000000000000000 ) ) ;
#263 = DIRECTION ( 'NONE',  ( 0.000000000000000000, 0.000000000000000000, -1.000000000000000000 ) ) ;
#264 = ORIENTED_EDGE ( 'NONE', *, *, #1700, .F. ) ;
#265 = CARTESIAN_POINT ( 'NONE',  ( 130.0000000000000000, 0.000000000000000000, 13.99999999999999822 ) ) ;
#266 = CYLINDRICAL_SURFACE ( 'NONE', #2159, 1.000000000000000888 ) ;
#267 = LINE ( 'NONE', #1263, #1414 ) ;
#268 = EDGE_CURVE ( 'NONE', #1210, #3289, #3971, .T. ) ;
#269 = DIRECTION ( 'NONE',  ( 1.000000000000000000, 0.000000000000000000, 0.000000000000000000 ) ) ;
#270 = EDGE_LOOP ( 'NONE', ( #1533, #1106, #2369, #2045 ) ) ;
#271 = PLANE ( 'NONE',  #2143 ) ;
#272 = EDGE_CURVE ( 'NONE', #1381, #1547, #2712, .T. ) ;
#273 = EDGE_CURVE ( 'NONE', #1244, #3330, #1778, .T. ) ;
#274 = DIRECTION ( 'NONE',  ( 0.000000000000000000, 0.000000000000000000, 1.000000000000000000 ) ) ;
#275 = DIRECTION ( 'NONE',  ( -0.000000000000000000, -0.000000000000000000, 1.000000000000000000 ) ) ;
#276 = DIRECTION ( 'NONE',  ( -1.000000000000000000, 0.000000000000000000, -0.000000000000000000 ) ) ;
#277 = EDGE_LOOP ( 'NONE', ( #1677, #2733, #1925, #410 ) ) ;
#278 = CYLINDRICAL_SURFACE ( 'NONE', #2286, 2.000000000000001776 ) ;
#279 = EDGE_CURVE ( 'NONE', #25, #1547, #3293, .T. ) ;
#280 = ORIENTED_EDGE ( 'NONE', *, *, #3924, .F. ) ;
#281 = VERTEX_POINT ( 'NONE', #571 ) ;
#282 = VECTOR ( 'NONE', #3253, 1000.000000000000114 ) ;
#283 = CARTESIAN_POINT ( 'NONE',  ( 15.00000000000000000, 5.000000000000000000, -14.99999999999999645 ) ) ;
#284 = CARTESIAN_POINT ( 'NONE',  ( 21.59971847317478932, 61.60127148515550743, 30.00000000000000000 ) ) ;
#285 = AXIS2_PLACEMENT_3D ( 'NONE', #884, #3068, #3370 ) ;
#286 = CIRCLE ( 'NONE', #1477, 1.000000000000000888 ) ;
#287 = FACE_BOUND ( 'NONE', #2595, .T. ) ;
#288 = ORIENTED_EDGE ( 'NONE', *, *, #561, .T. ) ;
#289 = VECTOR ( 'NONE', #3416, 1000.000000000000114 ) ;
#290 = AXIS2_PLACEMENT_3D ( 'NONE', #655, #875, #3112 ) ;
#291 = CARTESIAN_POINT ( 'NONE',  ( 7.500000000000000000, 47.25000000000000000, -38.00000000000000000 ) ) ;
#292 = DIRECTION ( 'NONE',  ( 0.000000000000000000, 0.000000000000000000, 1.000000000000000000 ) ) ;
#293 = DIRECTION ( 'NONE',  ( 0.000000000000000000, 0.000000000000000000, 1.000000000000000000 ) ) ;
#294 = CIRCLE ( 'NONE', #4070, 2.000000000000001776 ) ;
#295 = AXIS2_PLACEMENT_3D ( 'NONE', #3183, #369, #276 ) ;
#296 = CARTESIAN_POINT ( 'NONE',  ( 20.70327080664280572, 78.60771632973903422, 7.500000000000000000 ) ) ;
#297 = ADVANCED_FACE ( 'NONE', ( #937 ), #1833, .F. ) ;
#298 = CIRCLE ( 'NONE', #530, 2.000000000000000000 ) ;
#299 = CARTESIAN_POINT ( 'NONE',  ( 22.01675211539429355, 76.78089755066967825, 7.500000000000000000 ) ) ;
#300 = FACE_OUTER_BOUND ( 'NONE', #2419, .T. ) ;
#301 = AXIS2_PLACEMENT_3D ( 'NONE', #399, #1980, #3553 ) ;
#302 = DIRECTION ( 'NONE',  ( -0.000000000000000000, -0.000000000000000000, 1.000000000000000000 ) ) ;
#303 = ORIENTED_EDGE ( 'NONE', *, *, #1413, .T. ) ;
#304 = CARTESIAN_POINT ( 'NONE',  ( 12.49999999999999822, 4.000000000000000000, -12.49999999999999467 ) ) ;
#305 = EDGE_CURVE ( 'NONE', #2103, #1430, #1224, .T. ) ;
#306 = AXIS2_PLACEMENT_3D ( 'NONE', #1628, #3521, #1310 ) ;
#307 = ORIENTED_EDGE ( 'NONE', *, *, #58, .T. ) ;
#308 = EDGE_LOOP ( 'NONE', ( #641, #705, #2274, #2853 ) ) ;
#309 = VECTOR ( 'NONE', #954, 1000.000000000000000 ) ;
#310 = DIRECTION ( 'NONE',  ( -0.000000000000000000, -1.000000000000000000, -0.000000000000000000 ) ) ;
#311 = EDGE_CURVE ( 'NONE', #3523, #2607, #1296, .T. ) ;
#312 = CARTESIAN_POINT ( 'NONE',  ( 12.49999999999999822, 1.000000000000000000, -12.49999999999999467 ) ) ;
#313 = AXIS2_PLACEMENT_3D ( 'NONE', #949, #1839, #2193 ) ;
#314 = FACE_OUTER_BOUND ( 'NONE', #2458, .T. ) ;
#315 = ORIENTED_EDGE ( 'NONE', *, *, #462, .T. ) ;
#316 = AXIS2_PLACEMENT_3D ( 'NONE', #192, #2773, #2141 ) ;
#317 = CARTESIAN_POINT ( 'NONE',  ( 17.49999999999999645, 4.000000000000000000, 17.49999999999999645 ) ) ;
#318 = VERTEX_POINT ( 'NONE', #2164 ) ;
#319 = FACE_OUTER_BOUND ( 'NONE', #976, .T. ) ;
#320 = ORIENTED_EDGE ( 'NONE', *, *, #2511, .F. ) ;
#321 = DIRECTION ( 'NONE',  ( 0.000000000000000000, 0.000000000000000000, 1.000000000000000000 ) ) ;
#322 = DIRECTION ( 'NONE',  ( -0.5837694705562173070, 0.8119194573641610457, 0.000000000000000000 ) ) ;
#323 = FACE_OUTER_BOUND ( 'NONE', #452, .T. ) ;
#324 = ORIENTED_EDGE ( 'NONE', *, *, #2194, .T. ) ;
#325 = CARTESIAN_POINT ( 'NONE',  ( 59.66622618653565269, 18.07168339351691699, 14.90000000000000036 ) ) ;
#326 = CARTESIAN_POINT ( 'NONE',  ( 12.49999999999999822, 5.000000000000000000, -12.49999999999999467 ) ) ;
#327 = VERTEX_POINT ( 'NONE', #1890 ) ;
#328 = VERTEX_POINT ( 'NONE', #2535 ) ;
#329 = EDGE_CURVE ( 'NONE', #950, #3045, #3108, .T. ) ;
#330 = VERTEX_POINT ( 'NONE', #1503 ) ;
#331 = FACE_OUTER_BOUND ( 'NONE', #3541, .T. ) ;
#332 = PERSON_AND_ORGANIZATION_ROLE ( 'classification_officer' ) ;
#333 = FACE_OUTER_BOUND ( 'NONE', #260, .T. ) ;
#334 = DIRECTION ( 'NONE',  ( -1.000000000000000000, -0.000000000000000000, -0.000000000000000000 ) ) ;
#335 = DIRECTION ( 'NONE',  ( 0.000000000000000000, -1.000000000000000000, 0.000000000000000000 ) ) ;
#336 = EDGE_CURVE ( 'NONE', #3086, #4033, #898, .T. ) ;
#337 = ADVANCED_FACE ( 'NONE', ( #1809 ), #2513, .T. ) ;
#338 = EDGE_LOOP ( 'NONE', ( #3343, #394, #2372, #1911 ) ) ;
#339 = CYLINDRICAL_SURFACE ( 'NONE', #2752, 4.999999999999997335 ) ;
#340 = ORIENTED_EDGE ( 'NONE', *, *, #1020, .F. ) ;
#341 = DIRECTION ( 'NONE',  ( -0.000000000000000000, 1.000000000000000000, 0.000000000000000000 ) ) ;
#342 = VERTEX_POINT ( 'NONE', #2791 ) ;
#343 = CARTESIAN_POINT ( 'NONE',  ( 33.99999999999998579, 53.49999999999999289, 9.400000000000000355 ) ) ;
#344 = DIRECTION ( 'NONE',  ( 0.8119194573641620449, 0.5837694705562159747, 0.000000000000000000 ) ) ;
#345 = LINE ( 'NONE', #4097, #2100 ) ;
#346 = LINE ( 'NONE', #901, #2877 ) ;
#347 = ORIENTED_EDGE ( 'NONE', *, *, #268, .F. ) ;
#348 = CARTESIAN_POINT ( 'NONE',  ( 9.513192471986204879, 67.79084770410393901, 7.500000000000000000 ) ) ;
#349 = CARTESIAN_POINT ( 'NONE',  ( 59.00000000000000000, 47.75000000000000000, 14.90000000000000036 ) ) ;
#350 = ORIENTED_EDGE ( 'NONE', *, *, #1623, .T. ) ;
#351 = DIRECTION ( 'NONE',  ( -0.8119194573641608237, -0.5837694705562175290, 0.000000000000000000 ) ) ;
#352 = DIRECTION ( 'NONE',  ( 8.095504689397933269E-17, 1.000000000000000000, -0.000000000000000000 ) ) ;
#353 = APPROVAL ( #3241, 'UNSPECIFIED' ) ;
#354 = FACE_OUTER_BOUND ( 'NONE', #799, .T. ) ;
#355 = VERTEX_POINT ( 'NONE', #3749 ) ;
#356 = LINE ( 'NONE', #2551, #3013 ) ;
#357 = EDGE_CURVE ( 'NONE', #175, #1223, #2898, .T. ) ;
#358 = AXIS2_PLACEMENT_3D ( 'NONE', #971, #2846, #2240 ) ;
#359 = CARTESIAN_POINT ( 'NONE',  ( 0.4142135623730951455, 5.000000000000000000, 14.99999999999999822 ) ) ;
#360 = VERTEX_POINT ( 'NONE', #1246 ) ;
#361 = VECTOR ( 'NONE', #269, 1000.000000000000000 ) ;
#362 = VECTOR ( 'NONE', #1073, 1000.000000000000000 ) ;
#363 = CARTESIAN_POINT ( 'NONE',  ( 1.000000000000000000, 1.000000000000000000, 15.00000000000000000 ) ) ;
#364 = AXIS2_PLACEMENT_3D ( 'NONE', #283, #1488, #1876 ) ;
#365 = ADVANCED_FACE ( 'NONE', ( #1186 ), #3083, .F. ) ;
#366 = AXIS2_PLACEMENT_3D ( 'NONE', #1295, #3592, #3271 ) ;
#367 = DIRECTION ( 'NONE',  ( -1.000000000000000000, 0.000000000000000000, 0.000000000000000000 ) ) ;
#368 = LINE ( 'NONE', #1629, #1158 ) ;
#369 = DIRECTION ( 'NONE',  ( 0.000000000000000000, 0.000000000000000000, -1.000000000000000000 ) ) ;
#370 = ORIENTED_EDGE ( 'NONE', *, *, #3469, .F. ) ;
#371 = VECTOR ( 'NONE', #2036, 1000.000000000000000 ) ;
#372 = DIRECTION ( 'NONE',  ( 1.000000000000000000, -0.000000000000000000, 0.000000000000000000 ) ) ;
#373 = CARTESIAN_POINT ( 'NONE',  ( 1.000000000000000000, 0.000000000000000000, 1.000000000000000888 ) ) ;
#374 = VECTOR ( 'NONE', #2605, 1000.000000000000114 ) ;
#375 = EDGE_LOOP ( 'NONE', ( #3375, #3724, #1018, #3285 ) ) ;
#376 = CARTESIAN_POINT ( 'NONE',  ( 25.94852159456643292, 64.97438746468752413, 30.00000000000000000 ) ) ;
#377 = VECTOR ( 'NONE', #292, 1000.000000000000000 ) ;
#378 = DIRECTION ( 'NONE',  ( -1.000000000000000000, 0.000000000000000000, 0.000000000000000000 ) ) ;
#379 = CARTESIAN_POINT ( 'NONE',  ( 1.000000000000000000, 5.000000000000000000, 15.00000000000000000 ) ) ;
#380 = AXIS2_PLACEMENT_3D ( 'NONE', #961, #631, #2920 ) ;
#381 = CIRCLE ( 'NONE', #1432, 1.999999999999994893 ) ;
#382 = EDGE_LOOP ( 'NONE', ( #1492, #2225, #3000, #1564 ) ) ;
#383 = CARTESIAN_POINT ( 'NONE',  ( 2.500000000000000000, 5.000000000000000000, -13.99999999999999467 ) ) ;
#384 = AXIS2_PLACEMENT_3D ( 'NONE', #2645, #2268, #681 ) ;
#385 = ORIENTED_EDGE ( 'NONE', *, *, #1938, .F. ) ;
#386 = EDGE_CURVE ( 'NONE', #1889, #2146, #233, .T. ) ;
#387 = VECTOR ( 'NONE', #3956, 1000.000000000000000 ) ;
#388 = DIRECTION ( 'NONE',  ( -0.000000000000000000, -0.000000000000000000, 1.000000000000000000 ) ) ;
#389 = CARTESIAN_POINT ( 'NONE',  ( 7.500000000000016875, 17.75000000000000000, 0.000000000000000000 ) ) ;
#390 = DIRECTION ( 'NONE',  ( -6.938893903907222067E-15, 1.000000000000000000, 0.000000000000000000 ) ) ;
#391 = DIRECTION ( 'NONE',  ( 0.000000000000000000, 0.000000000000000000, -1.000000000000000000 ) ) ;
#392 = EDGE_CURVE ( 'NONE', #2975, #863, #2449, .T. ) ;
#393 = EDGE_CURVE ( 'NONE', #3305, #1207, #445, .T. ) ;
#394 = ORIENTED_EDGE ( 'NONE', *, *, #605, .T. ) ;
#395 = VERTEX_POINT ( 'NONE', #3771 ) ;
#396 = DIRECTION ( 'NONE',  ( 1.000000000000000000, 0.000000000000000000, 0.000000000000000000 ) ) ;
#397 = CARTESIAN_POINT ( 'NONE',  ( 12.49999999999999822, 1.000000000000000000, 27.50000000000000000 ) ) ;
#398 = CARTESIAN_POINT ( 'NONE',  ( 21.17833289409140818, 62.52994483663091074, 30.00000000000000000 ) ) ;
#399 = CARTESIAN_POINT ( 'NONE',  ( 13.99999999999999822, 4.000000000000000000, -14.99999999999999645 ) ) ;
#400 = ORIENTED_EDGE ( 'NONE', *, *, #2905, .T. ) ;
#401 = CARTESIAN_POINT ( 'NONE',  ( 6.031178360432376095, 81.19873455459207889, 0.000000000000000000 ) ) ;
#402 = PERSON_AND_ORGANIZATION_ROLE ( 'design_supplier' ) ;
#403 = LINE ( 'NONE', #660, #1101 ) ;
#404 = ORIENTED_EDGE ( 'NONE', *, *, #1947, .T. ) ;
#405 = CARTESIAN_POINT ( 'NONE',  ( 14.70947699911683770, 71.52697231566372693, 7.500000000000000000 ) ) ;
#406 = ORIENTED_EDGE ( 'NONE', *, *, #3328, .T. ) ;
#407 = DIRECTION ( 'NONE',  ( -0.8119194573641620449, -0.5837694705562157527, 0.000000000000000000 ) ) ;
#408 = EDGE_CURVE ( 'NONE', #2030, #1943, #3153, .T. ) ;
#409 = CARTESIAN_POINT ( 'NONE',  ( 29.90004924324014368, 61.53412159679776039, 15.00000000000000000 ) ) ;
#410 = ORIENTED_EDGE ( 'NONE', *, *, #3450, .F. ) ;
#411 = EDGE_LOOP ( 'NONE', ( #1819, #789, #2390 ) ) ;
#412 = CARTESIAN_POINT ( 'NONE',  ( 7.005481709269371748, 81.89925791925952581, 30.00000000000000000 ) ) ;
#414 = EDGE_CURVE ( 'NONE', #1418, #3884, #1766, .T. ) ;
#413 = DIRECTION ( 'NONE',  ( 0.000000000000000000, -1.000000000000000000, 0.000000000000000000 ) ) ;
#415 = ORIENTED_EDGE ( 'NONE', *, *, #1793, .F. ) ;
#416 = DIRECTION ( 'NONE',  ( -0.000000000000000000, -0.000000000000000000, 1.000000000000000000 ) ) ;
#417 = APPROVAL_STATUS ( 'not_yet_approved' ) ;
#418 = EDGE_CURVE ( 'NONE', #3150, #1219, #3141, .T. ) ;
#419 = VERTEX_POINT ( 'NONE', #409 ) ;
#420 = LINE ( 'NONE', #22, #758 ) ;
#421 = DIRECTION ( 'NONE',  ( 0.000000000000000000, -1.000000000000000000, 0.000000000000000000 ) ) ;
#422 = ORIENTED_EDGE ( 'NONE', *, *, #766, .F. ) ;
#423 = AXIS2_PLACEMENT_3D ( 'NONE', #78, #1298, #456 ) ;
#424 = FACE_OUTER_BOUND ( 'NONE', #2677, .T. ) ;
#425 = ORIENTED_EDGE ( 'NONE', *, *, #1443, .T. ) ;
#426 = AXIS2_PLACEMENT_3D ( 'NONE', #1725, #2998, #2387 ) ;
#427 = AXIS2_PLACEMENT_3D ( 'NONE', #2802, #244, #3581 ) ;
#428 = ADVANCED_FACE ( 'NONE', ( #1290 ), #2963, .T. ) ;
#429 = AXIS2_PLACEMENT_3D ( 'NONE', #945, #3151, #1820 ) ;
#430 = ORIENTED_EDGE ( 'NONE', *, *, #4079, .F. ) ;
#431 = CARTESIAN_POINT ( 'NONE',  ( 12.49999999999999822, 0.000000000000000000, 27.50000000000000000 ) ) ;
#432 = AXIS2_PLACEMENT_3D ( 'NONE', #448, #388, #3907 ) ;
#433 = VECTOR ( 'NONE', #2922, 1000.000000000000000 ) ;
#434 = CARTESIAN_POINT ( 'NONE',  ( 9.513192471986204879, 67.79084770410393901, 7.500000000000000000 ) ) ;
#435 = DIRECTION ( 'NONE',  ( 0.000000000000000000, 0.000000000000000000, 1.000000000000000000 ) ) ;
#436 = VECTOR ( 'NONE', #2620, 1000.000000000000000 ) ;
#437 = EDGE_CURVE ( 'NONE', #3674, #11, #768, .T. ) ;
#438 = ORIENTED_EDGE ( 'NONE', *, *, #717, .T. ) ;
#439 = DIRECTION ( 'NONE',  ( -1.000000000000000000, 0.000000000000000000, -0.000000000000000000 ) ) ;
#440 = DIRECTION ( 'NONE',  ( -0.000000000000000000, -0.000000000000000000, -1.000000000000000000 ) ) ;
#441 = DIRECTION ( 'NONE',  ( 0.000000000000000000, 0.000000000000000000, 1.000000000000000000 ) ) ;
#442 = EDGE_CURVE ( 'NONE', #3584, #1190, #714, .T. ) ;
#443 = ORIENTED_EDGE ( 'NONE', *, *, #914, .T. ) ;
#444 = CARTESIAN_POINT ( 'NONE',  ( 14.70947699911683770, 71.52697231566372693, 7.500000000000000000 ) ) ;
#445 = CIRCLE ( 'NONE', #1634, 2.249999999999996447 ) ;
#446 = ORIENTED_EDGE ( 'NONE', *, *, #1265, .F. ) ;
#447 = AXIS2_PLACEMENT_3D ( 'NONE', #2666, #3890, #1375 ) ;
#448 = CARTESIAN_POINT ( 'NONE',  ( 21.59971847317478932, 61.60127148515550743, 0.000000000000000000 ) ) ;
#449 = DIRECTION ( 'NONE',  ( 0.000000000000000000, 0.000000000000000000, 1.000000000000000000 ) ) ;
#450 = VERTEX_POINT ( 'NONE', #981 ) ;
#451 = CIRCLE ( 'NONE', #906, 1.999999999999998224 ) ;
#452 = EDGE_LOOP ( 'NONE', ( #806, #1511, #2050, #3818 ) ) ;
#453 = CARTESIAN_POINT ( 'NONE',  ( 0.000000000000000000, 1.000000000000000000, 15.00000000000000000 ) ) ;
#454 = CARTESIAN_POINT ( 'NONE',  ( 5.499999999999999112, 47.24999999999998579, -40.00000000000000000 ) ) ;
#455 = CARTESIAN_POINT ( 'NONE',  ( 34.66649047461425681, 9.235569909130907362, 14.90000000000000036 ) ) ;
#456 = DIRECTION ( 'NONE',  ( 1.000000000000000000, 0.000000000000000000, 0.000000000000000000 ) ) ;
#457 = ORIENTED_EDGE ( 'NONE', *, *, #2843, .T. ) ;
#458 = PLANE ( 'NONE',  #749 ) ;
#459 = EDGE_CURVE ( 'NONE', #3773, #327, #4016, .T. ) ;
#460 = ORIENTED_EDGE ( 'NONE', *, *, #2584, .T. ) ;
#461 = DIRECTION ( 'NONE',  ( -0.8119194573641616008, -0.5837694705562165298, 0.000000000000000000 ) ) ;
#462 = EDGE_CURVE ( 'NONE', #1599, #360, #1603, .T. ) ;
#463 = EDGE_CURVE ( 'NONE', #545, #3920, #1957, .T. ) ;
#464 = FACE_OUTER_BOUND ( 'NONE', #2378, .T. ) ;
#465 = CYLINDRICAL_SURFACE ( 'NONE', #1354, 1.000000000000000888 ) ;
#466 = EDGE_CURVE ( 'NONE', #2162, #591, #1356, .T. ) ;
#467 = VERTEX_POINT ( 'NONE', #3833 ) ;
#468 = ORIENTED_EDGE ( 'NONE', *, *, #2105, .F. ) ;
#469 = CARTESIAN_POINT ( 'NONE',  ( 29.29199724987869047, 78.62475778427555895, 12.99999999999998224 ) ) ;
#470 = ORIENTED_EDGE ( 'NONE', *, *, #2667, .T. ) ;
#471 = CARTESIAN_POINT ( 'NONE',  ( 1.000000000000000000, 1.000000000000000000, 27.50000000000000355 ) ) ;
#472 = ORIENTED_EDGE ( 'NONE', *, *, #463, .F. ) ;
#473 = ORIENTED_EDGE ( 'NONE', *, *, #3072, .T. ) ;
#474 = EDGE_CURVE ( 'NONE', #1557, #3117, #1049, .T. ) ;
#475 = DIRECTION ( 'NONE',  ( 0.000000000000000000, 0.000000000000000000, 1.000000000000000000 ) ) ;
#476 = DIRECTION ( 'NONE',  ( 0.000000000000000000, 0.000000000000000000, -1.000000000000000000 ) ) ;
#477 = ORIENTED_EDGE ( 'NONE', *, *, #2477, .F. ) ;
#478 = EDGE_CURVE ( 'NONE', #1193, #1993, #3824, .T. ) ;
#479 = DIRECTION ( 'NONE',  ( -0.5837694705562173070, 0.8119194573641610457, 0.000000000000000000 ) ) ;
#480 = ORIENTED_EDGE ( 'NONE', *, *, #1239, .T. ) ;
#481 = AXIS2_PLACEMENT_3D ( 'NONE', #256, #3336, #1205 ) ;
#482 = CARTESIAN_POINT ( 'NONE',  ( 122.7353278856376306, 0.000000000000000000, 1.000000000000000888 ) ) ;
#483 = VERTEX_POINT ( 'NONE', #693 ) ;
#484 = ADVANCED_FACE ( 'NONE', ( #2249 ), #668, .T. ) ;
#485 = CARTESIAN_POINT ( 'NONE',  ( 27.07043053831729651, 63.07141076437513050, 30.00000000000000000 ) ) ;
#486 = AXIS2_PLACEMENT_3D ( 'NONE', #2786, #3768, #3745 ) ;
#487 = CARTESIAN_POINT ( 'NONE',  ( 1.000000000000000000, 96.37013220366763733, 0.000000000000000000 ) ) ;
#488 = DIRECTION ( 'NONE',  ( -1.261617073437679231E-16, 1.000000000000000000, -0.000000000000000000 ) ) ;
#489 = FACE_OUTER_BOUND ( 'NONE', #2358, .T. ) ;
#490 = EDGE_LOOP ( 'NONE', ( #1064, #4042, #3809, #370 ) ) ;
#491 = AXIS2_PLACEMENT_3D ( 'NONE', #1717, #2989, #1964 ) ;
#492 = CARTESIAN_POINT ( 'NONE',  ( 59.66622618653565269, 18.07168339351691699, 15.00000000000000000 ) ) ;
#493 = LOCAL_TIME ( 22, 54, 30.00000000000000000, #3881 ) ;
#494 = AXIS2_PLACEMENT_3D ( 'NONE', #1554, #1881, #3433 ) ;
#495 = VECTOR ( 'NONE', #3421, 1000.000000000000114 ) ;
#496 = EDGE_LOOP ( 'NONE', ( #2111, #798, #1978 ) ) ;
#497 = ORIENTED_EDGE ( 'NONE', *, *, #1040, .T. ) ;
#498 = CIRCLE ( 'NONE', #821, 1.800000000000002931 ) ;
#499 = DIRECTION ( 'NONE',  ( 0.5837694705562186392, -0.8119194573641601576, 0.000000000000000000 ) ) ;
#500 = CARTESIAN_POINT ( 'NONE',  ( 34.00000000000000000, 11.12125027633221208, 14.90000000000000036 ) ) ;
#501 = CIRCLE ( 'NONE', #1363, 1.000000000000000888 ) ;
#502 = LINE ( 'NONE', #3076, #371 ) ;
#503 = VECTOR ( 'NONE', #53, 1000.000000000000000 ) ;
#504 = ORIENTED_EDGE ( 'NONE', *, *, #3475, .T. ) ;
#505 = EDGE_CURVE ( 'NONE', #1450, #189, #2026, .T. ) ;
#506 = VECTOR ( 'NONE', #1713, 1000.000000000000000 ) ;
#507 = DIRECTION ( 'NONE',  ( -0.8119194573641600465, -0.5837694705562185282, 0.000000000000000000 ) ) ;
#508 = EDGE_LOOP ( 'NONE', ( #932, #2327 ) ) ;
#509 = LINE ( 'NONE', #3057, #3938 ) ;
#510 = VECTOR ( 'NONE', #2154, 1000.000000000000000 ) ;
#511 = ADVANCED_FACE ( 'NONE', ( #1330 ), #1027, .F. ) ;
#512 = ADVANCED_FACE ( 'NONE', ( #2197 ), #2182, .T. ) ;
#513 = CARTESIAN_POINT ( 'NONE',  ( 7.500000000000013323, 49.25000000000000000, -40.00000000000000000 ) ) ;
#514 = LINE ( 'NONE', #835, #1966 ) ;
#515 = ORIENTED_EDGE ( 'NONE', *, *, #847, .T. ) ;
#516 = AXIS2_PLACEMENT_3D ( 'NONE', #2816, #2416, #3692 ) ;
#517 = CARTESIAN_POINT ( 'NONE',  ( 4.999999999999993783, 44.21411568847982920, 14.90000000000000036 ) ) ;
#518 = ORIENTED_EDGE ( 'NONE', *, *, #182, .F. ) ;
#519 = VERTEX_POINT ( 'NONE', #2528 ) ;
#520 = CARTESIAN_POINT ( 'NONE',  ( 58.00000000000000000, 44.21411568847982210, 15.00000000000000000 ) ) ;
#521 = CARTESIAN_POINT ( 'NONE',  ( 40.50000000000000000, 33.49999999999999289, -38.00000000000000000 ) ) ;
#522 = FACE_OUTER_BOUND ( 'NONE', #194, .T. ) ;
#523 = CARTESIAN_POINT ( 'NONE',  ( 2.500000000000000000, 1.000000000000000000, -12.49999999999999645 ) ) ;
#524 = CARTESIAN_POINT ( 'NONE',  ( 22.29488403642772454, 62.34742484718454136, 30.00000000000000000 ) ) ;
#525 = ORIENTED_EDGE ( 'NONE', *, *, #1389, .F. ) ;
#526 = DIRECTION ( 'NONE',  ( 6.476403751518350560E-16, -1.000000000000000000, 0.000000000000000000 ) ) ;
#527 = ADVANCED_FACE ( 'NONE', ( #3156 ), #266, .T. ) ;
#528 = DIRECTION ( 'NONE',  ( 0.000000000000000000, -0.000000000000000000, 1.000000000000000000 ) ) ;
#529 = CARTESIAN_POINT ( 'NONE',  ( 12.49999999999999822, 5.000000000000000000, -12.49999999999999467 ) ) ;
#530 = AXIS2_PLACEMENT_3D ( 'NONE', #218, #2456, #2480 ) ;
#531 = FACE_OUTER_BOUND ( 'NONE', #277, .T. ) ;
#532 = ORIENTED_EDGE ( 'NONE', *, *, #1544, .T. ) ;
#533 = FACE_OUTER_BOUND ( 'NONE', #250, .T. ) ;
#534 = ADVANCED_FACE ( 'NONE', ( #3100 ), #1199, .T. ) ;
#535 = CARTESIAN_POINT ( 'NONE',  ( 123.6584048087145504, 3.682340472995327296, 1.000000000000000000 ) ) ;
#536 = ORIENTED_EDGE ( 'NONE', *, *, #1065, .T. ) ;
#537 = ORIENTED_EDGE ( 'NONE', *, *, #1496, .F. ) ;
#538 = EDGE_CURVE ( 'NONE', #1252, #3247, #381, .T. ) ;
#539 = FACE_OUTER_BOUND ( 'NONE', #2549, .T. ) ;
#540 = DIRECTION ( 'NONE',  ( 0.000000000000000000, 0.000000000000000000, 1.000000000000000000 ) ) ;
#541 = ORIENTED_EDGE ( 'NONE', *, *, #3454, .T. ) ;
#542 = CARTESIAN_POINT ( 'NONE',  ( 0.000000000000000000, 0.000000000000000000, 15.00000000000000000 ) ) ;
#543 = FACE_OUTER_BOUND ( 'NONE', #4014, .T. ) ;
#544 = DIRECTION ( 'NONE',  ( 0.000000000000000000, 0.000000000000000000, 1.000000000000000000 ) ) ;
#545 = VERTEX_POINT ( 'NONE', #2 ) ;
#546 = FACE_OUTER_BOUND ( 'NONE', #3030, .T. ) ;
#547 = DIRECTION ( 'NONE',  ( -0.000000000000000000, -0.000000000000000000, -1.000000000000000000 ) ) ;
#548 = LINE ( 'NONE', #3378, #4092 ) ;
#549 = DIRECTION ( 'NONE',  ( 0.000000000000000000, 1.000000000000000000, 0.000000000000000000 ) ) ;
#550 = ORIENTED_EDGE ( 'NONE', *, *, #3147, .F. ) ;
#551 = SPHERICAL_SURFACE ( 'NONE', #1026, 2.000000000000000000 ) ;
#552 = AXIS2_PLACEMENT_3D ( 'NONE', #4037, #3110, #3712 ) ;
#553 = ORIENTED_EDGE ( 'NONE', *, *, #1261, .F. ) ;
#554 = EDGE_CURVE ( 'NONE', #1664, #117, #3754, .T. ) ;
#555 = CIRCLE ( 'NONE', #215, 5.000000000000004441 ) ;
#556 = CIRCLE ( 'NONE', #3206, 2.000000000000001776 ) ;
#557 = ORIENTED_EDGE ( 'NONE', *, *, #408, .T. ) ;
#558 = FACE_OUTER_BOUND ( 'NONE', #3318, .T. ) ;
#559 = AXIS2_PLACEMENT_3D ( 'NONE', #2658, #3284, #3520 ) ;
#560 = AXIS2_PLACEMENT_3D ( 'NONE', #2985, #1334, #2940 ) ;
#561 = EDGE_CURVE ( 'NONE', #1917, #2864, #648, .T. ) ;
#562 = CIRCLE ( 'NONE', #2472, 2.500000000000000000 ) ;
#563 = VERTEX_POINT ( 'NONE', #1577 ) ;
#564 = CARTESIAN_POINT ( 'NONE',  ( 16.02295830786832198, 69.70015353659437096, 7.500000000000000000 ) ) ;
#565 = DIRECTION ( 'NONE',  ( 0.000000000000000000, 0.000000000000000000, 1.000000000000000000 ) ) ;
#566 = DIRECTION ( 'NONE',  ( 0.000000000000000000, 0.000000000000000000, 1.000000000000000000 ) ) ;
#567 = CARTESIAN_POINT ( 'NONE',  ( 8.401170637189755652, 81.67110793245159073, 0.000000000000000000 ) ) ;
#568 = ORIENTED_EDGE ( 'NONE', *, *, #1238, .T. ) ;
#569 = VECTOR ( 'NONE', #2732, 1000.000000000000000 ) ;
#570 = CARTESIAN_POINT ( 'NONE',  ( 0.000000000000000000, 0.000000000000000000, 13.99999999999999822 ) ) ;
#571 = CARTESIAN_POINT ( 'NONE',  ( 12.49999999999999822, 5.000000000000000000, 29.00000000000000000 ) ) ;
#572 = AXIS2_PLACEMENT_3D ( 'NONE', #3869, #1650, #70 ) ;
#573 = CARTESIAN_POINT ( 'NONE',  ( 0.000000000000000000, 4.000000000000000000, -14.99999999999999645 ) ) ;
#574 = DIRECTION ( 'NONE',  ( -0.8119194573641606016, -0.5837694705562177511, 0.000000000000000000 ) ) ;
#575 = ORIENTED_EDGE ( 'NONE', *, *, #1315, .F. ) ;
#576 = DIRECTION ( 'NONE',  ( -0.000000000000000000, -1.000000000000000000, -0.000000000000000000 ) ) ;
#577 = CIRCLE ( 'NONE', #3695, 2.000000000000001776 ) ;
#578 = ORIENTED_EDGE ( 'NONE', *, *, #2929, .F. ) ;
#579 = ORIENTED_EDGE ( 'NONE', *, *, #684, .F. ) ;
#580 = AXIS2_PLACEMENT_3D ( 'NONE', #529, #4076, #3711 ) ;
#581 = ORIENTED_EDGE ( 'NONE', *, *, #3220, .F. ) ;
#582 = CARTESIAN_POINT ( 'NONE',  ( 122.7353278856376306, 1.000000000000000000, 13.99999999999999822 ) ) ;
#583 = ADVANCED_FACE ( 'NONE', ( #2460 ), #1844, .T. ) ;
#584 = CARTESIAN_POINT ( 'NONE',  ( 13.99999999999999822, 5.000000000000000000, 0.000000000000000000 ) ) ;
#585 = DIRECTION ( 'NONE',  ( -0.000000000000000000, -1.000000000000000000, -0.000000000000000000 ) ) ;
#586 = EDGE_LOOP ( 'NONE', ( #3508, #73, #646, #998 ) ) ;
#587 = FACE_OUTER_BOUND ( 'NONE', #1149, .T. ) ;
#588 = EDGE_CURVE ( 'NONE', #2707, #2237, #1242, .T. ) ;
#589 = EDGE_CURVE ( 'NONE', #360, #450, #2487, .T. ) ;
#590 = LINE ( 'NONE', #229, #361 ) ;
#591 = VERTEX_POINT ( 'NONE', #2872 ) ;
#592 = CARTESIAN_POINT ( 'NONE',  ( 36.74999999999999289, 13.49999999999999467, 9.400000000000000355 ) ) ;
#593 = EDGE_CURVE ( 'NONE', #2774, #318, #1555, .T. ) ;
#594 = DIRECTION ( 'NONE',  ( 1.000000000000000000, 0.000000000000000000, 0.000000000000000000 ) ) ;
#595 = CARTESIAN_POINT ( 'NONE',  ( 25.94852159456643292, 64.97438746468752413, 15.00000000000000000 ) ) ;
#596 = ORIENTED_EDGE ( 'NONE', *, *, #3929, .F. ) ;
#597 = DIRECTION ( 'NONE',  ( -1.000000000000000000, -0.000000000000000000, -0.000000000000000000 ) ) ;
#598 = ORIENTED_EDGE ( 'NONE', *, *, #3534, .T. ) ;
#599 = VERTEX_POINT ( 'NONE', #4094 ) ;
#600 = CARTESIAN_POINT ( 'NONE',  ( 59.00000000000000000, 21.24999999999999645, -38.00000000000000000 ) ) ;
#601 = CARTESIAN_POINT ( 'NONE',  ( 9.000000000000001776, 47.75000000000000000, 14.90000000000000036 ) ) ;
#602 = ADVANCED_FACE ( 'NONE', ( #3411 ), #2421, .T. ) ;
#603 = ORIENTED_EDGE ( 'NONE', *, *, #2241, .F. ) ;
#604 = DIRECTION ( 'NONE',  ( 6.938893903907222067E-15, 1.000000000000000000, 0.000000000000000000 ) ) ;
#605 = EDGE_CURVE ( 'NONE', #2591, #1082, #702, .T. ) ;
#606 = CARTESIAN_POINT ( 'NONE',  ( 59.66622618653564558, 48.92831660648310077, 14.90000000000000036 ) ) ;
#607 = DIRECTION ( 'NONE',  ( -0.000000000000000000, -0.000000000000000000, 1.000000000000000000 ) ) ;
#608 = CARTESIAN_POINT ( 'NONE',  ( 15.05051025721681945, 5.000000000000000000, 15.00000000000000000 ) ) ;
#609 = EDGE_CURVE ( 'NONE', #1333, #2041, #622, .T. ) ;
#610 = EDGE_LOOP ( 'NONE', ( #557, #2018, #1885, #3651 ) ) ;
#611 = DIRECTION ( 'NONE',  ( -0.000000000000000000, -0.000000000000000000, -1.000000000000000000 ) ) ;
#612 = ORIENTED_EDGE ( 'NONE', *, *, #2720, .T. ) ;
#613 = ORIENTED_EDGE ( 'NONE', *, *, #2099, .F. ) ;
#614 = AXIS2_PLACEMENT_3D ( 'NONE', #4018, #549, #2123 ) ;
#615 = CARTESIAN_POINT ( 'NONE',  ( -21.95324329110233563, 30.53305504878868248, 30.00000000000000000 ) ) ;
#616 = AXIS2_PLACEMENT_3D ( 'NONE', #1790, #852, #1122 ) ;
#617 = CYLINDRICAL_SURFACE ( 'NONE', #1501, 2.499999999999998668 ) ;
#618 = VERTEX_POINT ( 'NONE', #47 ) ;
#619 = TOROIDAL_SURFACE ( 'NONE', #1747, 3.500000000000000000, 1.000000000000000000 ) ;
#620 = AXIS2_PLACEMENT_3D ( 'NONE', #4081, #3482, #3815 ) ;
#621 = DIRECTION ( 'NONE',  ( -1.000000000000000000, -0.000000000000000000, -0.000000000000000000 ) ) ;
#622 = LINE ( 'NONE', #2851, #638 ) ;
#623 = ORIENTED_EDGE ( 'NONE', *, *, #3786, .F. ) ;
#624 = CIRCLE ( 'NONE', #1092, 1.500000000000000000 ) ;
#625 = CIRCLE ( 'NONE', #3878, 2.000000000000001776 ) ;
#626 = FACE_OUTER_BOUND ( 'NONE', #3582, .T. ) ;
#627 = EDGE_LOOP ( 'NONE', ( #2781, #2913, #1524, #2126 ) ) ;
#628 = CARTESIAN_POINT ( 'NONE',  ( 5.805481709269375123, 81.89925791925952581, 30.00000000000000000 ) ) ;
#629 = EDGE_CURVE ( 'NONE', #1835, #2266, #741, .T. ) ;
#630 = DIRECTION ( 'NONE',  ( 0.000000000000000000, 0.000000000000000000, -1.000000000000000000 ) ) ;
#631 = DIRECTION ( 'NONE',  ( 0.000000000000000000, 0.000000000000000000, 1.000000000000000000 ) ) ;
#632 = AXIS2_PLACEMENT_3D ( 'NONE', #434, #2884, #1297 ) ;
#633 = DIRECTION ( 'NONE',  ( -0.000000000000000000, -0.000000000000000000, 1.000000000000000000 ) ) ;
#634 = ORIENTED_EDGE ( 'NONE', *, *, #1047, .F. ) ;
#635 = CARTESIAN_POINT ( 'NONE',  ( 23.62211815942388782, 74.54811904291823055, 7.500000000000000000 ) ) ;
#636 = EDGE_CURVE ( 'NONE', #2311, #3131, #1369, .T. ) ;
#637 = ADVANCED_FACE ( 'NONE', ( #1061 ), #1645, .T. ) ;
#638 = VECTOR ( 'NONE', #3244, 1000.000000000000000 ) ;
#639 = ORIENTED_EDGE ( 'NONE', *, *, #2068, .T. ) ;
#640 = CARTESIAN_POINT ( 'NONE',  ( 1.092332116235429474E-16, 4.585786437626905077, 14.58578643762690419 ) ) ;
#641 = ORIENTED_EDGE ( 'NONE', *, *, #2662, .T. ) ;
#642 = VERTEX_POINT ( 'NONE', #2776 ) ;
#643 = DIRECTION ( 'NONE',  ( 0.7882269819968922286, -0.6153846153846154188, 0.000000000000000000 ) ) ;
#644 = PERSON_AND_ORGANIZATION ( #3816, #3614 ) ;
#645 = DIRECTION ( 'NONE',  ( -0.000000000000000000, -0.000000000000000000, 1.000000000000000000 ) ) ;
#646 = ORIENTED_EDGE ( 'NONE', *, *, #3615, .T. ) ;
#647 = CARTESIAN_POINT ( 'NONE',  ( 40.50000000000000000, 33.49999999999999289, -38.00000000000000000 ) ) ;
#648 = LINE ( 'NONE', #2510, #2630 ) ;
#649 = CARTESIAN_POINT ( 'NONE',  ( 5.500000000000000000, 47.24999999999998579, -40.00000000000000000 ) ) ;
#650 = CARTESIAN_POINT ( 'NONE',  ( -36.31397226678525669, 50.50627369994720084, 0.000000000000000000 ) ) ;
#651 = FACE_OUTER_BOUND ( 'NONE', #411, .T. ) ;
#652 = CARTESIAN_POINT ( 'NONE',  ( 47.73938099419595460, 34.32457852178753654, 0.000000000000000000 ) ) ;
#653 = ADVANCED_FACE ( 'NONE', ( #986 ), #3817, .T. ) ;
#654 = ORIENTED_EDGE ( 'NONE', *, *, #3534, .F. ) ;
#655 = CARTESIAN_POINT ( 'NONE',  ( 26.42089497242594831, 62.60439518793016589, 30.00000000000000000 ) ) ;
#656 = VERTEX_POINT ( 'NONE', #2862 ) ;
#657 = EDGE_CURVE ( 'NONE', #989, #545, #1689, .T. ) ;
#658 = ORIENTED_EDGE ( 'NONE', *, *, #2747, .T. ) ;
#659 = DIRECTION ( 'NONE',  ( 1.000000000000000000, 0.000000000000000000, 0.000000000000000000 ) ) ;
#660 = CARTESIAN_POINT ( 'NONE',  ( 0.000000000000000000, 5.000000000000000000, 1.000000000000000888 ) ) ;
#661 = DIRECTION ( 'NONE',  ( -1.000000000000000000, 0.000000000000000000, 0.000000000000000000 ) ) ;
#662 = EDGE_CURVE ( 'NONE', #3866, #2737, #969, .T. ) ;
#663 = ORIENTED_EDGE ( 'NONE', *, *, #3251, .F. ) ;
#664 = CARTESIAN_POINT ( 'NONE',  ( 0.000000000000000000, 5.000000000000000000, 0.000000000000000000 ) ) ;
#665 = VERTEX_POINT ( 'NONE', #2391 ) ;
#666 = CYLINDRICAL_SURFACE ( 'NONE', #3139, 2.750000000000002665 ) ;
#667 = FACE_OUTER_BOUND ( 'NONE', #2411, .T. ) ;
#668 = CYLINDRICAL_SURFACE ( 'NONE', #171, 1.000000000000000888 ) ;
#669 = DIRECTION ( 'NONE',  ( -0.000000000000000000, 0.000000000000000000, -1.000000000000000000 ) ) ;
#670 = FACE_BOUND ( 'NONE', #719, .T. ) ;
#671 = ORIENTED_EDGE ( 'NONE', *, *, #2560, .F. ) ;
#672 = CARTESIAN_POINT ( 'NONE',  ( 0.000000000000000000, 1.000000000000000000, 29.00000000000000000 ) ) ;
#673 = CARTESIAN_POINT ( 'NONE',  ( 11.58779261888350653, 84.94760611584590038, 30.00000000000000000 ) ) ;
#674 = ORIENTED_EDGE ( 'NONE', *, *, #677, .F. ) ;
#675 = CARTESIAN_POINT ( 'NONE',  ( 33.33350952538574319, 9.235569909130907362, 14.90000000000000036 ) ) ;
#676 = PERSON_AND_ORGANIZATION ( #3816, #3614 ) ;
#677 = EDGE_CURVE ( 'NONE', #3117, #3523, #3912, .T. ) ;
#678 = CARTESIAN_POINT ( 'NONE',  ( 9.000000000000001776, 19.25000000000000000, -8.000000000000000000 ) ) ;
#679 = ORIENTED_EDGE ( 'NONE', *, *, #1047, .T. ) ;
#680 = DIRECTION ( 'NONE',  ( 0.000000000000000000, -0.000000000000000000, 1.000000000000000000 ) ) ;
#681 = DIRECTION ( 'NONE',  ( 0.000000000000000000, 0.000000000000000000, 1.000000000000000000 ) ) ;
#682 = CIRCLE ( 'NONE', #947, 1.000000000000000000 ) ;
#683 = ADVANCED_FACE ( 'NONE', ( #333 ), #2242, .F. ) ;
#684 = EDGE_CURVE ( 'NONE', #1599, #2353, #2230, .T. ) ;
#685 = VERTEX_POINT ( 'NONE', #926 ) ;
#686 = DIRECTION ( 'NONE',  ( 0.000000000000000000, -1.000000000000000000, 0.000000000000000000 ) ) ;
#687 = AXIS2_PLACEMENT_3D ( 'NONE', #397, #2559, #293 ) ;
#688 = AXIS2_PLACEMENT_3D ( 'NONE', #1726, #1002, #116 ) ;
#689 = ORIENTED_EDGE ( 'NONE', *, *, #2155, .T. ) ;
#690 = DIRECTION ( 'NONE',  ( -0.7882269819968921176, 0.6153846153846153078, 0.000000000000000000 ) ) ;
#691 = VECTOR ( 'NONE', #893, 1000.000000000000000 ) ;
#692 = DIRECTION ( 'NONE',  ( 1.000000000000000000, 0.000000000000000000, -0.000000000000000000 ) ) ;
#693 = CARTESIAN_POINT ( 'NONE',  ( 14.88627106755849638, 68.88287627781566869, 7.500000000000000000 ) ) ;
#694 = CARTESIAN_POINT ( 'NONE',  ( 39.06706072004166685, 89.04005643235019818, 7.500000000000000000 ) ) ;
#695 = ORIENTED_EDGE ( 'NONE', *, *, #1066, .T. ) ;
#696 = AXIS2_PLACEMENT_3D ( 'NONE', #1152, #1434, #3941 ) ;
#697 = CARTESIAN_POINT ( 'NONE',  ( 17.49999999999999645, 5.000000000000000000, -2.500000000000000444 ) ) ;
#698 = CARTESIAN_POINT ( 'NONE',  ( 17.49999999999999645, 1.000000000000000000, 13.99999999999999822 ) ) ;
#699 = AXIS2_PLACEMENT_3D ( 'NONE', #3913, #77, #1317 ) ;
#700 = ORIENTED_EDGE ( 'NONE', *, *, #1544, .F. ) ;
#701 = CARTESIAN_POINT ( 'NONE',  ( 33.99999999999998579, 53.49999999999999289, 9.400000000000000355 ) ) ;
#702 = CIRCLE ( 'NONE', #3564, 2.500000000000000000 ) ;
#703 = DIRECTION ( 'NONE',  ( 0.000000000000000000, 0.000000000000000000, 1.000000000000000000 ) ) ;
#704 = PERSON_AND_ORGANIZATION ( #3816, #3614 ) ;
#705 = ORIENTED_EDGE ( 'NONE', *, *, #75, .T. ) ;
#706 = EDGE_CURVE ( 'NONE', #2311, #3905, #1257, .T. ) ;
#707 = CARTESIAN_POINT ( 'NONE',  ( 12.49999999999999822, 0.000000000000000000, -13.99999999999999467 ) ) ;
#708 = CIRCLE ( 'NONE', #3765, 0.7999999999999951594 ) ;
#709 = CARTESIAN_POINT ( 'NONE',  ( 2.500000000000000000, 5.000000000000000000, 27.50000000000000355 ) ) ;
#710 = AXIS2_PLACEMENT_3D ( 'NONE', #3142, #3522, #938 ) ;
#711 = ORIENTED_EDGE ( 'NONE', *, *, #2155, .F. ) ;
#712 = EDGE_CURVE ( 'NONE', #1907, #599, #403, .T. ) ;
#713 = CARTESIAN_POINT ( 'NONE',  ( 17.49999999999999645, 4.000000000000000000, 0.000000000000000000 ) ) ;
#714 = LINE ( 'NONE', #650, #1497 ) ;
#715 = LINE ( 'NONE', #1893, #2278 ) ;
#716 = ORIENTED_EDGE ( 'NONE', *, *, #3329, .F. ) ;
#717 = EDGE_CURVE ( 'NONE', #360, #11, #577, .T. ) ;
#718 = DIRECTION ( 'NONE',  ( -0.000000000000000000, -0.000000000000000000, 1.000000000000000000 ) ) ;
#719 = EDGE_LOOP ( 'NONE', ( #1856, #183 ) ) ;
#720 = CARTESIAN_POINT ( 'NONE',  ( 7.500000000000013323, 49.25000000000000000, -38.00000000000000000 ) ) ;
#721 = CALENDAR_DATE ( 2024, 25, 6 ) ;
#722 = ORIENTED_EDGE ( 'NONE', *, *, #2871, .T. ) ;
#723 = LINE ( 'NONE', #3344, #1030 ) ;
#724 = LINE ( 'NONE', #1043, #2160 ) ;
#725 = APPROVAL ( #2306, 'UNSPECIFIED' ) ;
#726 = ORIENTED_EDGE ( 'NONE', *, *, #213, .F. ) ;
#727 = LINE ( 'NONE', #2012, #1939 ) ;
#728 = ADVANCED_FACE ( 'NONE', ( #2262 ), #1341, .T. ) ;
#729 = DIRECTION ( 'NONE',  ( -0.000000000000000000, -0.000000000000000000, -1.000000000000000000 ) ) ;
#730 = ORIENTED_EDGE ( 'NONE', *, *, #3731, .T. ) ;
#731 = EDGE_LOOP ( 'NONE', ( #1370, #2478, #3333, #2852 ) ) ;
#732 = LINE ( 'NONE', #453, #1804 ) ;
#733 = ADVANCED_FACE ( 'NONE', ( #3216 ), #2000, .F. ) ;
#734 = CYLINDRICAL_SURFACE ( 'NONE', #699, 1.000000000000000888 ) ;
#735 = VERTEX_POINT ( 'NONE', #2973 ) ;
#736 = LINE ( 'NONE', #1998, #1482 ) ;
#737 = CYLINDRICAL_SURFACE ( 'NONE', #1346, 1.200000000000001510 ) ;
#738 = ORIENTED_EDGE ( 'NONE', *, *, #1848, .F. ) ;
#739 = CYLINDRICAL_SURFACE ( 'NONE', #2882, 1.000000000000000888 ) ;
#740 = CARTESIAN_POINT ( 'NONE',  ( 9.000000000000001776, 21.05000000000000071, -36.19999999999999574 ) ) ;
#741 = LINE ( 'NONE', #997, #1161 ) ;
#742 = DIRECTION ( 'NONE',  ( 0.000000000000000000, 0.000000000000000000, 1.000000000000000000 ) ) ;
#743 = ORIENTED_EDGE ( 'NONE', *, *, #3704, .F. ) ;
#744 = AXIS2_PLACEMENT_3D ( 'NONE', #3723, #203, #544 ) ;
#745 = FACE_OUTER_BOUND ( 'NONE', #907, .T. ) ;
#746 = DIRECTION ( 'NONE',  ( -0.000000000000000000, -0.000000000000000000, 1.000000000000000000 ) ) ;
#747 = VERTEX_POINT ( 'NONE', #127 ) ;
#748 = VECTOR ( 'NONE', #703, 1000.000000000000000 ) ;
#749 = AXIS2_PLACEMENT_3D ( 'NONE', #2279, #3860, #2638 ) ;
#750 = CARTESIAN_POINT ( 'NONE',  ( 13.99999999999999822, 1.000000000000000000, -12.49999999999999467 ) ) ;
#751 = TOROIDAL_SURFACE ( 'NONE', #3207, 1.500000000000000000, 1.000000000000000000 ) ;
#752 = ORIENTED_EDGE ( 'NONE', *, *, #3858, .T. ) ;
#753 = FACE_OUTER_BOUND ( 'NONE', #2777, .T. ) ;
#754 = EDGE_CURVE ( 'NONE', #3698, #1475, #3630, .T. ) ;
#755 = AXIS2_PLACEMENT_3D ( 'NONE', #3311, #3921, #827 ) ;
#756 = CARTESIAN_POINT ( 'NONE',  ( 21.82786845998274217, 62.99696041307586825, 0.000000000000000000 ) ) ;
#757 = DIRECTION ( 'NONE',  ( 0.000000000000000000, 0.000000000000000000, 1.000000000000000000 ) ) ;
#758 = VECTOR ( 'NONE', #2267, 1000.000000000000000 ) ;
#759 = ORIENTED_EDGE ( 'NONE', *, *, #1927, .T. ) ;
#760 = DIRECTION ( 'NONE',  ( -1.000000000000000000, 0.000000000000000000, -0.000000000000000000 ) ) ;
#761 = EDGE_CURVE ( 'NONE', #747, #2353, #3495, .T. ) ;
#762 = EDGE_CURVE ( 'NONE', #1467, #1694, #3568, .T. ) ;
#763 = DIRECTION ( 'NONE',  ( 0.000000000000000000, 0.000000000000000000, -1.000000000000000000 ) ) ;
#764 = ORIENTED_EDGE ( 'NONE', *, *, #761, .T. ) ;
#765 = VECTOR ( 'NONE', #3359, 1000.000000000000000 ) ;
#766 = EDGE_CURVE ( 'NONE', #735, #591, #1891, .T. ) ;
#767 = DIRECTION ( 'NONE',  ( 0.8119194573641600465, 0.5837694705562185282, 0.000000000000000000 ) ) ;
#768 = CIRCLE ( 'NONE', #3222, 2.000000000000001776 ) ;
#769 = FACE_BOUND ( 'NONE', #1398, .T. ) ;
#770 = ORIENTED_EDGE ( 'NONE', *, *, #3527, .T. ) ;
#771 = AXIS2_PLACEMENT_3D ( 'NONE', #3953, #3593, #153 ) ;
#772 = DIRECTION ( 'NONE',  ( 0.000000000000000000, 0.000000000000000000, -1.000000000000000000 ) ) ;
#773 = ORIENTED_EDGE ( 'NONE', *, *, #609, .T. ) ;
#774 = AXIS2_PLACEMENT_3D ( 'NONE', #3175, #3448, #2220 ) ;
#775 = CARTESIAN_POINT ( 'NONE',  ( 33.33350952538574319, 57.76443009086911928, 15.00000000000000000 ) ) ;
#776 = ORIENTED_EDGE ( 'NONE', *, *, #1781, .T. ) ;
#777 = DIRECTION ( 'NONE',  ( -0.7882269819968922286, 0.6153846153846154188, 0.000000000000000000 ) ) ;
#778 = CARTESIAN_POINT ( 'NONE',  ( 6.304958344601923059, 82.87356126809652324, 30.00000000000000000 ) ) ;
#779 = CC_DESIGN_PERSON_AND_ORGANIZATION_ASSIGNMENT ( #676, #332, ( #3077 ) ) ;
#780 = DIRECTION ( 'NONE',  ( -0.000000000000000000, -0.000000000000000000, -1.000000000000000000 ) ) ;
#781 = ORIENTED_EDGE ( 'NONE', *, *, #3192, .F. ) ;
#782 = DIRECTION ( 'NONE',  ( 0.000000000000000000, 0.000000000000000000, -1.000000000000000000 ) ) ;
#783 = ORIENTED_EDGE ( 'NONE', *, *, #1261, .T. ) ;
#784 = ADVANCED_FACE ( 'NONE', ( #3538 ), #1561, .F. ) ;
#785 = ORIENTED_EDGE ( 'NONE', *, *, #1422, .T. ) ;
#786 = DIRECTION ( 'NONE',  ( 0.5837694705562177511, -0.8119194573641607127, 0.000000000000000000 ) ) ;
#787 = FACE_OUTER_BOUND ( 'NONE', #627, .T. ) ;
#788 = EDGE_CURVE ( 'NONE', #419, #519, #3919, .T. ) ;
#789 = ORIENTED_EDGE ( 'NONE', *, *, #58, .F. ) ;
#790 = CARTESIAN_POINT ( 'NONE',  ( 17.49999999999999645, 0.000000000000000000, 13.99999999999999822 ) ) ;
#791 = EDGE_LOOP ( 'NONE', ( #1846, #2799, #3555, #1578 ) ) ;
#792 = CARTESIAN_POINT ( 'NONE',  ( 2.500000000000000000, 1.000000000000000000, 29.00000000000000000 ) ) ;
#793 = ORIENTED_EDGE ( 'NONE', *, *, #1705, .T. ) ;
#794 = CARTESIAN_POINT ( 'NONE',  ( 7.500000000000000000, 45.94999999999999574, -38.00000000000000000 ) ) ;
#795 = FACE_OUTER_BOUND ( 'NONE', #4023, .T. ) ;
#796 = ORIENTED_EDGE ( 'NONE', *, *, #1515, .F. ) ;
#797 = CARTESIAN_POINT ( 'NONE',  ( -21.13596603232364046, 29.39636780847884623, 30.00000000000000000 ) ) ;
#798 = ORIENTED_EDGE ( 'NONE', *, *, #1793, .T. ) ;
#799 = EDGE_LOOP ( 'NONE', ( #3354, #1279, #3171, #1540 ) ) ;
#800 = LINE ( 'NONE', #2065, #3882 ) ;
#801 = EDGE_CURVE ( 'NONE', #3996, #210, #3231, .T. ) ;
#802 = DIRECTION ( 'NONE',  ( 0.5837694705562167519, -0.8119194573641613788, 0.000000000000000000 ) ) ;
#803 = CARTESIAN_POINT ( 'NONE',  ( 0.000000000000000000, 4.000000000000000000, -13.99999999999999467 ) ) ;
#804 = EDGE_CURVE ( 'NONE', #995, #642, #2978, .T. ) ;
#805 = LINE ( 'NONE', #2072, #1276 ) ;
#806 = ORIENTED_EDGE ( 'NONE', *, *, #1865, .F. ) ;
#807 = AXIS2_PLACEMENT_3D ( 'NONE', #55, #2496, #3478 ) ;
#808 = ORIENTED_EDGE ( 'NONE', *, *, #554, .T. ) ;
#809 = CYLINDRICAL_SURFACE ( 'NONE', #3135, 1.199999999999996181 ) ;
#810 = AXIS2_PLACEMENT_3D ( 'NONE', #1937, #2027, #1983 ) ;
#811 = AXIS2_PLACEMENT_3D ( 'NONE', #1982, #3303, #1365 ) ;
#812 = DIRECTION ( 'NONE',  ( -0.000000000000000000, -0.000000000000000000, -1.000000000000000000 ) ) ;
#813 = APPROVAL_PERSON_ORGANIZATION ( #2260, #353, #1905 ) ;
#814 = ORIENTED_EDGE ( 'NONE', *, *, #1918, .T. ) ;
#815 = AXIS2_PLACEMENT_3D ( 'NONE', #1308, #1024, #1952 ) ;
#816 = VECTOR ( 'NONE', #611, 1000.000000000000000 ) ;
#817 = CARTESIAN_POINT ( 'NONE',  ( 13.99999999999999822, 0.000000000000000000, 27.50000000000000000 ) ) ;
#818 = VECTOR ( 'NONE', #3515, 1000.000000000000000 ) ;
#819 = VECTOR ( 'NONE', #507, 1000.000000000000114 ) ;
#820 = ORIENTED_EDGE ( 'NONE', *, *, #2511, .T. ) ;
#821 = AXIS2_PLACEMENT_3D ( 'NONE', #2678, #3918, #2113 ) ;
#822 = CYLINDRICAL_SURFACE ( 'NONE', #285, 2.500000000000002220 ) ;
#823 = CARTESIAN_POINT ( 'NONE',  ( 28.76336200293031453, 60.71684433801905101, 0.000000000000000000 ) ) ;
#824 = CARTESIAN_POINT ( 'NONE',  ( 1.000000000000000000, 5.000000000000000000, 0.000000000000000000 ) ) ;
#825 = CIRCLE ( 'NONE', #1293, 4.999999999999995559 ) ;
#826 = ADVANCED_FACE ( 'NONE', ( #2292 ), #3828, .T. ) ;
#827 = DIRECTION ( 'NONE',  ( -0.9428401836006544690, 0.3332452373071279617, 0.000000000000000000 ) ) ;
#828 = AXIS2_PLACEMENT_3D ( 'NONE', #2494, #3418, #7 ) ;
#829 = AXIS2_PLACEMENT_3D ( 'NONE', #1028, #2563, #1867 ) ;
#830 = EDGE_CURVE ( 'NONE', #1388, #1244, #724, .T. ) ;
#831 = DIRECTION ( 'NONE',  ( -1.000000000000000000, -0.000000000000000000, -0.000000000000000000 ) ) ;
#832 = ORIENTED_EDGE ( 'NONE', *, *, #2477, .T. ) ;
#833 = CIRCLE ( 'NONE', #3302, 1.499999999999999556 ) ;
#834 = CARTESIAN_POINT ( 'NONE',  ( 48.61538461538460609, 62.26993157775448395, 13.99999999999999822 ) ) ;
#835 = CARTESIAN_POINT ( 'NONE',  ( 15.00000000000000000, 1.000000000000000000, -12.49999999999999645 ) ) ;
#836 = ADVANCED_FACE ( 'NONE', ( #2007, #464, #769 ), #1646, .F. ) ;
#837 = CARTESIAN_POINT ( 'NONE',  ( -21.13596603232364046, 29.39636780847884623, -0.000000000000000000 ) ) ;
#838 = CARTESIAN_POINT ( 'NONE',  ( 10.88726925421604541, 85.92190946468288359, 0.000000000000000000 ) ) ;
#839 = ORIENTED_EDGE ( 'NONE', *, *, #2199, .F. ) ;
#840 = AXIS2_PLACEMENT_3D ( 'NONE', #3852, #2857, #2903 ) ;
#841 = DIRECTION ( 'NONE',  ( 1.000000000000000000, 0.000000000000000000, 0.000000000000000000 ) ) ;
#842 = ORIENTED_EDGE ( 'NONE', *, *, #3786, .T. ) ;
#843 = FACE_OUTER_BOUND ( 'NONE', #1601, .T. ) ;
#844 = DIRECTION ( 'NONE',  ( 0.000000000000000000, 0.000000000000000000, 1.000000000000000000 ) ) ;
#845 = DIRECTION ( 'NONE',  ( 0.000000000000000000, 0.000000000000000000, 1.000000000000000000 ) ) ;
#846 = CARTESIAN_POINT ( 'NONE',  ( 6.999999999999999112, 44.21411568847982920, 14.90000000000000036 ) ) ;
#847 = EDGE_CURVE ( 'NONE', #1269, #3776, #3228, .T. ) ;
#848 = ORIENTED_EDGE ( 'NONE', *, *, #1109, .F. ) ;
#849 = CARTESIAN_POINT ( 'NONE',  ( 7.000000000000000888, 21.24999999999999645, -8.000000000000000000 ) ) ;
#850 = LINE ( 'NONE', #1200, #2809 ) ;
#851 = ORIENTED_EDGE ( 'NONE', *, *, #2589, .F. ) ;
#852 = DIRECTION ( 'NONE',  ( 0.000000000000000000, 1.000000000000000000, 0.000000000000000000 ) ) ;
#853 = ADVANCED_FACE ( 'NONE', ( #1408, #2680 ), #1949, .T. ) ;
#854 = CARTESIAN_POINT ( 'NONE',  ( 28.76336200293031453, 60.71684433801905101, 30.00000000000000000 ) ) ;
#855 = DIRECTION ( 'NONE',  ( 1.000000000000000000, 0.000000000000000000, 0.000000000000000000 ) ) ;
#856 = ORIENTED_EDGE ( 'NONE', *, *, #2825, .T. ) ;
#857 = FACE_OUTER_BOUND ( 'NONE', #240, .T. ) ;
#858 = ADVANCED_FACE ( 'NONE', ( #3599 ), #2958, .T. ) ;
#859 = VERTEX_POINT ( 'NONE', #3865 ) ;
#860 = ORIENTED_EDGE ( 'NONE', *, *, #414, .T. ) ;
#861 = DIRECTION ( 'NONE',  ( 0.5837694705562176400, -0.8119194573641609347, 0.000000000000000000 ) ) ;
#862 = CARTESIAN_POINT ( 'NONE',  ( 60.50000000000000000, 19.74999999999999645, 0.000000000000000000 ) ) ;
#863 = VERTEX_POINT ( 'NONE', #1019 ) ;
#864 = PLANE ( 'NONE',  #2466 ) ;
#865 = LINE ( 'NONE', #4030, #3554 ) ;
#866 = DIRECTION ( 'NONE',  ( -1.000000000000000000, 0.000000000000000000, 0.000000000000000000 ) ) ;
#867 = LINE ( 'NONE', #3705, #3995 ) ;
#868 = CARTESIAN_POINT ( 'NONE',  ( 7.500000000000013323, 49.25000000000000000, 0.000000000000000000 ) ) ;
#869 = ORIENTED_EDGE ( 'NONE', *, *, #1336, .T. ) ;
#870 = DIRECTION ( 'NONE',  ( 0.5837694705562177511, -0.8119194573641607127, 0.000000000000000000 ) ) ;
#871 = DIRECTION ( 'NONE',  ( -0.000000000000000000, -0.000000000000000000, -1.000000000000000000 ) ) ;
#872 = LINE ( 'NONE', #1358, #3736 ) ;
#873 = ADVANCED_FACE ( 'NONE', ( #2623 ), #3566, .T. ) ;
#874 = ORIENTED_EDGE ( 'NONE', *, *, #1389, .T. ) ;
#875 = DIRECTION ( 'NONE',  ( -0.000000000000000000, -0.000000000000000000, -1.000000000000000000 ) ) ;
#876 = AXIS2_PLACEMENT_3D ( 'NONE', #520, #1235, #3794 ) ;
#877 =( BOUNDED_CURVE ( )  B_SPLINE_CURVE ( 3, ( #76, #640, #359, #379 ),
 .UNSPECIFIED., .F., .T. ) 
 B_SPLINE_CURVE_WITH_KNOTS ( ( 4, 4 ),
 ( 4.712388980384689674, 6.283185307179586232 ),
 .UNSPECIFIED. ) 
 CURVE ( )  GEOMETRIC_REPRESENTATION_ITEM ( )  RATIONAL_B_SPLINE_CURVE ( ( 1.000000000000000000, 0.8047378541243649375, 0.8047378541243649375, 1.000000000000000000 ) ) 
 REPRESENTATION_ITEM ( '' )  );
#878 = ORIENTED_EDGE ( 'NONE', *, *, #2435, .F. ) ;
#879 = AXIS2_PLACEMENT_3D ( 'NONE', #31, #1832, #3747 ) ;
#880 = VECTOR ( 'NONE', #80, 1000.000000000000000 ) ;
#881 = EDGE_CURVE ( 'NONE', #3218, #1505, #1300, .T. ) ;
#882 = VERTEX_POINT ( 'NONE', #2368 ) ;
#883 = EDGE_CURVE ( 'NONE', #3330, #3896, #2131, .T. ) ;
#884 = CARTESIAN_POINT ( 'NONE',  ( 122.7353278856376306, 2.500000000000000000, 15.00000000000000000 ) ) ;
#885 =( NAMED_UNIT ( * ) PLANE_ANGLE_UNIT ( ) SI_UNIT ( $, .RADIAN. ) );
#886 = AXIS2_PLACEMENT_3D ( 'NONE', #1046, #3984, #1411 ) ;
#887 = AXIS2_PLACEMENT_3D ( 'NONE', #3212, #2305, #3880 ) ;
#888 = LINE ( 'NONE', #584, #3470 ) ;
#889 = PLANE ( 'NONE',  #177 ) ;
#890 = EDGE_CURVE ( 'NONE', #3247, #1993, #2703, .T. ) ;
#891 = AXIS2_PLACEMENT_3D ( 'NONE', #1946, #1595, #1371 ) ;
#892 = VERTEX_POINT ( 'NONE', #2049 ) ;
#893 = DIRECTION ( 'NONE',  ( 0.000000000000000000, 0.000000000000000000, 1.000000000000000000 ) ) ;
#894 = CIRCLE ( 'NONE', #962, 0.7999999999999951594 ) ;
#895 = EDGE_LOOP ( 'NONE', ( #2508, #1076, #928, #3067 ) ) ;
#896 = VECTOR ( 'NONE', #3163, 1000.000000000000000 ) ;
#897 = DIRECTION ( 'NONE',  ( -0.8119194573641616008, -0.5837694705562165298, 0.000000000000000000 ) ) ;
#898 = LINE ( 'NONE', #854, #3091 ) ;
#899 = VECTOR ( 'NONE', #1822, 1000.000000000000114 ) ;
#900 = DIRECTION ( 'NONE',  ( 0.000000000000000000, 1.000000000000000000, 0.000000000000000000 ) ) ;
#901 = CARTESIAN_POINT ( 'NONE',  ( 1.000000000000000000, 0.000000000000000000, 15.00000000000000000 ) ) ;
#902 = EDGE_LOOP ( 'NONE', ( #2939, #776 ) ) ;
#903 = FACE_OUTER_BOUND ( 'NONE', #3006, .T. ) ;
#904 = AXIS2_PLACEMENT_3D ( 'NONE', #200, #476, #1176 ) ;
#905 = ORIENTED_EDGE ( 'NONE', *, *, #1829, .F. ) ;
#906 = AXIS2_PLACEMENT_3D ( 'NONE', #3761, #910, #1196 ) ;
#907 = EDGE_LOOP ( 'NONE', ( #2198, #1409, #2447, #1789 ) ) ;
#908 = FACE_OUTER_BOUND ( 'NONE', #2699, .T. ) ;
#909 = EDGE_CURVE ( 'NONE', #2926, #2591, #4022, .T. ) ;
#910 = DIRECTION ( 'NONE',  ( 0.000000000000000000, 0.000000000000000000, 1.000000000000000000 ) ) ;
#911 = ORIENTED_EDGE ( 'NONE', *, *, #1286, .F. ) ;
#912 = DIRECTION ( 'NONE',  ( 0.000000000000000000, 0.000000000000000000, 1.000000000000000000 ) ) ;
#913 = CARTESIAN_POINT ( 'NONE',  ( 62.50000000000000000, 47.24999999999998579, -40.00000000000000000 ) ) ;
#914 = EDGE_CURVE ( 'NONE', #3970, #483, #3404, .T. ) ;
#915 = ORIENTED_EDGE ( 'NONE', *, *, #1971, .F. ) ;
#916 = LINE ( 'NONE', #606, #289 ) ;
#917 = PRODUCT ( 'SIDE SUPPORT_02_06-25-24', 'SIDE SUPPORT_02_06-25-24', '', ( #4105 ) ) ;
#918 = DIRECTION ( 'NONE',  ( 0.000000000000000000, 0.000000000000000000, -1.000000000000000000 ) ) ;
#919 = CARTESIAN_POINT ( 'NONE',  ( 7.500000000000016875, 17.75000000000000000, -38.00000000000000000 ) ) ;
#920 = CARTESIAN_POINT ( 'NONE',  ( 26.64904495923390115, 64.00008411585052670, 15.00000000000000000 ) ) ;
#921 = ORIENTED_EDGE ( 'NONE', *, *, #1421, .F. ) ;
#922 = CARTESIAN_POINT ( 'NONE',  ( 5.500000000000003553, 19.75000000000001421, -38.00000000000000000 ) ) ;
#923 = ORIENTED_EDGE ( 'NONE', *, *, #3450, .T. ) ;
#924 = ORIENTED_EDGE ( 'NONE', *, *, #3166, .F. ) ;
#925 = FACE_OUTER_BOUND ( 'NONE', #3198, .T. ) ;
#926 = CARTESIAN_POINT ( 'NONE',  ( 4.999999999999993783, 44.21411568847982920, 15.00000000000000000 ) ) ;
#927 = DIRECTION ( 'NONE',  ( -0.6153846153846138645, -0.7882269819968933389, 0.000000000000000000 ) ) ;
#928 = ORIENTED_EDGE ( 'NONE', *, *, #1797, .T. ) ;
#929 = EDGE_CURVE ( 'NONE', #3423, #863, #3758, .T. ) ;
#930 = DIRECTION ( 'NONE',  ( -0.000000000000000000, -0.000000000000000000, 1.000000000000000000 ) ) ;
#931 = CARTESIAN_POINT ( 'NONE',  ( 17.49999999999999645, 4.000000000000000000, -2.500000000000000444 ) ) ;
#932 = ORIENTED_EDGE ( 'NONE', *, *, #2175, .T. ) ;
#933 = ORIENTED_EDGE ( 'NONE', *, *, #589, .T. ) ;
#934 = EDGE_CURVE ( 'NONE', #1318, #1418, #3325, .T. ) ;
#935 = EDGE_CURVE ( 'NONE', #450, #2491, #173, .T. ) ;
#936 = LINE ( 'NONE', #628, #3550 ) ;
#937 = FACE_OUTER_BOUND ( 'NONE', #2476, .T. ) ;
#938 = DIRECTION ( 'NONE',  ( -1.000000000000000000, 0.000000000000000000, 0.000000000000000000 ) ) ;
#939 = ORIENTED_EDGE ( 'NONE', *, *, #1292, .F. ) ;
#940 = CARTESIAN_POINT ( 'NONE',  ( 2.500000000000000000, 0.000000000000000000, -12.49999999999999645 ) ) ;
#941 = CARTESIAN_POINT ( 'NONE',  ( 15.00000000000000000, 5.000000000000000000, 27.50000000000000000 ) ) ;
#942 = ORIENTED_EDGE ( 'NONE', *, *, #3858, .F. ) ;
#943 = VECTOR ( 'NONE', #3646, 1000.000000000000000 ) ;
#944 = CARTESIAN_POINT ( 'NONE',  ( 129.3846153846153868, -0.7882269819968921176, 1.000000000000000888 ) ) ;
#945 = CARTESIAN_POINT ( 'NONE',  ( 7.005481709269371748, 81.89925791925952581, 0.000000000000000000 ) ) ;
#946 = DIRECTION ( 'NONE',  ( -0.000000000000000000, 0.000000000000000000, -1.000000000000000000 ) ) ;
#947 = AXIS2_PLACEMENT_3D ( 'NONE', #1830, #2431, #2161 ) ;
#948 = AXIS2_PLACEMENT_3D ( 'NONE', #3486, #225, #3841 ) ;
#949 = CARTESIAN_POINT ( 'NONE',  ( 9.000000000000001776, 45.75000000000000000, -38.00000000000000000 ) ) ;
#950 = VERTEX_POINT ( 'NONE', #3071 ) ;
#951 = AXIS2_PLACEMENT_3D ( 'NONE', #980, #1990, #2960 ) ;
#952 = DIRECTION ( 'NONE',  ( 0.000000000000000000, 0.000000000000000000, 1.000000000000000000 ) ) ;
#953 = DIRECTION ( 'NONE',  ( -1.000000000000000000, 0.000000000000000000, 0.000000000000000000 ) ) ;
#954 = DIRECTION ( 'NONE',  ( 0.5837694705562143094, -0.8119194573641632662, 0.000000000000000000 ) ) ;
#955 = EDGE_CURVE ( 'NONE', #1418, #1266, #3942, .T. ) ;
#956 = AXIS2_PLACEMENT_3D ( 'NONE', #3766, #3410, #3098 ) ;
#957 = EDGE_LOOP ( 'NONE', ( #425, #1643, #1919, #525 ) ) ;
#958 = CARTESIAN_POINT ( 'NONE',  ( 12.49999999999999822, 1.000000000000000000, 30.00000000000000355 ) ) ;
#959 = ADVANCED_FACE ( 'NONE', ( #522 ), #3373, .F. ) ;
#960 = DIRECTION ( 'NONE',  ( -1.000000000000000000, 0.000000000000000000, 0.000000000000000000 ) ) ;
#961 = CARTESIAN_POINT ( 'NONE',  ( 33.99999999999998579, 53.49999999999999289, 14.90000000000000036 ) ) ;
#962 = AXIS2_PLACEMENT_3D ( 'NONE', #756, #718, #3876 ) ;
#963 = ORIENTED_EDGE ( 'NONE', *, *, #2289, .T. ) ;
#964 = CYLINDRICAL_SURFACE ( 'NONE', #290, 0.7999999999999986011 ) ;
#965 = AXIS2_PLACEMENT_3D ( 'NONE', #3457, #607, #1866 ) ;
#966 = EDGE_CURVE ( 'NONE', #1782, #1234, #2634, .T. ) ;
#967 = VERTEX_POINT ( 'NONE', #1785 ) ;
#968 = VERTEX_POINT ( 'NONE', #1116 ) ;
#969 = CIRCLE ( 'NONE', #771, 2.000000000000000000 ) ;
#970 = CARTESIAN_POINT ( 'NONE',  ( 8.333773813464354419, 18.07168339351691699, 14.90000000000000036 ) ) ;
#971 = CARTESIAN_POINT ( 'NONE',  ( 7.500000000000016875, 19.74999999999999645, -38.00000000000000000 ) ) ;
#972 = DATE_AND_TIME ( #721, #3806 ) ;
#973 = DIRECTION ( 'NONE',  ( 1.000000000000000000, 0.000000000000000000, 0.000000000000000000 ) ) ;
#974 = AXIS2_PLACEMENT_3D ( 'NONE', #3115, #2507, #263 ) ;
#975 = CYLINDRICAL_SURFACE ( 'NONE', #3432, 1.999999999999998224 ) ;
#976 = EDGE_LOOP ( 'NONE', ( #3395, #623, #3514, #3496 ) ) ;
#977 = CARTESIAN_POINT ( 'NONE',  ( 17.49999999999999645, 0.000000000000000000, -2.500000000000000444 ) ) ;
#978 = CARTESIAN_POINT ( 'NONE',  ( 9.513192471986204879, 67.79084770410393901, 7.500000000000000000 ) ) ;
#979 = VERTEX_POINT ( 'NONE', #2067 ) ;
#980 = CARTESIAN_POINT ( 'NONE',  ( 39.06706072004166685, 89.04005643235019818, 7.500000000000000000 ) ) ;
#981 = CARTESIAN_POINT ( 'NONE',  ( 62.50000000000000000, 47.24999999999998579, 0.000000000000000000 ) ) ;
#982 = CARTESIAN_POINT ( 'NONE',  ( 27.50000000000000355, 33.49999999999999289, -38.00000000000000000 ) ) ;
#983 = VERTEX_POINT ( 'NONE', #824 ) ;
#984 = DIRECTION ( 'NONE',  ( -0.000000000000000000, 0.000000000000000000, 1.000000000000000000 ) ) ;
#985 = ADVANCED_FACE ( 'NONE', ( #3347 ), #3038, .F. ) ;
#986 = FACE_OUTER_BOUND ( 'NONE', #3464, .T. ) ;
#987 = PLANE ( 'NONE',  #2945 ) ;
#988 = DIRECTION ( 'NONE',  ( 0.000000000000000000, 0.000000000000000000, -1.000000000000000000 ) ) ;
#989 = VERTEX_POINT ( 'NONE', #2425 ) ;
#990 = CARTESIAN_POINT ( 'NONE',  ( 8.199711163234718825, 69.61766648317329498, 7.500000000000000000 ) ) ;
#991 = ADVANCED_FACE ( 'NONE', ( #245 ), #3701, .F. ) ;
#992 = ADVANCED_FACE ( 'NONE', ( #787 ), #1232, .F. ) ;
#993 = DATE_TIME_ROLE ( 'creation_date' ) ;
#994 = CARTESIAN_POINT ( 'NONE',  ( 7.500000000000000000, 47.24999999999999289, -40.00000000000000000 ) ) ;
#995 = VERTEX_POINT ( 'NONE', #1509 ) ;
#996 = CARTESIAN_POINT ( 'NONE',  ( 123.6584048087145504, 3.682340472995338398, 13.99999999999999822 ) ) ;
#997 = CARTESIAN_POINT ( 'NONE',  ( 8.333773813464354419, 18.07168339351691699, 14.90000000000000036 ) ) ;
#998 = ORIENTED_EDGE ( 'NONE', *, *, #881, .F. ) ;
#999 = DIRECTION ( 'NONE',  ( -0.000000000000000000, -0.000000000000000000, -1.000000000000000000 ) ) ;
#1000 = VERTEX_POINT ( 'NONE', #1454 ) ;
#1001 = PLANE ( 'NONE',  #4067 ) ;
#1002 = DIRECTION ( 'NONE',  ( -0.000000000000000000, -0.000000000000000000, -1.000000000000000000 ) ) ;
#1003 = CARTESIAN_POINT ( 'NONE',  ( 59.00000000000000000, 45.94999999999999574, -38.00000000000000000 ) ) ;
#1004 = ORIENTED_EDGE ( 'NONE', *, *, #2194, .F. ) ;
#1005 = CARTESIAN_POINT ( 'NONE',  ( 10.14111589218697596, 86.61707502793581170, 30.00000000000000000 ) ) ;
#1006 = DIRECTION ( 'NONE',  ( 0.000000000000000000, 0.000000000000000000, -1.000000000000000000 ) ) ;
#1007 = EDGE_CURVE ( 'NONE', #2187, #1110, #2833, .T. ) ;
#1008 = ORIENTED_EDGE ( 'NONE', *, *, #1185, .F. ) ;
#1009 = LINE ( 'NONE', #1936, #880 ) ;
#1010 = CARTESIAN_POINT ( 'NONE',  ( 13.99999999999999822, 0.000000000000000000, -2.500000000000000444 ) ) ;
#1011 = CARTESIAN_POINT ( 'NONE',  ( 36.74999999999999289, 13.49999999999999467, 14.90000000000000036 ) ) ;
#1012 = EDGE_CURVE ( 'NONE', #2024, #1801, #2367, .T. ) ;
#1013 = VECTOR ( 'NONE', #574, 1000.000000000000114 ) ;
#1014 = ADVANCED_FACE ( 'NONE', ( #287, #1573, #2178 ), #2457, .T. ) ;
#1015 = ORIENTED_EDGE ( 'NONE', *, *, #3102, .T. ) ;
#1016 = CARTESIAN_POINT ( 'NONE',  ( 12.49999999999999822, 4.000000000000000000, 30.00000000000000355 ) ) ;
#1017 = CIRCLE ( 'NONE', #887, 2.750000000000002665 ) ;
#1018 = ORIENTED_EDGE ( 'NONE', *, *, #909, .F. ) ;
#1019 = CARTESIAN_POINT ( 'NONE',  ( 61.00000000000000000, 21.24999999999999645, -36.19999999999999574 ) ) ;
#1020 = EDGE_CURVE ( 'NONE', #3498, #2975, #2304, .T. ) ;
#1021 = VECTOR ( 'NONE', #2116, 1000.000000000000114 ) ;
#1022 = VECTOR ( 'NONE', #2881, 1000.000000000000000 ) ;
#1023 = EDGE_LOOP ( 'NONE', ( #1734, #107, #2210, #1197 ) ) ;
#1024 = DIRECTION ( 'NONE',  ( 0.000000000000000000, 0.000000000000000000, -1.000000000000000000 ) ) ;
#1025 = AXIS2_PLACEMENT_3D ( 'NONE', #1771, #2726, #3015 ) ;
#1026 = AXIS2_PLACEMENT_3D ( 'NONE', #195, #2756, #160 ) ;
#1027 = CYLINDRICAL_SURFACE ( 'NONE', #1558, 2.500000000000000000 ) ;
#1028 = CARTESIAN_POINT ( 'NONE',  ( 1.000000000000000000, 96.37013220366763733, 1.000000000000000000 ) ) ;
#1029 = ORIENTED_EDGE ( 'NONE', *, *, #2798, .T. ) ;
#1030 = VECTOR ( 'NONE', #3051, 1000.000000000000000 ) ;
#1031 = CARTESIAN_POINT ( 'NONE',  ( 60.50000000000000000, 19.74999999999999645, -40.00000000000000000 ) ) ;
#1032 = CARTESIAN_POINT ( 'NONE',  ( 48.87606823450579441, 35.14185578056610382, 30.00000000000000000 ) ) ;
#1033 = FACE_OUTER_BOUND ( 'NONE', #1884, .T. ) ;
#1034 = ORIENTED_EDGE ( 'NONE', *, *, #3709, .F. ) ;
#1035 = CARTESIAN_POINT ( 'NONE',  ( 0.000000000000000000, 4.000000000000000000, 30.00000000000000355 ) ) ;
#1036 = AXIS2_PLACEMENT_3D ( 'NONE', #3230, #3851, #3501 ) ;
#1037 = SHAPE_DEFINITION_REPRESENTATION ( #1841, #2170 ) ;
#1038 = ORIENTED_EDGE ( 'NONE', *, *, #2068, .F. ) ;
#1039 = CARTESIAN_POINT ( 'NONE',  ( 9.000000000000001776, 19.25000000000000000, 14.90000000000000036 ) ) ;
#1040 = EDGE_CURVE ( 'NONE', #2500, #3194, #3778, .T. ) ;
#1041 = AXIS2_PLACEMENT_3D ( 'NONE', #2725, #3679, #2096 ) ;
#1042 = ORIENTED_EDGE ( 'NONE', *, *, #1799, .F. ) ;
#1043 = CARTESIAN_POINT ( 'NONE',  ( 2.500000000000000000, 0.000000000000000000, 30.00000000000000355 ) ) ;
#1044 = CIRCLE ( 'NONE', #180, 1.000000000000000000 ) ;
#1045 = ORIENTED_EDGE ( 'NONE', *, *, #3304, .T. ) ;
#1046 = CARTESIAN_POINT ( 'NONE',  ( 2.500000000000000000, 0.000000000000000000, -12.49999999999999645 ) ) ;
#1047 = EDGE_CURVE ( 'NONE', #1505, #450, #2804, .T. ) ;
#1048 = DIRECTION ( 'NONE',  ( 0.000000000000000000, 0.000000000000000000, -1.000000000000000000 ) ) ;
#1049 = LINE ( 'NONE', #2901, #503 ) ;
#1050 = CARTESIAN_POINT ( 'NONE',  ( 2.500000000000000000, 4.000000000000000000, 27.50000000000000355 ) ) ;
#1051 = DIRECTION ( 'NONE',  ( -0.6153846153846153078, -0.7882269819968922286, 0.000000000000000000 ) ) ;
#1052 = EDGE_LOOP ( 'NONE', ( #2337, #3789, #2195, #581 ) ) ;
#1053 = CARTESIAN_POINT ( 'NONE',  ( 0.000000000000000000, 1.000000000000000000, -12.49999999999999645 ) ) ;
#1054 = DIRECTION ( 'NONE',  ( -0.000000000000000000, 1.000000000000000000, 0.000000000000000000 ) ) ;
#1055 = ORIENTED_EDGE ( 'NONE', *, *, #1598, .F. ) ;
#1056 = CARTESIAN_POINT ( 'NONE',  ( 25.95387939598097304, 63.25393075382149277, 15.00000000000000000 ) ) ;
#1057 = DIRECTION ( 'NONE',  ( 1.000000000000000000, 0.000000000000000000, -0.000000000000000000 ) ) ;
#1058 = ORIENTED_EDGE ( 'NONE', *, *, #2129, .F. ) ;
#1059 = FACE_OUTER_BOUND ( 'NONE', #3128, .T. ) ;
#1060 = CARTESIAN_POINT ( 'NONE',  ( 60.50000000000000000, 19.74999999999999645, -38.00000000000000000 ) ) ;
#1061 = FACE_OUTER_BOUND ( 'NONE', #2011, .T. ) ;
#1062 = EDGE_CURVE ( 'NONE', #1948, #3160, #1906, .T. ) ;
#1063 = LINE ( 'NONE', #1973, #3345 ) ;
#1064 = ORIENTED_EDGE ( 'NONE', *, *, #3763, .T. ) ;
#1065 = EDGE_CURVE ( 'NONE', #4056, #1318, #1438, .T. ) ;
#1066 = EDGE_CURVE ( 'NONE', #3674, #2353, #4065, .T. ) ;
#1067 = ORIENTED_EDGE ( 'NONE', *, *, #2381, .F. ) ;
#1068 = CARTESIAN_POINT ( 'NONE',  ( 25.95387939598097304, 63.25393075382149277, -0.000000000000000000 ) ) ;
#1069 = CARTESIAN_POINT ( 'NONE',  ( 47.73938099419587644, 34.32457852178725943, 0.000000000000000000 ) ) ;
#1070 = DIRECTION ( 'NONE',  ( 0.000000000000000000, 0.000000000000000000, 1.000000000000000000 ) ) ;
#1071 = DIRECTION ( 'NONE',  ( -1.000000000000000000, 0.000000000000000000, 0.000000000000000000 ) ) ;
#1072 = EDGE_LOOP ( 'NONE', ( #2582, #1721 ) ) ;
#1073 = DIRECTION ( 'NONE',  ( 0.8119194573641620449, 0.5837694705562157527, 0.000000000000000000 ) ) ;
#1074 = CARTESIAN_POINT ( 'NONE',  ( 60.49999999999998579, 49.25000000000000000, -40.00000000000000000 ) ) ;
#1075 = DIRECTION ( 'NONE',  ( 1.000000000000000000, 0.000000000000000000, 0.000000000000000000 ) ) ;
#1076 = ORIENTED_EDGE ( 'NONE', *, *, #2175, .F. ) ;
#1077 = DIRECTION ( 'NONE',  ( 0.000000000000000000, 0.000000000000000000, 1.000000000000000000 ) ) ;
#1078 = CARTESIAN_POINT ( 'NONE',  ( 122.7353278856376306, 2.500000000000000000, 13.99999999999999822 ) ) ;
#1079 = ORIENTED_EDGE ( 'NONE', *, *, #2526, .T. ) ;
#1080 = VECTOR ( 'NONE', #3165, 1000.000000000000000 ) ;
#1081 = DIRECTION ( 'NONE',  ( -0.000000000000000000, 1.000000000000000000, 0.000000000000000000 ) ) ;
#1082 = VERTEX_POINT ( 'NONE', #3490 ) ;
#1083 = VECTOR ( 'NONE', #3425, 1000.000000000000000 ) ;
#1084 = AXIS2_PLACEMENT_3D ( 'NONE', #2104, #1086, #134 ) ;
#1085 = ORIENTED_EDGE ( 'NONE', *, *, #3511, .F. ) ;
#1086 = DIRECTION ( 'NONE',  ( -0.000000000000000000, -0.000000000000000000, 1.000000000000000000 ) ) ;
#1087 = AXIS2_PLACEMENT_3D ( 'NONE', #1684, #3199, #69 ) ;
#1088 = CIRCLE ( 'NONE', #1351, 2.500000000000000000 ) ;
#1089 = EDGE_CURVE ( 'NONE', #189, #2380, #1922, .T. ) ;
#1090 = LINE ( 'NONE', #513, #2961 ) ;
#1091 = DIRECTION ( 'NONE',  ( -0.8119194573641616008, -0.5837694705562165298, 0.000000000000000000 ) ) ;
#1092 = AXIS2_PLACEMENT_3D ( 'NONE', #3846, #2004, #1620 ) ;
#1093 = ORIENTED_EDGE ( 'NONE', *, *, #1654, .T. ) ;
#1094 = LINE ( 'NONE', #376, #1415 ) ;
#1095 = EDGE_CURVE ( 'NONE', #967, #3326, #1566, .T. ) ;
#1096 = VERTEX_POINT ( 'NONE', #2548 ) ;
#1097 = CARTESIAN_POINT ( 'NONE',  ( 59.00000000000000000, 47.75000000000000000, -8.000000000000000000 ) ) ;
#1098 = AXIS2_PLACEMENT_3D ( 'NONE', #1267, #630, #3476 ) ;
#1099 = CARTESIAN_POINT ( 'NONE',  ( 9.000000000000001776, 21.24999999999999645, -36.19999999999999574 ) ) ;
#1100 = ORIENTED_EDGE ( 'NONE', *, *, #1191, .T. ) ;
#1101 = VECTOR ( 'NONE', #1698, 1000.000000000000000 ) ;
#1102 = FACE_OUTER_BOUND ( 'NONE', #496, .T. ) ;
#1103 = ORIENTED_EDGE ( 'NONE', *, *, #3797, .T. ) ;
#1104 = VECTOR ( 'NONE', #812, 1000.000000000000000 ) ;
#1105 = LINE ( 'NONE', #1120, #2619 ) ;
#1106 = ORIENTED_EDGE ( 'NONE', *, *, #2453, .F. ) ;
#1107 = CYLINDRICAL_SURFACE ( 'NONE', #2021, 2.000000000000001776 ) ;
#1108 = CARTESIAN_POINT ( 'NONE',  ( 22.01675211539429355, 76.78089755066967825, 7.500000000000000000 ) ) ;
#1109 = EDGE_CURVE ( 'NONE', #2146, #1381, #451, .T. ) ;
#1110 = VERTEX_POINT ( 'NONE', #2243 ) ;
#1111 = DIRECTION ( 'NONE',  ( -0.000000000000000000, -0.000000000000000000, -1.000000000000000000 ) ) ;
#1112 = ORIENTED_EDGE ( 'NONE', *, *, #2696, .T. ) ;
#1113 = ORIENTED_EDGE ( 'NONE', *, *, #227, .F. ) ;
#1114 = EDGE_CURVE ( 'NONE', #3985, #2601, #708, .T. ) ;
#1115 = CARTESIAN_POINT ( 'NONE',  ( 12.49999999999999822, 5.000000000000000000, 27.50000000000000000 ) ) ;
#1116 = CARTESIAN_POINT ( 'NONE',  ( 59.00000000000000000, 19.25000000000000000, 14.90000000000000036 ) ) ;
#1117 = CARTESIAN_POINT ( 'NONE',  ( 13.57278975880701211, 70.70969505688502466, 7.500000000000000000 ) ) ;
#1118 = DIRECTION ( 'NONE',  ( -1.000000000000000000, 0.000000000000000000, 0.000000000000000000 ) ) ;
#1119 = ORIENTED_EDGE ( 'NONE', *, *, #3304, .F. ) ;
#1120 = CARTESIAN_POINT ( 'NONE',  ( -36.31397226678525669, 50.50627369994720084, 15.00000000000000000 ) ) ;
#1121 = VERTEX_POINT ( 'NONE', #601 ) ;
#1122 = DIRECTION ( 'NONE',  ( 0.000000000000000000, 0.000000000000000000, 1.000000000000000000 ) ) ;
#1123 = DIRECTION ( 'NONE',  ( -0.8119194573641608237, -0.5837694705562175290, 0.000000000000000000 ) ) ;
#1124 = DIRECTION ( 'NONE',  ( -0.000000000000000000, -0.000000000000000000, 1.000000000000000000 ) ) ;
#1125 = CARTESIAN_POINT ( 'NONE',  ( 11.86157260305304639, 86.62243282935034472, 30.00000000000000000 ) ) ;
#1126 = ORIENTED_EDGE ( 'NONE', *, *, #3658, .F. ) ;
#1127 = DIRECTION ( 'NONE',  ( 0.000000000000000000, 0.000000000000000000, 1.000000000000000000 ) ) ;
#1128 = ADVANCED_FACE ( 'NONE', ( #314 ), #889, .T. ) ;
#1129 = ORIENTED_EDGE ( 'NONE', *, *, #3120, .F. ) ;
#1130 = ORIENTED_EDGE ( 'NONE', *, *, #588, .F. ) ;
#1131 = FACE_OUTER_BOUND ( 'NONE', #308, .T. ) ;
#1132 = ADVANCED_FACE ( 'NONE', ( #354 ), #975, .T. ) ;
#1133 = DIRECTION ( 'NONE',  ( -1.000000000000000000, 0.000000000000000000, 0.000000000000000000 ) ) ;
#1134 = DIRECTION ( 'NONE',  ( -0.000000000000000000, 0.000000000000000000, -1.000000000000000000 ) ) ;
#1135 = ADVANCED_FACE ( 'NONE', ( #3152 ), #3193, .T. ) ;
#1136 = EDGE_LOOP ( 'NONE', ( #2454, #2257, #924, #3363 ) ) ;
#1137 = CARTESIAN_POINT ( 'NONE',  ( 3.244476573706588632E-16, 4.585786437626905077, 0.4142135623730958671 ) ) ;
#1138 = EDGE_LOOP ( 'NONE', ( #808, #1042, #3443, #911 ) ) ;
#1139 = VECTOR ( 'NONE', #352, 1000.000000000000000 ) ;
#1140 = VECTOR ( 'NONE', #1275, 1000.000000000000000 ) ;
#1141 = LINE ( 'NONE', #2356, #1429 ) ;
#1142 = FACE_OUTER_BOUND ( 'NONE', #1253, .T. ) ;
#1143 = LINE ( 'NONE', #837, #1013 ) ;
#1144 = ORIENTED_EDGE ( 'NONE', *, *, #2616, .T. ) ;
#1145 = VECTOR ( 'NONE', #1159, 1000.000000000000000 ) ;
#1146 = CIRCLE ( 'NONE', #220, 2.749999999999999556 ) ;
#1147 = DIRECTION ( 'NONE',  ( 0.8119194573641607127, 0.5837694705562177511, 0.000000000000000000 ) ) ;
#1148 = CIRCLE ( 'NONE', #3480, 2.750000000000002665 ) ;
#1149 = EDGE_LOOP ( 'NONE', ( #2849, #3129, #138, #1931 ) ) ;
#1150 = EDGE_LOOP ( 'NONE', ( #2471, #2112, #340, #1975 ) ) ;
#1151 = EDGE_CURVE ( 'NONE', #1294, #330, #2767, .T. ) ;
#1152 = CARTESIAN_POINT ( 'NONE',  ( 9.999999999999991118, 22.78588431152018501, 15.00000000000000000 ) ) ;
#1153 = CARTESIAN_POINT ( 'NONE',  ( 59.19999999999999574, 21.24999999999999645, -36.19999999999999574 ) ) ;
#1154 = DIRECTION ( 'NONE',  ( -1.000000000000000000, 0.000000000000000000, 0.000000000000000000 ) ) ;
#1155 = VECTOR ( 'NONE', #2057, 1000.000000000000000 ) ;
#1156 = DIRECTION ( 'NONE',  ( 0.000000000000000000, 0.000000000000000000, 1.000000000000000000 ) ) ;
#1157 = ADVANCED_FACE ( 'NONE', ( #3463 ), #617, .T. ) ;
#1158 = VECTOR ( 'NONE', #2580, 1000.000000000000000 ) ;
#1159 = DIRECTION ( 'NONE',  ( 1.000000000000000000, -0.000000000000000000, 0.000000000000000000 ) ) ;
#1160 = AXIS2_PLACEMENT_3D ( 'NONE', #2202, #2856, #2121 ) ;
#1161 = VECTOR ( 'NONE', #2621, 1000.000000000000000 ) ;
#1162 = DIRECTION ( 'NONE',  ( 0.5837694705562151976, -0.8119194573641626000, 0.000000000000000000 ) ) ;
#1163 = DIRECTION ( 'NONE',  ( 1.000000000000000000, 0.000000000000000000, 0.000000000000000000 ) ) ;
#1164 = ORIENTED_EDGE ( 'NONE', *, *, #3092, .F. ) ;
#1165 = EDGE_CURVE ( 'NONE', #747, #3218, #2892, .T. ) ;
#1166 = CARTESIAN_POINT ( 'NONE',  ( 7.005481709269371748, 81.89925791925952581, 30.00000000000000000 ) ) ;
#1167 = AXIS2_PLACEMENT_3D ( 'NONE', #2450, #2165, #855 ) ;
#1168 = LINE ( 'NONE', #1757, #3689 ) ;
#1169 = DIRECTION ( 'NONE',  ( 0.000000000000000000, 0.000000000000000000, 1.000000000000000000 ) ) ;
#1170 = FACE_OUTER_BOUND ( 'NONE', #3379, .T. ) ;
#1171 = CARTESIAN_POINT ( 'NONE',  ( 34.66649047461425681, 9.235569909130907362, 14.90000000000000036 ) ) ;
#1172 = EDGE_LOOP ( 'NONE', ( #133, #1403, #1818, #1379 ) ) ;
#1173 = CARTESIAN_POINT ( 'NONE',  ( 36.74999999999999289, 53.49999999999999289, 14.90000000000000036 ) ) ;
#1174 = ORIENTED_EDGE ( 'NONE', *, *, #1489, .F. ) ;
#1175 = ORIENTED_EDGE ( 'NONE', *, *, #3803, .T. ) ;
#1176 = DIRECTION ( 'NONE',  ( -1.000000000000000000, 0.000000000000000000, 0.000000000000000000 ) ) ;
#1177 = EDGE_LOOP ( 'NONE', ( #2924, #3738, #848 ) ) ;
#1178 = FACE_OUTER_BOUND ( 'NONE', #2784, .T. ) ;
#1179 = CYLINDRICAL_SURFACE ( 'NONE', #1285, 2.750000000000002665 ) ;
#1180 = CARTESIAN_POINT ( 'NONE',  ( 9.000000000000001776, 21.24999999999999645, -38.00000000000000000 ) ) ;
#1181 = EDGE_CURVE ( 'NONE', #3289, #25, #1941, .T. ) ;
#1182 = LINE ( 'NONE', #4013, #943 ) ;
#1183 = ORIENTED_EDGE ( 'NONE', *, *, #393, .T. ) ;
#1184 = EDGE_CURVE ( 'NONE', #1259, #950, #833, .T. ) ;
#1185 = EDGE_CURVE ( 'NONE', #3498, #1447, #2235, .T. ) ;
#1186 = FACE_OUTER_BOUND ( 'NONE', #610, .T. ) ;
#1187 = DIRECTION ( 'NONE',  ( 0.000000000000000000, 0.000000000000000000, 1.000000000000000000 ) ) ;
#1188 = EDGE_LOOP ( 'NONE', ( #324, #1746, #2238, #2137, #3895, #3586, #568, #820, #3492, #3603, #3717, #261, #3993, #842 ) ) ;
#1189 = DIRECTION ( 'NONE',  ( 0.3332452373071280172, -0.9428401836006545800, 0.000000000000000000 ) ) ;
#1190 = VERTEX_POINT ( 'NONE', #3299 ) ;
#1191 = EDGE_CURVE ( 'NONE', #3305, #3536, #2357, .T. ) ;
#1192 = EDGE_LOOP ( 'NONE', ( #1440, #4047, #1405, #2179 ) ) ;
#1193 = VERTEX_POINT ( 'NONE', #1384 ) ;
#1194 = PLANE ( 'NONE',  #364 ) ;
#1195 = LINE ( 'NONE', #2322, #2404 ) ;
#1196 = DIRECTION ( 'NONE',  ( 1.000000000000000000, 0.000000000000000000, 0.000000000000000000 ) ) ;
#1197 = ORIENTED_EDGE ( 'NONE', *, *, #3107, .T. ) ;
#1198 = DIRECTION ( 'NONE',  ( -0.5837694705562167519, 0.8119194573641614898, 0.000000000000000000 ) ) ;
#1199 = PLANE ( 'NONE',  #2691 ) ;
#1200 = CARTESIAN_POINT ( 'NONE',  ( 17.49999999999999645, 5.000000000000000000, 0.000000000000000000 ) ) ;
#1201 = VERTEX_POINT ( 'NONE', #1424 ) ;
#1202 = CARTESIAN_POINT ( 'NONE',  ( 2.500000000000000000, 4.000000000000000000, -12.49999999999999645 ) ) ;
#1203 = EDGE_CURVE ( 'NONE', #355, #1753, #3697, .T. ) ;
#1204 = LINE ( 'NONE', #2469, #3372 ) ;
#1205 = DIRECTION ( 'NONE',  ( 0.000000000000000000, 0.000000000000000000, -1.000000000000000000 ) ) ;
#1206 = DIRECTION ( 'NONE',  ( 0.000000000000000000, 0.000000000000000000, 1.000000000000000000 ) ) ;
#1207 = VERTEX_POINT ( 'NONE', #3844 ) ;
#1208 = LINE ( 'NONE', #3461, #816 ) ;
#1209 = EDGE_CURVE ( 'NONE', #1889, #342, #43, .T. ) ;
#1210 = VERTEX_POINT ( 'NONE', #1303 ) ;
#1211 = AXIS2_PLACEMENT_3D ( 'NONE', #649, #253, #2200 ) ;
#1212 = VECTOR ( 'NONE', #1156, 1000.000000000000000 ) ;
#1213 = ORIENTED_EDGE ( 'NONE', *, *, #538, .F. ) ;
#1214 = ADVANCED_FACE ( 'NONE', ( #1715 ), #3914, .T. ) ;
#1215 = CIRCLE ( 'NONE', #2013, 2.500000000000000444 ) ;
#1216 = VECTOR ( 'NONE', #2418, 1000.000000000000000 ) ;
#1217 = CARTESIAN_POINT ( 'NONE',  ( 60.50000000000000000, 47.25000000000000000, -40.00000000000000000 ) ) ;
#1218 = CIRCLE ( 'NONE', #3148, 1.000000000000000888 ) ;
#1219 = VERTEX_POINT ( 'NONE', #1446 ) ;
#1220 = LINE ( 'NONE', #265, #3743 ) ;
#1221 = CARTESIAN_POINT ( 'NONE',  ( 40.67242676407125401, 86.80727792459876468, 7.500000000000000000 ) ) ;
#1222 = CIRCLE ( 'NONE', #1691, 2.000000000000001776 ) ;
#1223 = VERTEX_POINT ( 'NONE', #3972 ) ;
#1224 = CIRCLE ( 'NONE', #2227, 5.000000000000004441 ) ;
#1225 = FACE_OUTER_BOUND ( 'NONE', #2073, .T. ) ;
#1226 = CARTESIAN_POINT ( 'NONE',  ( 59.00000000000000000, 21.05000000000000071, -36.19999999999999574 ) ) ;
#1227 = AXIS2_PLACEMENT_3D ( 'NONE', #535, #3064, #2439 ) ;
#1228 = DIRECTION ( 'NONE',  ( 0.000000000000000000, 0.000000000000000000, 1.000000000000000000 ) ) ;
#1229 = PLANE ( 'NONE',  #807 ) ;
#1230 = EDGE_LOOP ( 'NONE', ( #2730, #307, #2944, #2641 ) ) ;
#1231 = FACE_OUTER_BOUND ( 'NONE', #1567, .T. ) ;
#1232 = TOROIDAL_SURFACE ( 'NONE', #3830, 0.2000000000000000944, 1.800000000000000044 ) ;
#1233 = EDGE_CURVE ( 'NONE', #2601, #2607, #2573, .T. ) ;
#1234 = VERTEX_POINT ( 'NONE', #3650 ) ;
#1235 = DIRECTION ( 'NONE',  ( 0.000000000000000000, 0.000000000000000000, -1.000000000000000000 ) ) ;
#1236 = DIRECTION ( 'NONE',  ( -0.000000000000000000, 1.000000000000000000, 0.000000000000000000 ) ) ;
#1237 = DIRECTION ( 'NONE',  ( -0.7882269819968955593, 0.6153846153846111999, 0.000000000000000000 ) ) ;
#1238 = EDGE_CURVE ( 'NONE', #2128, #892, #2702, .T. ) ;
#1239 = EDGE_CURVE ( 'NONE', #2168, #3866, #3608, .T. ) ;
#1240 = ORIENTED_EDGE ( 'NONE', *, *, #883, .F. ) ;
#1241 = LINE ( 'NONE', #1531, #3680 ) ;
#1242 = LINE ( 'NONE', #1221, #2695 ) ;
#1243 = CARTESIAN_POINT ( 'NONE',  ( 0.000000000000000000, 1.000000000000000000, -13.99999999999999467 ) ) ;
#1244 = VERTEX_POINT ( 'NONE', #2987 ) ;
#1245 = CARTESIAN_POINT ( 'NONE',  ( 48.87606823450578020, 35.14185578056627435, 0.000000000000000000 ) ) ;
#1246 = CARTESIAN_POINT ( 'NONE',  ( 62.50000000000000000, 47.24999999999998579, -38.00000000000000000 ) ) ;
#1247 = CARTESIAN_POINT ( 'NONE',  ( 33.99999999999998579, 13.49999999999999467, 14.90000000000000036 ) ) ;
#1248 = LINE ( 'NONE', #2515, #1080 ) ;
#1249 = CARTESIAN_POINT ( 'NONE',  ( 6.999999999999999112, 45.75000000000000000, -36.19999999999999574 ) ) ;
#1250 = ORIENTED_EDGE ( 'NONE', *, *, #2099, .T. ) ;
#1251 = LINE ( 'NONE', #325, #1814 ) ;
#1252 = VERTEX_POINT ( 'NONE', #455 ) ;
#1253 = EDGE_LOOP ( 'NONE', ( #3292, #2363, #3909, #3314 ) ) ;
#1254 = FACE_OUTER_BOUND ( 'NONE', #3242, .T. ) ;
#1255 = DIRECTION ( 'NONE',  ( 0.000000000000000000, 0.000000000000000000, 1.000000000000000000 ) ) ;
#1256 = ADVANCED_FACE ( 'NONE', ( #795 ), #3932, .F. ) ;
#1257 = LINE ( 'NONE', #2523, #48 ) ;
#1258 = CARTESIAN_POINT ( 'NONE',  ( 62.50000000000000000, 47.24999999999998579, 0.000000000000000000 ) ) ;
#1259 = VERTEX_POINT ( 'NONE', #3003 ) ;
#1260 = DIRECTION ( 'NONE',  ( 1.000000000000000000, 0.000000000000000000, 0.000000000000000000 ) ) ;
#1261 = EDGE_CURVE ( 'NONE', #2569, #1780, #2083, .T. ) ;
#1262 = DIRECTION ( 'NONE',  ( 0.000000000000000000, 0.000000000000000000, 1.000000000000000000 ) ) ;
#1263 = CARTESIAN_POINT ( 'NONE',  ( 48.87606823450579441, 35.14185578056610382, 0.000000000000000000 ) ) ;
#1264 = DIRECTION ( 'NONE',  ( 0.5837694705562169739, -0.8119194573641611568, 0.000000000000000000 ) ) ;
#1265 = EDGE_CURVE ( 'NONE', #163, #2707, #2604, .T. ) ;
#1266 = VERTEX_POINT ( 'NONE', #2058 ) ;
#1267 = CARTESIAN_POINT ( 'NONE',  ( 9.491580326295661507, 86.15005945149083288, 0.000000000000000000 ) ) ;
#1268 = CARTESIAN_POINT ( 'NONE',  ( 9.513192471986204879, 67.79084770410393901, 7.500000000000000000 ) ) ;
#1269 = VERTEX_POINT ( 'NONE', #3317 ) ;
#1270 = CARTESIAN_POINT ( 'NONE',  ( 59.66622618653565269, 18.07168339351690989, 15.00000000000000000 ) ) ;
#1271 = ORIENTED_EDGE ( 'NONE', *, *, #273, .F. ) ;
#1272 = ORIENTED_EDGE ( 'NONE', *, *, #157, .F. ) ;
#1273 = VECTOR ( 'NONE', #3459, 1000.000000000000000 ) ;
#1274 = DIRECTION ( 'NONE',  ( -0.000000000000000000, 1.000000000000000000, 6.938893903907221278E-15 ) ) ;
#1275 = DIRECTION ( 'NONE',  ( 0.000000000000000000, 0.000000000000000000, -1.000000000000000000 ) ) ;
#1276 = VECTOR ( 'NONE', #1708, 1000.000000000000000 ) ;
#1277 = AXIS2_PLACEMENT_3D ( 'NONE', #3262, #2218, #3489 ) ;
#1278 = CARTESIAN_POINT ( 'NONE',  ( 63.00000000000000000, 44.21411568847981499, 15.00000000000000000 ) ) ;
#1279 = ORIENTED_EDGE ( 'NONE', *, *, #1109, .T. ) ;
#1280 = CIRCLE ( 'NONE', #3616, 2.500000000000000444 ) ;
#1281 = VECTOR ( 'NONE', #61, 1000.000000000000000 ) ;
#1282 = CARTESIAN_POINT ( 'NONE',  ( 34.66649047461425681, 57.76443009086911928, 14.90000000000000036 ) ) ;
#1283 = DIRECTION ( 'NONE',  ( 0.000000000000000000, 0.000000000000000000, -1.000000000000000000 ) ) ;
#1284 = ORIENTED_EDGE ( 'NONE', *, *, #1165, .T. ) ;
#1285 = AXIS2_PLACEMENT_3D ( 'NONE', #2806, #930, #1260 ) ;
#1286 = EDGE_CURVE ( 'NONE', #1664, #2774, #3440, .T. ) ;
#1287 = DIRECTION ( 'NONE',  ( -1.000000000000000000, 0.000000000000000000, 0.000000000000000000 ) ) ;
#1288 = ORIENTED_EDGE ( 'NONE', *, *, #1265, .T. ) ;
#1289 = DIRECTION ( 'NONE',  ( -1.000000000000000000, 0.000000000000000000, -0.000000000000000000 ) ) ;
#1290 = FACE_OUTER_BOUND ( 'NONE', #3923, .T. ) ;
#1291 = DIRECTION ( 'NONE',  ( -0.000000000000000000, -0.000000000000000000, -1.000000000000000000 ) ) ;
#1292 = EDGE_CURVE ( 'NONE', #1207, #3305, #2427, .T. ) ;
#1293 = AXIS2_PLACEMENT_3D ( 'NONE', #1690, #59, #99 ) ;
#1294 = VERTEX_POINT ( 'NONE', #1460 ) ;
#1295 = CARTESIAN_POINT ( 'NONE',  ( 12.49999999999999822, 4.000000000000000000, 29.00000000000000000 ) ) ;
#1296 = CIRCLE ( 'NONE', #1098, 0.7999999999999951594 ) ;
#1297 = DIRECTION ( 'NONE',  ( -0.5837694705562173070, 0.8119194573641610457, 0.000000000000000000 ) ) ;
#1298 = DIRECTION ( 'NONE',  ( -0.000000000000000000, 0.000000000000000000, -1.000000000000000000 ) ) ;
#1299 = ORIENTED_EDGE ( 'NONE', *, *, #2715, .F. ) ;
#1300 = CIRCLE ( 'NONE', #2698, 2.000000000000001776 ) ;
#1301 = LINE ( 'NONE', #990, #3342 ) ;
#1302 = AXIS2_PLACEMENT_3D ( 'NONE', #3796, #645, #4089 ) ;
#1303 = CARTESIAN_POINT ( 'NONE',  ( 5.499999999999999112, 47.24999999999998579, -38.00000000000000000 ) ) ;
#1304 = CYLINDRICAL_SURFACE ( 'NONE', #559, 2.000000000000001776 ) ;
#1305 = VERTEX_POINT ( 'NONE', #595 ) ;
#1306 = DIRECTION ( 'NONE',  ( 0.5837694705562177511, -0.8119194573641607127, 0.000000000000000000 ) ) ;
#1307 = ORIENTED_EDGE ( 'NONE', *, *, #2079, .F. ) ;
#1308 = CARTESIAN_POINT ( 'NONE',  ( 26.42089497242594831, 62.60439518793016589, 15.00000000000000000 ) ) ;
#1309 = ADVANCED_FACE ( 'NONE', ( #1142 ), #3124, .T. ) ;
#1310 = DIRECTION ( 'NONE',  ( 0.000000000000000000, 0.000000000000000000, 1.000000000000000000 ) ) ;
#1311 = DIRECTION ( 'NONE',  ( 0.8119194573641613788, 0.5837694705562169739, 0.000000000000000000 ) ) ;
#1312 = CARTESIAN_POINT ( 'NONE',  ( 122.7353278856376306, 2.500000000000000000, 15.00000000000000000 ) ) ;
#1313 = ORIENTED_EDGE ( 'NONE', *, *, #2185, .F. ) ;
#1314 = FACE_OUTER_BOUND ( 'NONE', #2516, .T. ) ;
#1315 = EDGE_CURVE ( 'NONE', #147, #2721, #2107, .T. ) ;
#1316 = ADVANCED_FACE ( 'NONE', ( #3059 ), #2122, .T. ) ;
#1317 = DIRECTION ( 'NONE',  ( -1.000000000000000000, 0.000000000000000000, 0.000000000000000000 ) ) ;
#1318 = VERTEX_POINT ( 'NONE', #3727 ) ;
#1319 = DIRECTION ( 'NONE',  ( 0.000000000000000000, -1.000000000000000000, 0.000000000000000000 ) ) ;
#1320 = LINE ( 'NONE', #2948, #1139 ) ;
#1321 = COORDINATED_UNIVERSAL_TIME_OFFSET ( 5, 30, .AHEAD. ) ;
#1322 = EDGE_CURVE ( 'NONE', #327, #995, #2434, .T. ) ;
#1323 = ORIENTED_EDGE ( 'NONE', *, *, #2722, .T. ) ;
#1324 = DIRECTION ( 'NONE',  ( -1.000000000000000000, 0.000000000000000000, 0.000000000000000000 ) ) ;
#1325 = ORIENTED_EDGE ( 'NONE', *, *, #52, .F. ) ;
#1326 = DIRECTION ( 'NONE',  ( 0.5837694705562165298, -0.8119194573641617119, 0.000000000000000000 ) ) ;
#1327 = VERTEX_POINT ( 'NONE', #3750 ) ;
#1328 = CARTESIAN_POINT ( 'NONE',  ( 48.61538461538460609, 62.26993157775448395, 15.00000000000000000 ) ) ;
#1329 = DIRECTION ( 'NONE',  ( 0.000000000000000000, 0.000000000000000000, 1.000000000000000000 ) ) ;
#1330 = FACE_OUTER_BOUND ( 'NONE', #338, .T. ) ;
#1331 = LINE ( 'NONE', #3834, #2300 ) ;
#1332 = CC_DESIGN_PERSON_AND_ORGANIZATION_ASSIGNMENT ( #2192, #2521, ( #917 ) ) ;
#1333 = VERTEX_POINT ( 'NONE', #3772 ) ;
#1334 = DIRECTION ( 'NONE',  ( -0.000000000000000000, -0.000000000000000000, 1.000000000000000000 ) ) ;
#1335 = CARTESIAN_POINT ( 'NONE',  ( 43.59859176163872263, 31.34735422195080545, 15.00000000000000000 ) ) ;
#1336 = EDGE_CURVE ( 'NONE', #735, #618, #1704, .T. ) ;
#1337 = EDGE_LOOP ( 'NONE', ( #2983, #2119, #773, #1702 ) ) ;
#1338 = CARTESIAN_POINT ( 'NONE',  ( -18.97601899126564007, 26.39226581623160328, 15.00000000000000000 ) ) ;
#1339 = APPROVAL_DATE_TIME ( #2612, #353 ) ;
#1340 = PLANE ( 'NONE',  #1277 ) ;
#1341 = CYLINDRICAL_SURFACE ( 'NONE', #2902, 0.7999999999999942712 ) ;
#1342 = VECTOR ( 'NONE', #3080, 1000.000000000000000 ) ;
#1343 = EDGE_CURVE ( 'NONE', #3773, #1450, #2493, .T. ) ;
#1344 = ORIENTED_EDGE ( 'NONE', *, *, #1203, .T. ) ;
#1345 = LINE ( 'NONE', #2287, #436 ) ;
#1346 = AXIS2_PLACEMENT_3D ( 'NONE', #2990, #440, #125 ) ;
#1347 = ORIENTED_EDGE ( 'NONE', *, *, #1598, .T. ) ;
#1348 = CARTESIAN_POINT ( 'NONE',  ( 9.491580326295661507, 86.15005945149083288, 30.00000000000000000 ) ) ;
#1349 = APPROVAL_PERSON_ORGANIZATION ( #644, #725, #3580 ) ;
#1350 = AXIS2_PLACEMENT_3D ( 'NONE', #1202, #1602, #1849 ) ;
#1351 = AXIS2_PLACEMENT_3D ( 'NONE', #3319, #4021, #1448 ) ;
#1352 = ORIENTED_EDGE ( 'NONE', *, *, #1368, .T. ) ;
#1353 = CARTESIAN_POINT ( 'NONE',  ( 15.05051025721682123, 5.000000000000000000, 0.000000000000000000 ) ) ;
#1354 = AXIS2_PLACEMENT_3D ( 'NONE', #803, #2071, #772 ) ;
#1355 = CIRCLE ( 'NONE', #552, 1.500000000000001332 ) ;
#1356 = LINE ( 'NONE', #2561, #3888 ) ;
#1357 = FACE_BOUND ( 'NONE', #1728, .T. ) ;
#1358 = CARTESIAN_POINT ( 'NONE',  ( 2.500000000000000000, 5.000000000000000000, -14.99999999999999645 ) ) ;
#1359 = VERTEX_POINT ( 'NONE', #3084 ) ;
#1360 = AXIS2_PLACEMENT_3D ( 'NONE', #1115, #2383, #3371 ) ;
#1361 = DIRECTION ( 'NONE',  ( -0.000000000000000000, 0.000000000000000000, -1.000000000000000000 ) ) ;
#1362 = CARTESIAN_POINT ( 'NONE',  ( 8.800000000000000711, 21.24999999999999645, -38.00000000000000000 ) ) ;
#1363 = AXIS2_PLACEMENT_3D ( 'NONE', #1545, #1791, #3931 ) ;
#1364 = ORIENTED_EDGE ( 'NONE', *, *, #1343, .F. ) ;
#1365 = DIRECTION ( 'NONE',  ( 1.000000000000000000, 0.000000000000000000, 0.000000000000000000 ) ) ;
#1366 = AXIS2_PLACEMENT_3D ( 'NONE', #1226, #3787, #918 ) ;
#1367 = DIRECTION ( 'NONE',  ( 0.000000000000000000, 0.000000000000000000, -1.000000000000000000 ) ) ;
#1368 = EDGE_CURVE ( 'NONE', #3103, #1244, #3162, .T. ) ;
#1369 = CIRCLE ( 'NONE', #384, 2.499999999999998668 ) ;
#1370 = ORIENTED_EDGE ( 'NONE', *, *, #176, .T. ) ;
#1371 = DIRECTION ( 'NONE',  ( -1.000000000000000000, 0.000000000000000000, 0.000000000000000000 ) ) ;
#1372 = AXIS2_PLACEMENT_3D ( 'NONE', #2524, #18, #661 ) ;
#1373 = EDGE_CURVE ( 'NONE', #88, #1201, #548, .T. ) ;
#1374 = EDGE_CURVE ( 'NONE', #2707, #163, #1597, .T. ) ;
#1375 = DIRECTION ( 'NONE',  ( -1.000000000000000000, 0.000000000000000000, 0.000000000000000000 ) ) ;
#1376 = CIRCLE ( 'NONE', #710, 1.000000000000000888 ) ;
#1377 = FACE_OUTER_BOUND ( 'NONE', #214, .T. ) ;
#1378 = FACE_OUTER_BOUND ( 'NONE', #902, .T. ) ;
#1379 = ORIENTED_EDGE ( 'NONE', *, *, #1632, .F. ) ;
#1380 = CARTESIAN_POINT ( 'NONE',  ( 6.304958344601923059, 82.87356126809652324, 15.00000000000000000 ) ) ;
#1381 = VERTEX_POINT ( 'NONE', #919 ) ;
#1382 = CARTESIAN_POINT ( 'NONE',  ( 7.500000000000016875, 17.75000000000000000, 0.000000000000000000 ) ) ;
#1383 = LINE ( 'NONE', #2635, #1883 ) ;
#1384 = CARTESIAN_POINT ( 'NONE',  ( 34.66649047461425681, 9.235569909130907362, 15.00000000000000000 ) ) ;
#1385 = ORIENTED_EDGE ( 'NONE', *, *, #1781, .F. ) ;
#1386 = FACE_OUTER_BOUND ( 'NONE', #1023, .T. ) ;
#1387 = LINE ( 'NONE', #2396, #2344 ) ;
#1388 = VERTEX_POINT ( 'NONE', #2186 ) ;
#1389 = EDGE_CURVE ( 'NONE', #3609, #2162, #514, .T. ) ;
#1390 = LINE ( 'NONE', #2660, #166 ) ;
#1391 = CARTESIAN_POINT ( 'NONE',  ( 59.00000000000000000, 21.24999999999999645, -36.19999999999999574 ) ) ;
#1392 = VERTEX_POINT ( 'NONE', #3044 ) ;
#1393 = EDGE_CURVE ( 'NONE', #342, #1210, #3700, .T. ) ;
#1394 = CARTESIAN_POINT ( 'NONE',  ( 17.49999999999999645, 1.000000000000000000, 17.49999999999999645 ) ) ;
#1395 = CYLINDRICAL_SURFACE ( 'NONE', #688, 0.7999999999999951594 ) ;
#1396 = ORIENTED_EDGE ( 'NONE', *, *, #1203, .F. ) ;
#1397 = ORIENTED_EDGE ( 'NONE', *, *, #393, .F. ) ;
#1398 = EDGE_LOOP ( 'NONE', ( #3872, #3040, #2964, #3591, #4050, #3420, #3441, #3444, #3753, #1344, #2995, #1816, #2556, #738, #3757, #13, #752, #4066, #3073, #3668, #257, #2586 ) ) ;
#1399 = EDGE_CURVE ( 'NONE', #1333, #665, #2307, .T. ) ;
#1400 = LINE ( 'NONE', #2711, #2946 ) ;
#1401 = CYLINDRICAL_SURFACE ( 'NONE', #169, 0.9999999999999975575 ) ;
#1402 = DIRECTION ( 'NONE',  ( -0.000000000000000000, -1.000000000000000000, -0.000000000000000000 ) ) ;
#1403 = ORIENTED_EDGE ( 'NONE', *, *, #1924, .T. ) ;
#1404 = CARTESIAN_POINT ( 'NONE',  ( 12.49999999999999822, 1.000000000000000000, 29.00000000000000000 ) ) ;
#1405 = ORIENTED_EDGE ( 'NONE', *, *, #1705, .F. ) ;
#1406 = CARTESIAN_POINT ( 'NONE',  ( 6.999999999999999112, 21.24999999999999645, -8.000000000000000000 ) ) ;
#1407 = FACE_OUTER_BOUND ( 'NONE', #3415, .T. ) ;
#1408 = FACE_OUTER_BOUND ( 'NONE', #1052, .T. ) ;
#1409 = ORIENTED_EDGE ( 'NONE', *, *, #788, .T. ) ;
#1410 = TOROIDAL_SURFACE ( 'NONE', #1542, 3.500000000000000000, 1.000000000000000000 ) ;
#1411 = DIRECTION ( 'NONE',  ( 0.000000000000000000, 0.000000000000000000, 1.000000000000000000 ) ) ;
#1412 = VERTEX_POINT ( 'NONE', #1520 ) ;
#1413 = EDGE_CURVE ( 'NONE', #2380, #859, #1044, .T. ) ;
#1414 = VECTOR ( 'NONE', #3388, 1000.000000000000000 ) ;
#1415 = VECTOR ( 'NONE', #2359, 1000.000000000000000 ) ;
#1416 = DIRECTION ( 'NONE',  ( -0.000000000000000000, -0.000000000000000000, -1.000000000000000000 ) ) ;
#1417 = CC_DESIGN_APPROVAL ( #725, ( #2283 ) ) ;
#1418 = VERTEX_POINT ( 'NONE', #4054 ) ;
#1419 = TOROIDAL_SURFACE ( 'NONE', #37, 3.500000000000000000, 1.000000000000000000 ) ;
#1420 = CIRCLE ( 'NONE', #162, 1.500000000000001332 ) ;
#1421 = EDGE_CURVE ( 'NONE', #983, #2824, #1204, .T. ) ;
#1422 = EDGE_CURVE ( 'NONE', #1294, #2937, #3037, .T. ) ;
#1423 = CARTESIAN_POINT ( 'NONE',  ( 13.99999999999999822, 0.000000000000000000, 27.49999999999998579 ) ) ;
#1424 = CARTESIAN_POINT ( 'NONE',  ( 9.234609985550070732, 90.27607038748907087, 0.000000000000000000 ) ) ;
#1425 = CIRCLE ( 'NONE', #1025, 1.800000000000002931 ) ;
#1426 = CARTESIAN_POINT ( 'NONE',  ( 60.49999999999998579, 17.75000000000000000, 0.000000000000000000 ) ) ;
#1427 = EDGE_LOOP ( 'NONE', ( #2420, #404, #3889, #1575, #1838, #869, #3933 ) ) ;
#1428 = DIRECTION ( 'NONE',  ( -0.9428401836006544690, -0.3332452373071279617, 0.000000000000000000 ) ) ;
#1429 = VECTOR ( 'NONE', #1123, 1000.000000000000000 ) ;
#1430 = VERTEX_POINT ( 'NONE', #8 ) ;
#1431 = ORIENTED_EDGE ( 'NONE', *, *, #1976, .F. ) ;
#1432 = AXIS2_PLACEMENT_3D ( 'NONE', #1513, #1283, #953 ) ;
#1433 = CARTESIAN_POINT ( 'NONE',  ( 0.000000000000000000, 5.000000000000000000, 29.00000000000000000 ) ) ;
#1434 = DIRECTION ( 'NONE',  ( 0.000000000000000000, 0.000000000000000000, -1.000000000000000000 ) ) ;
#1435 = AXIS2_PLACEMENT_3D ( 'NONE', #1268, #1311, #322 ) ;
#1436 = AXIS2_PLACEMENT_3D ( 'NONE', #1348, #111, #2594 ) ;
#1437 = DIRECTION ( 'NONE',  ( -1.000000000000000000, 0.000000000000000000, 0.000000000000000000 ) ) ;
#1438 = CIRCLE ( 'NONE', #1302, 1.199999999999996181 ) ;
#1439 = DIRECTION ( 'NONE',  ( 0.000000000000000000, 0.000000000000000000, 1.000000000000000000 ) ) ;
#1440 = ORIENTED_EDGE ( 'NONE', *, *, #3279, .F. ) ;
#1441 = ORIENTED_EDGE ( 'NONE', *, *, #1624, .T. ) ;
#1442 = CARTESIAN_POINT ( 'NONE',  ( 63.00000000000000000, 44.21411568847981499, 14.90000000000000036 ) ) ;
#1443 = EDGE_CURVE ( 'NONE', #3609, #3045, #1376, .T. ) ;
#1444 = CARTESIAN_POINT ( 'NONE',  ( 13.99999999999999822, 5.000000000000000000, 0.000000000000000000 ) ) ;
#1445 = DIRECTION ( 'NONE',  ( -0.6153846153846164180, -0.7882269819968914515, 0.000000000000000000 ) ) ;
#1446 = CARTESIAN_POINT ( 'NONE',  ( 7.751635071298432322, 81.20409235600661191, 0.000000000000000000 ) ) ;
#1447 = VERTEX_POINT ( 'NONE', #1003 ) ;
#1448 = DIRECTION ( 'NONE',  ( 0.000000000000000000, 0.000000000000000000, 1.000000000000000000 ) ) ;
#1449 = ADVANCED_FACE ( 'NONE', ( #2203 ), #3546, .F. ) ;
#1450 = VERTEX_POINT ( 'NONE', #3458 ) ;
#1451 = VERTEX_POINT ( 'NONE', #3811 ) ;
#1452 = ADVANCED_FACE ( 'NONE', ( #300 ), #3898, .T. ) ;
#1453 = DIRECTION ( 'NONE',  ( 0.000000000000000000, 0.000000000000000000, -1.000000000000000000 ) ) ;
#1454 = CARTESIAN_POINT ( 'NONE',  ( 7.601170637189761159, 81.67110793245159073, 0.000000000000000000 ) ) ;
#1455 = CARTESIAN_POINT ( 'NONE',  ( 13.39599569036535165, 73.35379109473308290, 7.500000000000000000 ) ) ;
#1456 = EDGE_LOOP ( 'NONE', ( #2554, #518, #537, #472 ) ) ;
#1457 = DIRECTION ( 'NONE',  ( 0.000000000000000000, -1.000000000000000000, 0.000000000000000000 ) ) ;
#1458 = VERTEX_POINT ( 'NONE', #1562 ) ;
#1459 = CARTESIAN_POINT ( 'NONE',  ( 12.49999999999999822, 1.000000000000000000, 30.00000000000000355 ) ) ;
#1460 = CARTESIAN_POINT ( 'NONE',  ( 3.423076923076909139, 97.55247267666298683, 15.00000000000000000 ) ) ;
#1461 = CIRCLE ( 'NONE', #3322, 1.800000000000002931 ) ;
#1462 = EDGE_CURVE ( 'NONE', #3884, #1458, #345, .T. ) ;
#1463 = ORIENTED_EDGE ( 'NONE', *, *, #3196, .T. ) ;
#1464 = DIRECTION ( 'NONE',  ( 0.5837694705562169739, -0.8119194573641611568, 0.000000000000000000 ) ) ;
#1465 = ORIENTED_EDGE ( 'NONE', *, *, #1466, .T. ) ;
#1466 = EDGE_CURVE ( 'NONE', #2721, #3143, #2640, .T. ) ;
#1467 = VERTEX_POINT ( 'NONE', #1582 ) ;
#1468 = DIRECTION ( 'NONE',  ( -0.8119194573641616008, -0.5837694705562165298, 0.000000000000000000 ) ) ;
#1469 = DIRECTION ( 'NONE',  ( 1.000000000000000000, 0.000000000000000000, 0.000000000000000000 ) ) ;
#1470 = EDGE_CURVE ( 'NONE', #3970, #2394, #1699, .T. ) ;
#1471 = LINE ( 'NONE', #3820, #94 ) ;
#1472 = CARTESIAN_POINT ( 'NONE',  ( 59.19999999999999574, 45.75000000000000000, -38.00000000000000000 ) ) ;
#1473 = CIRCLE ( 'NONE', #3801, 1.200000000000001510 ) ;
#1474 = FACE_OUTER_BOUND ( 'NONE', #3664, .T. ) ;
#1475 = VERTEX_POINT ( 'NONE', #982 ) ;
#1476 = AXIS2_PLACEMENT_3D ( 'NONE', #1675, #763, #378 ) ;
#1477 = AXIS2_PLACEMENT_3D ( 'NONE', #3707, #1754, #205 ) ;
#1478 = DIRECTION ( 'NONE',  ( -1.000000000000000000, 0.000000000000000000, 0.000000000000000000 ) ) ;
#1479 = CARTESIAN_POINT ( 'NONE',  ( 6.999999999999999112, 21.24999999999999645, -36.19999999999999574 ) ) ;
#1480 = AXIS2_PLACEMENT_3D ( 'NONE', #600, #1857, #2762 ) ;
#1481 = ORIENTED_EDGE ( 'NONE', *, *, #3511, .T. ) ;
#1482 = VECTOR ( 'NONE', #1319, 1000.000000000000000 ) ;
#1483 = CARTESIAN_POINT ( 'NONE',  ( 123.6584048087145362, 3.682340472995333069, 0.000000000000000000 ) ) ;
#1484 = AXIS2_PLACEMENT_3D ( 'NONE', #740, #2310, #3288 ) ;
#1485 = ORIENTED_EDGE ( 'NONE', *, *, #588, .T. ) ;
#1486 = ORIENTED_EDGE ( 'NONE', *, *, #1896, .T. ) ;
#1487 = LINE ( 'NONE', #2760, #4064 ) ;
#1488 = DIRECTION ( 'NONE',  ( 1.000000000000000000, 0.000000000000000000, -0.000000000000000000 ) ) ;
#1489 = EDGE_CURVE ( 'NONE', #3597, #2041, #3949, .T. ) ;
#1490 = DIRECTION ( 'NONE',  ( -0.000000000000000000, -0.000000000000000000, -1.000000000000000000 ) ) ;
#1491 = AXIS2_PLACEMENT_3D ( 'NONE', #2020, #191, #3989 ) ;
#1492 = ORIENTED_EDGE ( 'NONE', *, *, #1373, .T. ) ;
#1493 = CARTESIAN_POINT ( 'NONE',  ( 2.500000000000000000, 0.000000000000000000, 29.00000000000000000 ) ) ;
#1494 = CARTESIAN_POINT ( 'NONE',  ( 33.33350952538574319, 57.76443009086911928, 14.90000000000000036 ) ) ;
#1495 = EDGE_CURVE ( 'NONE', #3905, #3835, #1331, .T. ) ;
#1496 = EDGE_CURVE ( 'NONE', #3920, #3973, #2467, .T. ) ;
#1497 = VECTOR ( 'NONE', #344, 1000.000000000000114 ) ;
#1498 = CARTESIAN_POINT ( 'NONE',  ( -37.13124952556402292, 51.64296094025676354, 15.00000000000000000 ) ) ;
#1499 = ORIENTED_EDGE ( 'NONE', *, *, #3606, .T. ) ;
#1500 = ADVANCED_FACE ( 'NONE', ( #651 ), #2273, .T. ) ;
#1501 = AXIS2_PLACEMENT_3D ( 'NONE', #2713, #122, #3028 ) ;
#1502 = ORIENTED_EDGE ( 'NONE', *, *, #3355, .T. ) ;
#1503 = CARTESIAN_POINT ( 'NONE',  ( 4.038461538461518785, 98.34069965865990071, 13.99999999999999822 ) ) ;
#1504 = CARTESIAN_POINT ( 'NONE',  ( 24.77510468360895857, 82.15118641221421569, 7.500000000000000000 ) ) ;
#1505 = VERTEX_POINT ( 'NONE', #1604 ) ;
#1506 = CARTESIAN_POINT ( 'NONE',  ( 22.01675211539429355, 76.78089755066967825, 7.500000000000000000 ) ) ;
#1507 = VERTEX_POINT ( 'NONE', #2878 ) ;
#1508 = DIRECTION ( 'NONE',  ( -1.000000000000000000, 0.000000000000000000, 0.000000000000000000 ) ) ;
#1509 = CARTESIAN_POINT ( 'NONE',  ( 12.49999999999999822, 4.000000000000000000, -14.99999999999999645 ) ) ;
#1510 = CC_DESIGN_PERSON_AND_ORGANIZATION_ASSIGNMENT ( #704, #402, ( #2283 ) ) ;
#1511 = ORIENTED_EDGE ( 'NONE', *, *, #1872, .T. ) ;
#1512 = CYLINDRICAL_SURFACE ( 'NONE', #956, 5.000000000000002665 ) ;
#1513 = CARTESIAN_POINT ( 'NONE',  ( 34.00000000000000000, 11.12125027633221208, 14.90000000000000036 ) ) ;
#1514 = ORIENTED_EDGE ( 'NONE', *, *, #3886, .F. ) ;
#1515 = EDGE_CURVE ( 'NONE', #2090, #1907, #2897, .T. ) ;
#1516 = PLANE ( 'NONE',  #486 ) ;
#1517 = ORIENTED_EDGE ( 'NONE', *, *, #3469, .T. ) ;
#1518 = LINE ( 'NONE', #570, #32 ) ;
#1519 = DIRECTION ( 'NONE',  ( 0.000000000000000000, 0.000000000000000000, -1.000000000000000000 ) ) ;
#1520 = CARTESIAN_POINT ( 'NONE',  ( 15.00000000000000000, 1.000000000000000000, 27.50000000000000000 ) ) ;
#1521 = EDGE_CURVE ( 'NONE', #3194, #2148, #1954, .T. ) ;
#1522 = FACE_OUTER_BOUND ( 'NONE', #3184, .T. ) ;
#1523 = DIRECTION ( 'NONE',  ( -1.000000000000000000, 1.156482317317864980E-14, 0.000000000000000000 ) ) ;
#1524 = ORIENTED_EDGE ( 'NONE', *, *, #554, .F. ) ;
#1525 = LINE ( 'NONE', #2188, #1022 ) ;
#1526 = ORIENTED_EDGE ( 'NONE', *, *, #890, .F. ) ;
#1527 = ORIENTED_EDGE ( 'NONE', *, *, #3506, .F. ) ;
#1528 = FACE_OUTER_BOUND ( 'NONE', #731, .T. ) ;
#1529 = CARTESIAN_POINT ( 'NONE',  ( 4.999999999999993783, 44.21411568847982920, 14.90000000000000036 ) ) ;
#1530 = ORIENTED_EDGE ( 'NONE', *, *, #305, .T. ) ;
#1531 = CARTESIAN_POINT ( 'NONE',  ( 47.73938099419595460, 34.32457852178753654, 15.00000000000000000 ) ) ;
#1532 = CARTESIAN_POINT ( 'NONE',  ( 8.799999999999998934, 21.24999999999999645, -36.19999999999999574 ) ) ;
#1533 = ORIENTED_EDGE ( 'NONE', *, *, #2531, .T. ) ;
#1534 = CARTESIAN_POINT ( 'NONE',  ( 59.66622618653564558, 48.92831660648310077, 14.90000000000000036 ) ) ;
#1535 = EDGE_CURVE ( 'NONE', #2146, #25, #368, .T. ) ;
#1536 = AXIS2_PLACEMENT_3D ( 'NONE', #412, #57, #3574 ) ;
#1537 = CARTESIAN_POINT ( 'NONE',  ( 7.500000000000003553, 19.74999999999999645, -38.00000000000000000 ) ) ;
#1538 = DIRECTION ( 'NONE',  ( -1.000000000000000000, 0.000000000000000000, 0.000000000000000000 ) ) ;
#1539 = FACE_OUTER_BOUND ( 'NONE', #3263, .T. ) ;
#1540 = ORIENTED_EDGE ( 'NONE', *, *, #279, .F. ) ;
#1541 = CARTESIAN_POINT ( 'NONE',  ( 61.00000000000000000, 45.75000000000000000, -8.000000000000000000 ) ) ;
#1542 = AXIS2_PLACEMENT_3D ( 'NONE', #1394, #2704, #1576 ) ;
#1543 = VECTOR ( 'NONE', #760, 1000.000000000000000 ) ;
#1544 = EDGE_CURVE ( 'NONE', #1388, #3987, #3023, .T. ) ;
#1545 = CARTESIAN_POINT ( 'NONE',  ( 12.49999999999999822, 4.000000000000000000, -13.99999999999999467 ) ) ;
#1546 = AXIS2_PLACEMENT_3D ( 'NONE', #4108, #1854, #3186 ) ;
#1547 = VERTEX_POINT ( 'NONE', #389 ) ;
#1548 = LOCAL_TIME ( 22, 54, 30.00000000000000000, #2280 ) ;
#1549 = VECTOR ( 'NONE', #565, 1000.000000000000000 ) ;
#1550 = CIRCLE ( 'NONE', #3867, 1.000000000000000888 ) ;
#1551 = DIRECTION ( 'NONE',  ( 1.000000000000000000, 0.000000000000000000, 0.000000000000000000 ) ) ;
#1552 = CIRCLE ( 'NONE', #2822, 2.500000000000002220 ) ;
#1553 = ORIENTED_EDGE ( 'NONE', *, *, #1797, .F. ) ;
#1554 = CARTESIAN_POINT ( 'NONE',  ( 2.500000000000000000, 4.000000000000000000, -12.49999999999999645 ) ) ;
#1555 = LINE ( 'NONE', #3827, #3491 ) ;
#1556 = DIRECTION ( 'NONE',  ( -0.000000000000000000, -1.000000000000000000, -0.000000000000000000 ) ) ;
#1557 = VERTEX_POINT ( 'NONE', #1974 ) ;
#1558 = AXIS2_PLACEMENT_3D ( 'NONE', #3571, #3119, #23 ) ;
#1559 = DIRECTION ( 'NONE',  ( 0.9428401836006544690, -0.3332452373071282392, 0.000000000000000000 ) ) ;
#1560 = CARTESIAN_POINT ( 'NONE',  ( 58.00000000000000711, 22.78588431152018501, 14.90000000000000036 ) ) ;
#1561 = TOROIDAL_SURFACE ( 'NONE', #3093, 0.2000000000000000944, 1.800000000000000044 ) ;
#1562 = CARTESIAN_POINT ( 'NONE',  ( 22.30024183784225755, 60.62696813631852422, -0.000000000000000000 ) ) ;
#1563 = EDGE_CURVE ( 'NONE', #967, #1901, #1461, .T. ) ;
#1564 = ORIENTED_EDGE ( 'NONE', *, *, #3197, .F. ) ;
#1565 = DIRECTION ( 'NONE',  ( 0.000000000000000000, 1.000000000000000000, 0.000000000000000000 ) ) ;
#1566 = CIRCLE ( 'NONE', #313, 0.2000000000000022593 ) ;
#1567 = EDGE_LOOP ( 'NONE', ( #3528, #3136, #2233, #3113 ) ) ;
#1568 = AXIS2_PLACEMENT_3D ( 'NONE', #694, #3232, #1956 ) ;
#1569 = ADVANCED_FACE ( 'NONE', ( #3588 ), #1395, .T. ) ;
#1570 = EDGE_LOOP ( 'NONE', ( #2910, #2757, #2059, #3245, #2755, #497, #3638, #90, #3233, #1986, #2663, #3655 ) ) ;
#1571 = DIRECTION ( 'NONE',  ( 0.8119194573641614898, 0.5837694705562167519, -0.000000000000000000 ) ) ;
#1572 = LINE ( 'NONE', #3735, #1680 ) ;
#1573 = FACE_OUTER_BOUND ( 'NONE', #2626, .T. ) ;
#1574 = ADVANCED_FACE ( 'NONE', ( #1378 ), #3543, .T. ) ;
#1575 = ORIENTED_EDGE ( 'NONE', *, *, #2429, .T. ) ;
#1576 = DIRECTION ( 'NONE',  ( 0.000000000000000000, 0.000000000000000000, 1.000000000000000000 ) ) ;
#1577 = CARTESIAN_POINT ( 'NONE',  ( 61.00000000000000000, 45.75000000000000000, 14.90000000000000036 ) ) ;
#1578 = ORIENTED_EDGE ( 'NONE', *, *, #146, .F. ) ;
#1579 = ORIENTED_EDGE ( 'NONE', *, *, #2771, .T. ) ;
#1580 = FACE_OUTER_BOUND ( 'NONE', #3111, .T. ) ;
#1581 = CARTESIAN_POINT ( 'NONE',  ( 0.000000000000000000, 1.000000000000000000, 13.99999999999999822 ) ) ;
#1582 = CARTESIAN_POINT ( 'NONE',  ( 123.6584048087145504, 3.682340472995327296, 0.000000000000000000 ) ) ;
#1583 = CYLINDRICAL_SURFACE ( 'NONE', #3928, 2.750000000000002665 ) ;
#1584 = ORIENTED_EDGE ( 'NONE', *, *, #3838, .T. ) ;
#1585 = DIRECTION ( 'NONE',  ( -0.9428401836006544690, -0.3332452373071279617, 0.000000000000000000 ) ) ;
#1586 = ORIENTED_EDGE ( 'NONE', *, *, #213, .T. ) ;
#1587 = EDGE_CURVE ( 'NONE', #2320, #1359, #2070, .T. ) ;
#1588 = EDGE_LOOP ( 'NONE', ( #3258, #2796, #3310, #2269 ) ) ;
#1589 = CARTESIAN_POINT ( 'NONE',  ( 47.73938099419595460, 34.32457852178753654, 30.00000000000000000 ) ) ;
#1590 = PERSON_AND_ORGANIZATION ( #3816, #3614 ) ;
#1591 = LINE ( 'NONE', #17, #1140 ) ;
#1592 = EDGE_CURVE ( 'NONE', #2926, #735, #888, .T. ) ;
#1593 = DIRECTION ( 'NONE',  ( -1.000000000000000000, 0.000000000000000000, 0.000000000000000000 ) ) ;
#1594 = ORIENTED_EDGE ( 'NONE', *, *, #2052, .F. ) ;
#1595 = DIRECTION ( 'NONE',  ( 0.000000000000000000, 0.000000000000000000, -1.000000000000000000 ) ) ;
#1596 = DIRECTION ( 'NONE',  ( -0.5837694705562169739, 0.8119194573641613788, 0.000000000000000000 ) ) ;
#1597 =( BOUNDED_CURVE ( )  B_SPLINE_CURVE ( 3, ( #1810, #2495, #234, #1504 ),
 .UNSPECIFIED., .F., .T. ) 
 B_SPLINE_CURVE_WITH_KNOTS ( ( 4, 4 ),
 ( 3.141592653589793116, 6.283185307179586232 ),
 .UNSPECIFIED. ) 
 CURVE ( )  GEOMETRIC_REPRESENTATION_ITEM ( )  RATIONAL_B_SPLINE_CURVE ( ( 1.000000000000000000, 0.3333333333333333703, 0.3333333333333333703, 1.000000000000000000 ) ) 
 REPRESENTATION_ITEM ( '' )  );
#1598 = EDGE_CURVE ( 'NONE', #2352, #2103, #2639, .T. ) ;
#1599 = VERTEX_POINT ( 'NONE', #3315 ) ;
#1600 = FACE_OUTER_BOUND ( 'NONE', #1588, .T. ) ;
#1601 = EDGE_LOOP ( 'NONE', ( #1038, #1119 ) ) ;
#1602 = DIRECTION ( 'NONE',  ( 0.000000000000000000, 1.000000000000000000, 0.000000000000000000 ) ) ;
#1603 = LINE ( 'NONE', #1666, #44 ) ;
#1604 = CARTESIAN_POINT ( 'NONE',  ( 62.50000000000000000, 19.74999999999999645, 0.000000000000000000 ) ) ;
#1605 = DIRECTION ( 'NONE',  ( 1.000000000000000000, 0.000000000000000000, 0.000000000000000000 ) ) ;
#1606 = EDGE_LOOP ( 'NONE', ( #3436, #2525, #1824, #915 ) ) ;
#1607 = FACE_OUTER_BOUND ( 'NONE', #2284, .T. ) ;
#1608 = CARTESIAN_POINT ( 'NONE',  ( 5.500000000000003553, 19.75000000000001421, 0.000000000000000000 ) ) ;
#1609 = VERTEX_POINT ( 'NONE', #3629 ) ;
#1610 = AXIS2_PLACEMENT_3D ( 'NONE', #1979, #2019, #3204 ) ;
#1611 = FACE_OUTER_BOUND ( 'NONE', #2183, .T. ) ;
#1612 = CIRCLE ( 'NONE', #3804, 2.500000000000002220 ) ;
#1613 = AXIS2_PLACEMENT_3D ( 'NONE', #2742, #845, #4009 ) ;
#1614 = DIRECTION ( 'NONE',  ( -1.000000000000000000, 0.000000000000000000, 0.000000000000000000 ) ) ;
#1615 = CIRCLE ( 'NONE', #2541, 1.000000000000000888 ) ;
#1616 = ORIENTED_EDGE ( 'NONE', *, *, #1007, .T. ) ;
#1617 = ADVANCED_FACE ( 'NONE', ( #3648 ), #809, .F. ) ;
#1618 = TOROIDAL_SURFACE ( 'NONE', #2009, 1.500000000000000000, 1.000000000000000000 ) ;
#1619 = TOROIDAL_SURFACE ( 'NONE', #3079, 1.500000000000000000, 1.000000000000000000 ) ;
#1620 = DIRECTION ( 'NONE',  ( -1.000000000000000000, 0.000000000000000000, 0.000000000000000000 ) ) ;
#1621 = ORIENTED_EDGE ( 'NONE', *, *, #3952, .F. ) ;
#1622 = VECTOR ( 'NONE', #3054, 1000.000000000000000 ) ;
#1623 = EDGE_CURVE ( 'NONE', #2519, #1359, #1730, .T. ) ;
#1624 = EDGE_CURVE ( 'NONE', #2162, #642, #3998, .T. ) ;
#1625 = LINE ( 'NONE', #1328, #2213 ) ;
#1626 = DIRECTION ( 'NONE',  ( 6.476403751518350560E-16, -1.000000000000000000, 0.000000000000000000 ) ) ;
#1627 = AXIS2_PLACEMENT_3D ( 'NONE', #2250, #669, #1930 ) ;
#1628 = CARTESIAN_POINT ( 'NONE',  ( 17.49999999999999645, 5.000000000000000000, 17.49999999999999645 ) ) ;
#1629 = CARTESIAN_POINT ( 'NONE',  ( 5.500000000000003553, 19.75000000000001421, -40.00000000000000000 ) ) ;
#1630 = CIRCLE ( 'NONE', #3290, 2.000000000000001776 ) ;
#1631 = ORIENTED_EDGE ( 'NONE', *, *, #1971, .T. ) ;
#1632 = EDGE_CURVE ( 'NONE', #3595, #467, #1400, .T. ) ;
#1633 = DIRECTION ( 'NONE',  ( 0.000000000000000000, 0.000000000000000000, -1.000000000000000000 ) ) ;
#1634 = AXIS2_PLACEMENT_3D ( 'NONE', #299, #4075, #870 ) ;
#1635 = DIRECTION ( 'NONE',  ( 0.5837694705562151976, -0.8119194573641626000, 0.000000000000000000 ) ) ;
#1636 = DIRECTION ( 'NONE',  ( 0.000000000000000000, 0.000000000000000000, 1.000000000000000000 ) ) ;
#1637 = ORIENTED_EDGE ( 'NONE', *, *, #3637, .T. ) ;
#1638 = AXIS2_PLACEMENT_3D ( 'NONE', #1641, #441, #3281 ) ;
#1639 = CARTESIAN_POINT ( 'NONE',  ( 1.000000000000000000, 5.000000000000000000, 0.9999999999999940048 ) ) ;
#1640 = FACE_OUTER_BOUND ( 'NONE', #270, .T. ) ;
#1641 = CARTESIAN_POINT ( 'NONE',  ( 9.999999999999991118, 22.78588431152018501, 14.90000000000000036 ) ) ;
#1642 = AXIS2_PLACEMENT_3D ( 'NONE', #2672, #2336, #3533 ) ;
#1643 = ORIENTED_EDGE ( 'NONE', *, *, #329, .F. ) ;
#1644 = LINE ( 'NONE', #707, #4007 ) ;
#1645 = CYLINDRICAL_SURFACE ( 'NONE', #2488, 2.000000000000000000 ) ;
#1646 = PLANE ( 'NONE',  #2028 ) ;
#1647 = EDGE_CURVE ( 'NONE', #1412, #2035, #286, .T. ) ;
#1648 = DIRECTION ( 'NONE',  ( 0.000000000000000000, 1.000000000000000000, 0.000000000000000000 ) ) ;
#1649 = ADVANCED_FACE ( 'NONE', ( #546 ), #3927, .T. ) ;
#1650 = DIRECTION ( 'NONE',  ( 0.000000000000000000, -0.000000000000000000, 1.000000000000000000 ) ) ;
#1651 = CARTESIAN_POINT ( 'NONE',  ( 15.27722603468923168, 4.999999999999999112, 15.00000000000000000 ) ) ;
#1652 = ORIENTED_EDGE ( 'NONE', *, *, #3220, .T. ) ;
#1653 = DIRECTION ( 'NONE',  ( -0.000000000000000000, -0.000000000000000000, 1.000000000000000000 ) ) ;
#1654 = EDGE_CURVE ( 'NONE', #467, #395, #2609, .T. ) ;
#1655 = CARTESIAN_POINT ( 'NONE',  ( 5.805481709269375123, 81.89925791925952581, 0.000000000000000000 ) ) ;
#1656 = ORIENTED_EDGE ( 'NONE', *, *, #221, .T. ) ;
#1657 = DIRECTION ( 'NONE',  ( 0.000000000000000000, 0.000000000000000000, 1.000000000000000000 ) ) ;
#1658 = FACE_BOUND ( 'NONE', #3779, .T. ) ;
#1659 = PERSON_AND_ORGANIZATION ( #3816, #3614 ) ;
#1660 = ORIENTED_EDGE ( 'NONE', *, *, #684, .T. ) ;
#1661 = DIRECTION ( 'NONE',  ( 0.000000000000000000, 1.000000000000000000, 0.000000000000000000 ) ) ;
#1662 = ORIENTED_EDGE ( 'NONE', *, *, #3910, .T. ) ;
#1663 = CARTESIAN_POINT ( 'NONE',  ( 122.7353278856376306, 2.500000000000000000, 13.99999999999999822 ) ) ;
#1664 = VERTEX_POINT ( 'NONE', #3946 ) ;
#1665 = CARTESIAN_POINT ( 'NONE',  ( 15.93110667156211591, 4.844252121132510247, 0.000000000000000000 ) ) ;
#1666 = CARTESIAN_POINT ( 'NONE',  ( 62.50000000000000000, 47.24999999999998579, -38.00000000000000000 ) ) ;
#1667 = ORIENTED_EDGE ( 'NONE', *, *, #408, .F. ) ;
#1668 = CARTESIAN_POINT ( 'NONE',  ( 9.000000000000001776, 47.75000000000000000, -8.000000000000000000 ) ) ;
#1669 = EDGE_CURVE ( 'NONE', #117, #190, #4068, .T. ) ;
#1670 = DIRECTION ( 'NONE',  ( -0.000000000000000000, -0.000000000000000000, -1.000000000000000000 ) ) ;
#1671 = ORIENTED_EDGE ( 'NONE', *, *, #3251, .T. ) ;
#1672 = CARTESIAN_POINT ( 'NONE',  ( 4.999999999999995559, 22.78588431152018501, 14.90000000000000036 ) ) ;
#1673 = ADVANCED_FACE ( 'NONE', ( #4087 ), #2522, .T. ) ;
#1674 = EDGE_CURVE ( 'NONE', #3626, #968, #3277, .T. ) ;
#1675 = CARTESIAN_POINT ( 'NONE',  ( 2.500000000000000000, 96.37013220366763733, 1.000000000000000888 ) ) ;
#1676 = TOROIDAL_SURFACE ( 'NONE', #24, 3.500000000000000000, 1.000000000000000000 ) ;
#1677 = ORIENTED_EDGE ( 'NONE', *, *, #3138, .F. ) ;
#1678 = DIRECTION ( 'NONE',  ( 0.000000000000000000, 0.000000000000000000, 1.000000000000000000 ) ) ;
#1679 = VECTOR ( 'NONE', #3022, 1000.000000000000000 ) ;
#1680 = VECTOR ( 'NONE', #3426, 1000.000000000000000 ) ;
#1681 = AXIS2_PLACEMENT_3D ( 'NONE', #2854, #1289, #5 ) ;
#1682 = CIRCLE ( 'NONE', #3140, 1.499999999999999556 ) ;
#1683 = EDGE_LOOP ( 'NONE', ( #3340, #4025, #1992, #2056 ) ) ;
#1684 = CARTESIAN_POINT ( 'NONE',  ( 2.500000000000000000, 1.000000000000000000, -12.49999999999999645 ) ) ;
#1685 = CIRCLE ( 'NONE', #1755, 1.200000000000001510 ) ;
#1686 = ORIENTED_EDGE ( 'NONE', *, *, #4027, .F. ) ;
#1687 = ORIENTED_EDGE ( 'NONE', *, *, #2229, .F. ) ;
#1688 = CYLINDRICAL_SURFACE ( 'NONE', #3939, 2.000000000000001776 ) ;
#1689 = LINE ( 'NONE', #1444, #506 ) ;
#1690 = CARTESIAN_POINT ( 'NONE',  ( 9.999999999999991118, 22.78588431152018501, 14.90000000000000036 ) ) ;
#1691 = AXIS2_PLACEMENT_3D ( 'NONE', #2654, #1006, #3274 ) ;
#1692 = CARTESIAN_POINT ( 'NONE',  ( 21.82786845998274217, 62.99696041307586825, 15.00000000000000000 ) ) ;
#1693 = ADVANCED_FACE ( 'NONE', ( #3531 ), #1340, .T. ) ;
#1694 = VERTEX_POINT ( 'NONE', #3174 ) ;
#1695 = AXIS2_PLACEMENT_3D ( 'NONE', #1050, #1556, #1329 ) ;
#1696 = LINE ( 'NONE', #675, #2810 ) ;
#1697 = AXIS2_PLACEMENT_3D ( 'NONE', #1537, #4034, #2815 ) ;
#1698 = DIRECTION ( 'NONE',  ( 0.000000000000000000, -1.000000000000000000, 0.000000000000000000 ) ) ;
#1699 = CIRCLE ( 'NONE', #1435, 2.249999999999995559 ) ;
#1700 = EDGE_CURVE ( 'NONE', #1475, #1801, #1591, .T. ) ;
#1701 = VECTOR ( 'NONE', #540, 1000.000000000000000 ) ;
#1702 = ORIENTED_EDGE ( 'NONE', *, *, #3886, .T. ) ;
#1703 = CARTESIAN_POINT ( 'NONE',  ( 10.82667378073769093, 65.96402892503458304, 7.500000000000000000 ) ) ;
#1704 = CIRCLE ( 'NONE', #580, 1.499999999999999556 ) ;
#1705 = EDGE_CURVE ( 'NONE', #2937, #2564, #2261, .T. ) ;
#1706 = ORIENTED_EDGE ( 'NONE', *, *, #2974, .F. ) ;
#1707 = DIRECTION ( 'NONE',  ( -0.5837694705562165298, 0.8119194573641617119, 0.000000000000000000 ) ) ;
#1708 = DIRECTION ( 'NONE',  ( -1.000000000000000000, 0.000000000000000000, 0.000000000000000000 ) ) ;
#1709 = EDGE_LOOP ( 'NONE', ( #1113, #1526, #759, #2303 ) ) ;
#1710 = DIRECTION ( 'NONE',  ( 0.000000000000000000, 0.000000000000000000, -1.000000000000000000 ) ) ;
#1711 = ORIENTED_EDGE ( 'NONE', *, *, #273, .T. ) ;
#1712 = DIRECTION ( 'NONE',  ( 1.000000000000000000, 0.000000000000000000, -0.000000000000000000 ) ) ;
#1713 = DIRECTION ( 'NONE',  ( -0.000000000000000000, 0.000000000000000000, -1.000000000000000000 ) ) ;
#1714 = DIRECTION ( 'NONE',  ( 0.000000000000000000, 0.000000000000000000, 1.000000000000000000 ) ) ;
#1715 = FACE_OUTER_BOUND ( 'NONE', #3331, .T. ) ;
#1716 = ORIENTED_EDGE ( 'NONE', *, *, #3633, .T. ) ;
#1717 = CARTESIAN_POINT ( 'NONE',  ( 1.000000000000000000, 96.37013220366763733, 13.99999999999999822 ) ) ;
#1718 = ORIENTED_EDGE ( 'NONE', *, *, #830, .T. ) ;
#1719 = PLANE ( 'NONE',  #2293 ) ;
#1720 = ADVANCED_FACE ( 'NONE', ( #62 ), #3559, .T. ) ;
#1721 = ORIENTED_EDGE ( 'NONE', *, *, #2355, .F. ) ;
#1722 = CARTESIAN_POINT ( 'NONE',  ( 7.934155060744789267, 82.32064349834291761, 0.000000000000000000 ) ) ;
#1723 = EDGE_CURVE ( 'NONE', #328, #1096, #1387, .T. ) ;
#1724 = EDGE_CURVE ( 'NONE', #419, #3595, #2239, .T. ) ;
#1725 = CARTESIAN_POINT ( 'NONE',  ( 12.49999999999999822, 1.000000000000000000, -13.99999999999999467 ) ) ;
#1726 = CARTESIAN_POINT ( 'NONE',  ( 21.82786845998274217, 62.99696041307586825, 30.00000000000000000 ) ) ;
#1727 = ORIENTED_EDGE ( 'NONE', *, *, #474, .T. ) ;
#1728 = EDGE_LOOP ( 'NONE', ( #3729, #446 ) ) ;
#1729 = EDGE_LOOP ( 'NONE', ( #2254, #3301, #1807, #2697, #1213, #2340, #3250, #1055, #3840, #2044, #3020, #1085 ) ) ;
#1730 = LINE ( 'NONE', #485, #1679 ) ;
#1731 =( BOUNDED_CURVE ( )  B_SPLINE_CURVE ( 3, ( #1775, #3986, #1137, #2446 ),
 .UNSPECIFIED., .F., .T. ) 
 B_SPLINE_CURVE_WITH_KNOTS ( ( 4, 4 ),
 ( 3.141592653589793116, 4.712388980384689674 ),
 .UNSPECIFIED. ) 
 CURVE ( )  GEOMETRIC_REPRESENTATION_ITEM ( )  RATIONAL_B_SPLINE_CURVE ( ( 1.000000000000000000, 0.8047378541243649375, 0.8047378541243649375, 1.000000000000000000 ) ) 
 REPRESENTATION_ITEM ( '' )  );
#1732 = LINE ( 'NONE', #794, #1155 ) ;
#1733 = CARTESIAN_POINT ( 'NONE',  ( 29.29199724987868692, 78.62475778427555895, 7.500000000000000000 ) ) ;
#1734 = ORIENTED_EDGE ( 'NONE', *, *, #2790, .T. ) ;
#1735 = LINE ( 'NONE', #3005, #2214 ) ;
#1736 = CARTESIAN_POINT ( 'NONE',  ( 4.999999999999993783, 44.21411568847982920, 14.90000000000000036 ) ) ;
#1737 = ORIENTED_EDGE ( 'NONE', *, *, #830, .F. ) ;
#1738 = ORIENTED_EDGE ( 'NONE', *, *, #3929, .T. ) ;
#1739 = DIRECTION ( 'NONE',  ( 1.000000000000000000, -0.000000000000000000, 0.000000000000000000 ) ) ;
#1740 = DIRECTION ( 'NONE',  ( 0.000000000000000000, 0.000000000000000000, -1.000000000000000000 ) ) ;
#1741 = CARTESIAN_POINT ( 'NONE',  ( 3.423076923076897149, 97.55247267666298683, 1.000000000000000000 ) ) ;
#1742 = EDGE_CURVE ( 'NONE', #395, #2716, #1920, .T. ) ;
#1743 = VECTOR ( 'NONE', #334, 1000.000000000000000 ) ;
#1744 = DIRECTION ( 'NONE',  ( -1.000000000000000000, 0.000000000000000000, 0.000000000000000000 ) ) ;
#1745 = CARTESIAN_POINT ( 'NONE',  ( 26.42089497242594831, 62.60439518793016589, 0.000000000000000000 ) ) ;
#1746 = ORIENTED_EDGE ( 'NONE', *, *, #3329, .T. ) ;
#1747 = AXIS2_PLACEMENT_3D ( 'NONE', #51, #1648, #2648 ) ;
#1748 = CIRCLE ( 'NONE', #3010, 1.000000000000000888 ) ;
#1749 = ADVANCED_FACE ( 'NONE', ( #1825, #1178 ), #201, .T. ) ;
#1750 = ADVANCED_FACE ( 'NONE', ( #2258 ), #3702, .F. ) ;
#1751 = FACE_OUTER_BOUND ( 'NONE', #2758, .T. ) ;
#1752 = CIRCLE ( 'NONE', #1480, 0.1999999999999987899 ) ;
#1753 = VERTEX_POINT ( 'NONE', #3189 ) ;
#1754 = DIRECTION ( 'NONE',  ( 0.000000000000000000, 0.000000000000000000, -1.000000000000000000 ) ) ;
#1755 = AXIS2_PLACEMENT_3D ( 'NONE', #2997, #2683, #2406 ) ;
#1756 = AXIS2_PLACEMENT_3D ( 'NONE', #2169, #3185, #2474 ) ;
#1757 = CARTESIAN_POINT ( 'NONE',  ( 33.33350952538574319, 9.235569909130907362, 15.00000000000000000 ) ) ;
#1758 = DIRECTION ( 'NONE',  ( -1.000000000000000000, 0.000000000000000000, 0.000000000000000000 ) ) ;
#1759 = ADVANCED_FACE ( 'NONE', ( #1611 ), #2744, .T. ) ;
#1760 = CIRCLE ( 'NONE', #3558, 2.249999999999996447 ) ;
#1761 = VERTEX_POINT ( 'NONE', #2570 ) ;
#1762 = CARTESIAN_POINT ( 'NONE',  ( 40.50000000000000000, 33.49999999999999289, -40.00000000000000000 ) ) ;
#1763 = VECTOR ( 'NONE', #2212, 1000.000000000000000 ) ;
#1764 = ORIENTED_EDGE ( 'NONE', *, *, #955, .F. ) ;
#1765 = EDGE_LOOP ( 'NONE', ( #1385, #1899, #1465, #1164 ) ) ;
#1766 = CIRCLE ( 'NONE', #965, 1.199999999999999734 ) ;
#1767 = LINE ( 'NONE', #3036, #2084 ) ;
#1768 = AXIS2_PLACEMENT_3D ( 'NONE', #1153, #1800, #2443 ) ;
#1769 = DIRECTION ( 'NONE',  ( 0.7882269819968913405, -0.6153846153846166400, 0.000000000000000000 ) ) ;
#1770 = AXIS2_PLACEMENT_3D ( 'NONE', #1741, #1769, #2763 ) ;
#1771 = CARTESIAN_POINT ( 'NONE',  ( 8.799999999999998934, 45.75000000000000000, -36.19999999999999574 ) ) ;
#1772 = EDGE_CURVE ( 'NONE', #863, #3626, #2546, .T. ) ;
#1773 = ORIENTED_EDGE ( 'NONE', *, *, #112, .T. ) ;
#1774 = AXIS2_PLACEMENT_3D ( 'NONE', #3392, #900, #1228 ) ;
#1775 = CARTESIAN_POINT ( 'NONE',  ( 1.000000000000000000, 5.000000000000000000, 0.000000000000000000 ) ) ;
#1776 = ORIENTED_EDGE ( 'NONE', *, *, #2624, .T. ) ;
#1777 = ADVANCED_FACE ( 'NONE', ( #4029 ), #864, .F. ) ;
#1778 = LINE ( 'NONE', #1459, #569 ) ;
#1779 = DIRECTION ( 'NONE',  ( -0.000000000000000000, -0.000000000000000000, -1.000000000000000000 ) ) ;
#1780 = VERTEX_POINT ( 'NONE', #2133 ) ;
#1781 = EDGE_CURVE ( 'NONE', #147, #3295, #3740, .T. ) ;
#1782 = VERTEX_POINT ( 'NONE', #3407 ) ;
#1783 = EDGE_LOOP ( 'NONE', ( #1514, #1174 ) ) ;
#1784 = CARTESIAN_POINT ( 'NONE',  ( 2.500000000000000000, 4.000000000000000000, 29.00000000000000355 ) ) ;
#1785 = CARTESIAN_POINT ( 'NONE',  ( 9.000000000000001776, 45.94999999999999574, -38.00000000000000000 ) ) ;
#1786 = CARTESIAN_POINT ( 'NONE',  ( 27.50000000000000355, 33.49999999999999289, -40.00000000000000000 ) ) ;
#1787 = VERTEX_POINT ( 'NONE', #564 ) ;
#1788 = CARTESIAN_POINT ( 'NONE',  ( 62.50000000000000000, 19.74999999999999645, -40.00000000000000000 ) ) ;
#1789 = ORIENTED_EDGE ( 'NONE', *, *, #336, .F. ) ;
#1790 = CARTESIAN_POINT ( 'NONE',  ( 12.49999999999999822, 1.000000000000000000, -12.49999999999999467 ) ) ;
#1791 = DIRECTION ( 'NONE',  ( -1.000000000000000000, 0.000000000000000000, 0.000000000000000000 ) ) ;
#1792 = CARTESIAN_POINT ( 'NONE',  ( 61.00000000000000000, 21.24999999999999645, -8.000000000000000000 ) ) ;
#1793 = EDGE_CURVE ( 'NONE', #360, #3674, #556, .T. ) ;
#1794 = ORIENTED_EDGE ( 'NONE', *, *, #252, .T. ) ;
#1795 = CARTESIAN_POINT ( 'NONE',  ( 9.999999999999994671, 44.21411568847982920, 15.00000000000000000 ) ) ;
#1796 = EDGE_LOOP ( 'NONE', ( #2934, #14, #2984, #2294 ) ) ;
#1797 = EDGE_CURVE ( 'NONE', #2394, #1761, #1301, .T. ) ;
#1798 = EDGE_LOOP ( 'NONE', ( #2988, #1015, #480, #2844 ) ) ;
#1799 = EDGE_CURVE ( 'NONE', #3326, #117, #1471, .T. ) ;
#1800 = DIRECTION ( 'NONE',  ( 0.000000000000000000, -1.000000000000000000, 0.000000000000000000 ) ) ;
#1801 = VERTEX_POINT ( 'NONE', #1786 ) ;
#1802 = CARTESIAN_POINT ( 'NONE',  ( 48.87606823450579441, 35.14185578056610382, 15.00000000000000000 ) ) ;
#1803 = FACE_OUTER_BOUND ( 'NONE', #1709, .T. ) ;
#1804 = VECTOR ( 'NONE', #1653, 1000.000000000000000 ) ;
#1805 = CARTESIAN_POINT ( 'NONE',  ( 22.29488403642772454, 62.34742484718454136, -0.000000000000000000 ) ) ;
#1806 = CYLINDRICAL_SURFACE ( 'NONE', #3997, 1.800000000000002931 ) ;
#1807 = ORIENTED_EDGE ( 'NONE', *, *, #112, .F. ) ;
#1808 = AXIS2_PLACEMENT_3D ( 'NONE', #3042, #3988, #2412 ) ;
#1809 = FACE_OUTER_BOUND ( 'NONE', #2108, .T. ) ;
#1810 = CARTESIAN_POINT ( 'NONE',  ( 29.29199724987868692, 78.62475778427555895, 7.500000000000000000 ) ) ;
#1811 = CARTESIAN_POINT ( 'NONE',  ( 4.999999999999995559, 22.78588431152018501, 14.90000000000000036 ) ) ;
#1812 = ORIENTED_EDGE ( 'NONE', *, *, #804, .F. ) ;
#1813 = AXIS2_PLACEMENT_3D ( 'NONE', #3472, #321, #3805 ) ;
#1814 = VECTOR ( 'NONE', #1585, 1000.000000000000227 ) ;
#1815 = CARTESIAN_POINT ( 'NONE',  ( 59.00000000000000000, 19.25000000000000000, -36.19999999999999574 ) ) ;
#1816 = ORIENTED_EDGE ( 'NONE', *, *, #2785, .F. ) ;
#1817 = AXIS2_PLACEMENT_3D ( 'NONE', #1060, #3537, #2957 ) ;
#1818 = ORIENTED_EDGE ( 'NONE', *, *, #1654, .F. ) ;
#1819 = ORIENTED_EDGE ( 'NONE', *, *, #1393, .T. ) ;
#1820 = DIRECTION ( 'NONE',  ( -1.000000000000000000, 0.000000000000000000, 0.000000000000000000 ) ) ;
#1821 = ADVANCED_FACE ( 'NONE', ( #3793 ), #2115, .F. ) ;
#1822 = DIRECTION ( 'NONE',  ( 0.8119194573641611568, 0.5837694705562169739, -0.000000000000000000 ) ) ;
#1823 = VECTOR ( 'NONE', #3298, 1000.000000000000114 ) ;
#1824 = ORIENTED_EDGE ( 'NONE', *, *, #3960, .T. ) ;
#1825 = FACE_BOUND ( 'NONE', #1072, .T. ) ;
#1826 = DIRECTION ( 'NONE',  ( 1.000000000000000000, 0.000000000000000000, 0.000000000000000000 ) ) ;
#1827 = DIRECTION ( 'NONE',  ( 0.000000000000000000, 1.000000000000000000, 0.000000000000000000 ) ) ;
#1828 = VECTOR ( 'NONE', #254, 1000.000000000000000 ) ;
#1829 = EDGE_CURVE ( 'NONE', #2632, #2128, #3074, .T. ) ;
#1830 = CARTESIAN_POINT ( 'NONE',  ( 1.000000000000000000, 4.000000000000000000, 27.50000000000000355 ) ) ;
#1831 = ORIENTED_EDGE ( 'NONE', *, *, #52, .T. ) ;
#1832 = DIRECTION ( 'NONE',  ( 0.000000000000000000, -0.000000000000000000, 1.000000000000000000 ) ) ;
#1833 = CYLINDRICAL_SURFACE ( 'NONE', #828, 6.499999999999999112 ) ;
#1834 = DIRECTION ( 'NONE',  ( 1.000000000000000000, 0.000000000000000000, 0.000000000000000000 ) ) ;
#1835 = VERTEX_POINT ( 'NONE', #970 ) ;
#1836 = CARTESIAN_POINT ( 'NONE',  ( 34.00000000000000000, 33.49999999999999289, -40.00000000000000000 ) ) ;
#1837 = ORIENTED_EDGE ( 'NONE', *, *, #2720, .F. ) ;
#1838 = ORIENTED_EDGE ( 'NONE', *, *, #1592, .T. ) ;
#1839 = DIRECTION ( 'NONE',  ( -0.000000000000000000, -0.000000000000000000, 1.000000000000000000 ) ) ;
#1840 = ORIENTED_EDGE ( 'NONE', *, *, #3637, .F. ) ;
#1841 = PRODUCT_DEFINITION_SHAPE ( 'NONE', 'NONE',  #3116 ) ;
#1842 = ADVANCED_FACE ( 'NONE', ( #1254 ), #2520, .T. ) ;
#1843 = CARTESIAN_POINT ( 'NONE',  ( 15.00000000000000000, 5.000000000000000000, -14.99999999999999645 ) ) ;
#1844 = SPHERICAL_SURFACE ( 'NONE', #110, 2.000000000000000000 ) ;
#1845 = CARTESIAN_POINT ( 'NONE',  ( 7.751635071298432322, 81.20409235600661191, 15.00000000000000000 ) ) ;
#1846 = ORIENTED_EDGE ( 'NONE', *, *, #3960, .F. ) ;
#1847 = ADVANCED_FACE ( 'NONE', ( #331 ), #2947, .F. ) ;
#1848 = EDGE_CURVE ( 'NONE', #3086, #419, #2025, .T. ) ;
#1849 = DIRECTION ( 'NONE',  ( 0.000000000000000000, 0.000000000000000000, 1.000000000000000000 ) ) ;
#1850 = DIRECTION ( 'NONE',  ( 1.000000000000000000, -0.000000000000000000, 0.000000000000000000 ) ) ;
#1851 = DIRECTION ( 'NONE',  ( -0.8119194573641616008, -0.5837694705562165298, 0.000000000000000000 ) ) ;
#1852 = ORIENTED_EDGE ( 'NONE', *, *, #1040, .F. ) ;
#1853 = LINE ( 'NONE', #12, #495 ) ;
#1854 = DIRECTION ( 'NONE',  ( 0.000000000000000000, 0.000000000000000000, -1.000000000000000000 ) ) ;
#1855 = ORIENTED_EDGE ( 'NONE', *, *, #1862, .F. ) ;
#1856 = ORIENTED_EDGE ( 'NONE', *, *, #3192, .T. ) ;
#1857 = DIRECTION ( 'NONE',  ( -0.000000000000000000, -0.000000000000000000, 1.000000000000000000 ) ) ;
#1858 = DIRECTION ( 'NONE',  ( 0.000000000000000000, 1.000000000000000000, 0.000000000000000000 ) ) ;
#1859 = ORIENTED_EDGE ( 'NONE', *, *, #442, .T. ) ;
#1860 = DIRECTION ( 'NONE',  ( 1.000000000000000000, 0.000000000000000000, -0.000000000000000000 ) ) ;
#1861 = DIRECTION ( 'NONE',  ( -1.000000000000000000, 0.000000000000000000, 0.000000000000000000 ) ) ;
#1862 = EDGE_CURVE ( 'NONE', #3896, #1388, #2657, .T. ) ;
#1863 = CARTESIAN_POINT ( 'NONE',  ( 59.66622618653564558, 48.92831660648310077, 15.00000000000000000 ) ) ;
#1864 = DIRECTION ( 'NONE',  ( -0.8119194573641616008, -0.5837694705562165298, 0.000000000000000000 ) ) ;
#1865 = EDGE_CURVE ( 'NONE', #665, #1333, #3870, .T. ) ;
#1866 = DIRECTION ( 'NONE',  ( -1.000000000000000000, 5.782411586589358033E-15, 0.000000000000000000 ) ) ;
#1867 = DIRECTION ( 'NONE',  ( 0.000000000000000000, 0.000000000000000000, 1.000000000000000000 ) ) ;
#1868 = CARTESIAN_POINT ( 'NONE',  ( 60.49999999999998579, 49.25000000000000000, 0.000000000000000000 ) ) ;
#1869 = ORIENTED_EDGE ( 'NONE', *, *, #3797, .F. ) ;
#1870 = CARTESIAN_POINT ( 'NONE',  ( 8.333773813464354419, 18.07168339351691699, 15.00000000000000000 ) ) ;
#1871 = AXIS2_PLACEMENT_3D ( 'NONE', #2490, #2750, #1163 ) ;
#1872 = EDGE_CURVE ( 'NONE', #665, #3597, #124, .T. ) ;
#1873 = ORIENTED_EDGE ( 'NONE', *, *, #3924, .T. ) ;
#1874 = AXIS2_PLACEMENT_3D ( 'NONE', #1836, #3730, #2795 ) ;
#1875 = ORIENTED_EDGE ( 'NONE', *, *, #1647, .T. ) ;
#1876 = DIRECTION ( 'NONE',  ( -0.000000000000000000, 0.000000000000000000, -1.000000000000000000 ) ) ;
#1877 = AXIS2_PLACEMENT_3D ( 'NONE', #2051, #3327, #1744 ) ;
#1878 = CIRCLE ( 'NONE', #102, 0.7999999999999942712 ) ;
#1879 = DIRECTION ( 'NONE',  ( 8.095504689397933269E-17, 1.000000000000000000, -0.000000000000000000 ) ) ;
#1880 = ORIENTED_EDGE ( 'NONE', *, *, #459, .F. ) ;
#1881 = DIRECTION ( 'NONE',  ( -0.000000000000000000, -1.000000000000000000, -0.000000000000000000 ) ) ;
#1882 = DIRECTION ( 'NONE',  ( 0.000000000000000000, 1.000000000000000000, 0.000000000000000000 ) ) ;
#1883 = VECTOR ( 'NONE', #2255, 1000.000000000000000 ) ;
#1884 = EDGE_LOOP ( 'NONE', ( #3548, #3268, #422, #2308 ) ) ;
#1885 = ORIENTED_EDGE ( 'NONE', *, *, #3781, .F. ) ;
#1886 = AXIS2_PLACEMENT_3D ( 'NONE', #978, #3800, #1596 ) ;
#1887 = FACE_OUTER_BOUND ( 'NONE', #2693, .T. ) ;
#1888 = ADVANCED_FACE ( 'NONE', ( #3239 ), #458, .T. ) ;
#1889 = VERTEX_POINT ( 'NONE', #2911 ) ;
#1890 = CARTESIAN_POINT ( 'NONE',  ( 2.500000000000000000, 4.000000000000000000, -14.99999999999999645 ) ) ;
#1891 = CIRCLE ( 'NONE', #447, 1.000000000000000888 ) ;
#1892 = CARTESIAN_POINT ( 'NONE',  ( 15.93109058468116324, 4.844257484588592177, 15.00000000000000178 ) ) ;
#1893 = CARTESIAN_POINT ( 'NONE',  ( 7.601170637189761159, 81.67110793245159073, 30.00000000000000000 ) ) ;
#1894 = VERTEX_POINT ( 'NONE', #401 ) ;
#1895 = CARTESIAN_POINT ( 'NONE',  ( 23.33023342414578138, 74.95407877160032228, 7.500000000000000000 ) ) ;
#1896 = EDGE_CURVE ( 'NONE', #3330, #2632, #1748, .T. ) ;
#1897 = AXIS2_PLACEMENT_3D ( 'NONE', #4006, #2384, #3094 ) ;
#1898 = DIRECTION ( 'NONE',  ( 0.000000000000000000, 0.000000000000000000, -1.000000000000000000 ) ) ;
#1899 = ORIENTED_EDGE ( 'NONE', *, *, #1315, .T. ) ;
#1900 = AXIS2_PLACEMENT_3D ( 'NONE', #1247, #2839, #3477 ) ;
#1901 = VERTEX_POINT ( 'NONE', #3916 ) ;
#1902 = DIRECTION ( 'NONE',  ( 0.6153846153846238565, 0.7882269819968857893, 0.000000000000000000 ) ) ;
#1903 = DIRECTION ( 'NONE',  ( -1.000000000000000000, 0.000000000000000000, 0.000000000000000000 ) ) ;
#1904 = EDGE_CURVE ( 'NONE', #11, #882, #3579, .T. ) ;
#1905 = APPROVAL_ROLE ( '' ) ;
#1906 = LINE ( 'NONE', #1529, #3236 ) ;
#1907 = VERTEX_POINT ( 'NONE', #142 ) ;
#1908 = DIRECTION ( 'NONE',  ( 0.7882269819968921176, -0.6153846153846153078, -0.000000000000000000 ) ) ;
#1909 = DIRECTION ( 'NONE',  ( 0.000000000000000000, 0.000000000000000000, -1.000000000000000000 ) ) ;
#1910 = ORIENTED_EDGE ( 'NONE', *, *, #3675, .F. ) ;
#1911 = ORIENTED_EDGE ( 'NONE', *, *, #2043, .T. ) ;
#1912 = FACE_OUTER_BOUND ( 'NONE', #4038, .T. ) ;
#1913 = DIRECTION ( 'NONE',  ( 0.000000000000000000, 0.000000000000000000, 1.000000000000000000 ) ) ;
#1914 = DIRECTION ( 'NONE',  ( 0.000000000000000000, -0.000000000000000000, 1.000000000000000000 ) ) ;
#1915 = ORIENTED_EDGE ( 'NONE', *, *, #2120, .F. ) ;
#1916 = CARTESIAN_POINT ( 'NONE',  ( 9.000000000000001776, 19.25000000000000000, -36.19999999999999574 ) ) ;
#1917 = VERTEX_POINT ( 'NONE', #2675 ) ;
#1918 = EDGE_CURVE ( 'NONE', #3041, #2937, #3075, .T. ) ;
#1919 = ORIENTED_EDGE ( 'NONE', *, *, #2584, .F. ) ;
#1920 = LINE ( 'NONE', #3510, #2405 ) ;
#1921 = FACE_OUTER_BOUND ( 'NONE', #1765, .T. ) ;
#1922 = LINE ( 'NONE', #2482, #3367 ) ;
#1923 = EDGE_CURVE ( 'NONE', #1110, #3584, #1009, .T. ) ;
#1924 = EDGE_CURVE ( 'NONE', #1305, #395, #1094, .T. ) ;
#1925 = ORIENTED_EDGE ( 'NONE', *, *, #2843, .F. ) ;
#1926 = DIRECTION ( 'NONE',  ( 0.000000000000000000, 0.000000000000000000, -1.000000000000000000 ) ) ;
#1927 = EDGE_CURVE ( 'NONE', #3247, #1835, #1696, .T. ) ;
#1928 = DIRECTION ( 'NONE',  ( -0.000000000000000000, -0.000000000000000000, 1.000000000000000000 ) ) ;
#1929 = CARTESIAN_POINT ( 'NONE',  ( 13.99999999999999822, 1.000000000000000000, 15.00000000000000000 ) ) ;
#1930 = DIRECTION ( 'NONE',  ( 1.000000000000000000, 0.000000000000000000, 0.000000000000000000 ) ) ;
#1931 = ORIENTED_EDGE ( 'NONE', *, *, #2589, .T. ) ;
#1932 = DIRECTION ( 'NONE',  ( 1.000000000000000000, 0.000000000000000000, 0.000000000000000000 ) ) ;
#1933 = CYLINDRICAL_SURFACE ( 'NONE', #2224, 1.800000000000002931 ) ;
#1934 = ORIENTED_EDGE ( 'NONE', *, *, #1413, .F. ) ;
#1935 = AXIS2_PLACEMENT_3D ( 'NONE', #21, #2738, #4043 ) ;
#1936 = CARTESIAN_POINT ( 'NONE',  ( 7.934155060744789267, 82.32064349834291761, 30.00000000000000000 ) ) ;
#1937 = CARTESIAN_POINT ( 'NONE',  ( 33.99999999999998579, 13.49999999999999467, 9.400000000000000355 ) ) ;
#1938 = EDGE_CURVE ( 'NONE', #3295, #147, #1017, .T. ) ;
#1939 = VECTOR ( 'NONE', #1707, 1000.000000000000114 ) ;
#1940 = AXIS2_PLACEMENT_3D ( 'NONE', #2891, #946, #973 ) ;
#1941 = LINE ( 'NONE', #178, #4088 ) ;
#1942 = CC_DESIGN_APPROVAL ( #50, ( #3077 ) ) ;
#1943 = VERTEX_POINT ( 'NONE', #3259 ) ;
#1944 = CIRCLE ( 'NONE', #2890, 2.000000000000001776 ) ;
#1945 = CIRCLE ( 'NONE', #620, 1.000000000000000888 ) ;
#1946 = CARTESIAN_POINT ( 'NONE',  ( 8.401170637189755652, 81.67110793245159073, 15.00000000000000000 ) ) ;
#1947 = EDGE_CURVE ( 'NONE', #1450, #983, #2971, .T. ) ;
#1948 = VERTEX_POINT ( 'NONE', #1672 ) ;
#1949 = PLANE ( 'NONE',  #2562 ) ;
#1950 = VECTOR ( 'NONE', #475, 1000.000000000000000 ) ;
#1951 = ORIENTED_EDGE ( 'NONE', *, *, #82, .F. ) ;
#1952 = DIRECTION ( 'NONE',  ( -1.000000000000000000, 0.000000000000000000, 0.000000000000000000 ) ) ;
#1953 = ADVANCED_FACE ( 'NONE', ( #1386 ), #104, .T. ) ;
#1954 = CIRCLE ( 'NONE', #1627, 5.000000000000004441 ) ;
#1955 = DIRECTION ( 'NONE',  ( -0.000000000000000000, 0.000000000000000000, -1.000000000000000000 ) ) ;
#1956 = DIRECTION ( 'NONE',  ( 0.5837694705562153086, -0.8119194573641624890, 0.000000000000000000 ) ) ;
#1957 = CIRCLE ( 'NONE', #306, 3.499999999999999556 ) ;
#1958 = ORIENTED_EDGE ( 'NONE', *, *, #1184, .F. ) ;
#1959 = CARTESIAN_POINT ( 'NONE',  ( 13.57278975880701211, 70.70969505688502466, 7.500000000000000000 ) ) ;
#1960 = VECTOR ( 'NONE', #802, 1000.000000000000000 ) ;
#1961 = DIRECTION ( 'NONE',  ( 1.000000000000000000, 0.000000000000000000, -0.000000000000000000 ) ) ;
#1962 = ORIENTED_EDGE ( 'NONE', *, *, #36, .F. ) ;
#1963 = VECTOR ( 'NONE', #2264, 1000.000000000000000 ) ;
#1964 = DIRECTION ( 'NONE',  ( 0.000000000000000000, 0.000000000000000000, 1.000000000000000000 ) ) ;
#1965 = DATE_AND_TIME ( #3261, #4000 ) ;
#1966 = VECTOR ( 'NONE', #1779, 1000.000000000000000 ) ;
#1967 = VERTEX_POINT ( 'NONE', #1056 ) ;
#1968 = CARTESIAN_POINT ( 'NONE',  ( -21.13596603232364046, 29.39636780847884978, 15.00000000000000000 ) ) ;
#1969 = EDGE_LOOP ( 'NONE', ( #1737, #532, #2374, #1352 ) ) ;
#1970 = DIRECTION ( 'NONE',  ( 1.000000000000000000, 0.000000000000000000, 0.000000000000000000 ) ) ;
#1971 = EDGE_CURVE ( 'NONE', #1121, #60, #2321, .T. ) ;
#1972 = ORIENTED_EDGE ( 'NONE', *, *, #2105, .T. ) ;
#1973 = CARTESIAN_POINT ( 'NONE',  ( 42.46190452132888993, 30.53007696317211739, 0.000000000000000000 ) ) ;
#1974 = CARTESIAN_POINT ( 'NONE',  ( 8.097922745240245135, 89.45879312871036859, 15.00000000000000000 ) ) ;
#1975 = ORIENTED_EDGE ( 'NONE', *, *, #3, .F. ) ;
#1976 = EDGE_CURVE ( 'NONE', #3973, #3131, #736, .T. ) ;
#1977 = EDGE_CURVE ( 'NONE', #685, #1096, #2886, .T. ) ;
#1978 = ORIENTED_EDGE ( 'NONE', *, *, #437, .T. ) ;
#1979 = CARTESIAN_POINT ( 'NONE',  ( 59.00000000000000000, 45.75000000000000000, -36.19999999999999574 ) ) ;
#1980 = DIRECTION ( 'NONE',  ( 0.000000000000000000, -0.000000000000000000, 1.000000000000000000 ) ) ;
#1981 = ORIENTED_EDGE ( 'NONE', *, *, #2555, .F. ) ;
#1982 = CARTESIAN_POINT ( 'NONE',  ( 58.00000000000000711, 22.78588431152018501, 14.90000000000000036 ) ) ;
#1983 = DIRECTION ( 'NONE',  ( 1.000000000000000000, 0.000000000000000000, 0.000000000000000000 ) ) ;
#1984 = COORDINATED_UNIVERSAL_TIME_OFFSET ( 5, 30, .AHEAD. ) ;
#1985 = DIRECTION ( 'NONE',  ( 0.000000000000000000, 0.000000000000000000, 1.000000000000000000 ) ) ;
#1986 = ORIENTED_EDGE ( 'NONE', *, *, #227, .T. ) ;
#1987 = DIRECTION ( 'NONE',  ( 0.000000000000000000, 0.000000000000000000, -1.000000000000000000 ) ) ;
#1988 = CARTESIAN_POINT ( 'NONE',  ( 12.49999999999999822, 4.000000000000000000, -12.49999999999999467 ) ) ;
#1989 = EDGE_LOOP ( 'NONE', ( #3445, #1662, #35, #264 ) ) ;
#1990 = DIRECTION ( 'NONE',  ( -0.8119194573641616008, -0.5837694705562165298, 0.000000000000000000 ) ) ;
#1991 = ADVANCED_FACE ( 'NONE', ( #2395 ), #2379, .F. ) ;
#1992 = ORIENTED_EDGE ( 'NONE', *, *, #966, .F. ) ;
#1993 = VERTEX_POINT ( 'NONE', #2087 ) ;
#1994 = DIRECTION ( 'NONE',  ( 0.8119194573641613788, 0.5837694705562169739, 0.000000000000000000 ) ) ;
#1995 = EDGE_CURVE ( 'NONE', #2030, #968, #238, .T. ) ;
#1996 = DIRECTION ( 'NONE',  ( 0.000000000000000000, 0.000000000000000000, 1.000000000000000000 ) ) ;
#1997 = ORIENTED_EDGE ( 'NONE', *, *, #505, .F. ) ;
#1998 = CARTESIAN_POINT ( 'NONE',  ( 17.49999999999999645, 0.000000000000000000, 15.00000000000000000 ) ) ;
#1999 = ADVANCED_FACE ( 'NONE', ( #3669 ), #2109, .T. ) ;
#2000 = CYLINDRICAL_SURFACE ( 'NONE', #1638, 4.999999999999995559 ) ;
#2001 = FACE_OUTER_BOUND ( 'NONE', #1136, .T. ) ;
#2002 = VECTOR ( 'NONE', #1206, 1000.000000000000000 ) ;
#2003 = ORIENTED_EDGE ( 'NONE', *, *, #636, .T. ) ;
#2004 = DIRECTION ( 'NONE',  ( 0.000000000000000000, 0.000000000000000000, -1.000000000000000000 ) ) ;
#2005 = CIRCLE ( 'NONE', #2539, 1.000000000000000888 ) ;
#2006 = AXIS2_PLACEMENT_3D ( 'NONE', #701, #1657, #3278 ) ;
#2007 = FACE_BOUND ( 'NONE', #1570, .T. ) ;
#2008 = CIRCLE ( 'NONE', #429, 1.199999999999996181 ) ;
#2009 = AXIS2_PLACEMENT_3D ( 'NONE', #3848, #3540, #1154 ) ;
#2010 = VECTOR ( 'NONE', #1127, 1000.000000000000000 ) ;
#2011 = EDGE_LOOP ( 'NONE', ( #3798, #578, #2800, #2436 ) ) ;
#2012 = CARTESIAN_POINT ( 'NONE',  ( 43.59859176163872263, 31.34735422195080545, 0.000000000000000000 ) ) ;
#2013 = AXIS2_PLACEMENT_3D ( 'NONE', #1988, #3904, #2575 ) ;
#2014 = CARTESIAN_POINT ( 'NONE',  ( 33.99999999999998579, 13.49999999999999467, 9.400000000000000355 ) ) ;
#2015 = CARTESIAN_POINT ( 'NONE',  ( 122.7353278856376306, 1.000000000000000000, 1.000000000000000000 ) ) ;
#2016 = ORIENTED_EDGE ( 'NONE', *, *, #3279, .T. ) ;
#2017 = ADVANCED_FACE ( 'NONE', ( #533 ), #2734, .T. ) ;
#2018 = ORIENTED_EDGE ( 'NONE', *, *, #3842, .F. ) ;
#2019 = DIRECTION ( 'NONE',  ( 0.000000000000000000, 0.000000000000000000, -1.000000000000000000 ) ) ;
#2020 = CARTESIAN_POINT ( 'NONE',  ( 17.49999999999999645, 4.000000000000000000, 17.49999999999999645 ) ) ;
#2021 = AXIS2_PLACEMENT_3D ( 'NONE', #3058, #2375, #3377 ) ;
#2022 = DIRECTION ( 'NONE',  ( -0.000000000000000000, -0.000000000000000000, 1.000000000000000000 ) ) ;
#2023 = EDGE_CURVE ( 'NONE', #2148, #1193, #2060, .T. ) ;
#2024 = VERTEX_POINT ( 'NONE', #1762 ) ;
#2025 = LINE ( 'NONE', #1338, #362 ) ;
#2026 = CIRCLE ( 'NONE', #572, 1.000000000000000000 ) ;
#2027 = DIRECTION ( 'NONE',  ( -0.000000000000000000, -0.000000000000000000, 1.000000000000000000 ) ) ;
#2028 = AXIS2_PLACEMENT_3D ( 'NONE', #2270, #132, #89 ) ;
#2029 = ADVANCED_FACE ( 'NONE', ( #857 ), #551, .T. ) ;
#2030 = VERTEX_POINT ( 'NONE', #1815 ) ;
#2031 = DIRECTION ( 'NONE',  ( 1.000000000000000000, 0.000000000000000000, 0.000000000000000000 ) ) ;
#2032 = DIRECTION ( 'NONE',  ( 0.8119194573641620449, 0.5837694705562157527, 0.000000000000000000 ) ) ;
#2033 = VECTOR ( 'NONE', #488, 1000.000000000000000 ) ;
#2034 = CARTESIAN_POINT ( 'NONE',  ( 29.90004924324014368, 61.53412159679776039, 30.00000000000000000 ) ) ;
#2035 = VERTEX_POINT ( 'NONE', #817 ) ;
#2036 = DIRECTION ( 'NONE',  ( 0.000000000000000000, 0.000000000000000000, -1.000000000000000000 ) ) ;
#2037 = ORIENTED_EDGE ( 'NONE', *, *, #1669, .T. ) ;
#2038 = CARTESIAN_POINT ( 'NONE',  ( 130.0000000000000000, 0.000000000000000000, 15.00000000000000000 ) ) ;
#2039 = EDGE_LOOP ( 'NONE', ( #164, #3269, #2016, #4103, #95, #3963, #2869, #3802 ) ) ;
#2040 = FACE_OUTER_BOUND ( 'NONE', #2893, .T. ) ;
#2041 = VERTEX_POINT ( 'NONE', #1173 ) ;
#2042 = CARTESIAN_POINT ( 'NONE',  ( 4.038461538461486811, 98.34069965865991492, 1.000000000000000888 ) ) ;
#2043 = EDGE_CURVE ( 'NONE', #2441, #3609, #1088, .T. ) ;
#2044 = ORIENTED_EDGE ( 'NONE', *, *, #3328, .F. ) ;
#2045 = ORIENTED_EDGE ( 'NONE', *, *, #636, .F. ) ;
#2046 = DIRECTION ( 'NONE',  ( 1.000000000000000000, 0.000000000000000000, 0.000000000000000000 ) ) ;
#2047 = CARTESIAN_POINT ( 'NONE',  ( 22.01675211539429355, 76.78089755066967825, 7.500000000000000000 ) ) ;
#2048 = ADVANCED_FACE ( 'NONE', ( #3974 ), #2437, .F. ) ;
#2049 = CARTESIAN_POINT ( 'NONE',  ( 1.000000000000000000, 0.000000000000000000, 27.50000000000000355 ) ) ;
#2050 = ORIENTED_EDGE ( 'NONE', *, *, #1489, .T. ) ;
#2051 = CARTESIAN_POINT ( 'NONE',  ( 60.50000000000000000, 47.25000000000000000, -38.00000000000000000 ) ) ;
#2052 = EDGE_CURVE ( 'NONE', #3160, #685, #3380, .T. ) ;
#2053 = CARTESIAN_POINT ( 'NONE',  ( 28.76336200293031453, 60.71684433801905101, 15.00000000000000000 ) ) ;
#2054 = ORIENTED_EDGE ( 'NONE', *, *, #3146, .F. ) ;
#2055 = PLANE ( 'NONE',  #3070 ) ;
#2056 = ORIENTED_EDGE ( 'NONE', *, *, #3838, .F. ) ;
#2057 = DIRECTION ( 'NONE',  ( -1.000000000000000000, -0.000000000000000000, -0.000000000000000000 ) ) ;
#2058 = CARTESIAN_POINT ( 'NONE',  ( 20.62541512433778124, 60.90074812048805342, 0.000000000000000000 ) ) ;
#2059 = ORIENTED_EDGE ( 'NONE', *, *, #801, .T. ) ;
#2060 = LINE ( 'NONE', #492, #3474 ) ;
#2061 = DIRECTION ( 'NONE',  ( -1.000000000000000000, 0.000000000000000000, 0.000000000000000000 ) ) ;
#2062 = VERTEX_POINT ( 'NONE', #3715 ) ;
#2063 = ORIENTED_EDGE ( 'NONE', *, *, #1373, .F. ) ;
#2064 = DIRECTION ( 'NONE',  ( 0.000000000000000000, 0.000000000000000000, 1.000000000000000000 ) ) ;
#2065 = CARTESIAN_POINT ( 'NONE',  ( 0.000000000000000000, 5.000000000000000000, -13.99999999999999467 ) ) ;
#2066 = AXIS2_PLACEMENT_3D ( 'NONE', #697, #3362, #2793 ) ;
#2067 = CARTESIAN_POINT ( 'NONE',  ( 4.999999999999995559, 22.78588431152018501, 15.00000000000000000 ) ) ;
#2068 = EDGE_CURVE ( 'NONE', #2237, #2062, #1146, .T. ) ;
#2069 = AXIS2_PLACEMENT_3D ( 'NONE', #27, #1077, #2031 ) ;
#2070 = CIRCLE ( 'NONE', #2883, 0.7999999999999986011 ) ;
#2071 = DIRECTION ( 'NONE',  ( 1.000000000000000000, -0.000000000000000000, 0.000000000000000000 ) ) ;
#2072 = CARTESIAN_POINT ( 'NONE',  ( 59.00000000000000000, 19.25000000000000000, -36.19999999999999574 ) ) ;
#2073 = EDGE_LOOP ( 'NONE', ( #347, #230, #4080, #3600 ) ) ;
#2074 = VECTOR ( 'NONE', #897, 1000.000000000000000 ) ;
#2075 = CIRCLE ( 'NONE', #2144, 1.000000000000000000 ) ;
#2076 = DIRECTION ( 'NONE',  ( 0.000000000000000000, 0.000000000000000000, -1.000000000000000000 ) ) ;
#2077 = LOCAL_TIME ( 22, 54, 30.00000000000000000, #3557 ) ;
#2078 = EDGE_LOOP ( 'NONE', ( #839, #2842 ) ) ;
#2079 = EDGE_CURVE ( 'NONE', #1694, #1234, #3994, .T. ) ;
#2080 = AXIS2_PLACEMENT_3D ( 'NONE', #977, #1661, #2894 ) ;
#2081 = CIRCLE ( 'NONE', #3339, 1.500000000000001332 ) ;
#2082 = CARTESIAN_POINT ( 'NONE',  ( 24.77510468360895857, 82.15118641221421569, 7.500000000000000000 ) ) ;
#2083 = LINE ( 'NONE', #778, #387 ) ;
#2084 = VECTOR ( 'NONE', #2400, 1000.000000000000000 ) ;
#2085 = CARTESIAN_POINT ( 'NONE',  ( 2.500000000000000000, 96.37013220366763733, 1.000000000000000888 ) ) ;
#2086 = ORIENTED_EDGE ( 'NONE', *, *, #418, .F. ) ;
#2087 = CARTESIAN_POINT ( 'NONE',  ( 33.33350952538574319, 9.235569909130907362, 15.00000000000000000 ) ) ;
#2088 = CARTESIAN_POINT ( 'NONE',  ( 61.00000000000000000, 44.21411568847982920, 14.90000000000000036 ) ) ;
#2089 = CIRCLE ( 'NONE', #3219, 1.000000000000000888 ) ;
#2090 = VERTEX_POINT ( 'NONE', #3636 ) ;
#2091 = ORIENTED_EDGE ( 'NONE', *, *, #182, .T. ) ;
#2092 = AXIS2_PLACEMENT_3D ( 'NONE', #2158, #3767, #3179 ) ;
#2093 = LINE ( 'NONE', #521, #2475 ) ;
#2094 = AXIS2_PLACEMENT_3D ( 'NONE', #3202, #2598, #3871 ) ;
#2095 = VECTOR ( 'NONE', #999, 1000.000000000000000 ) ;
#2096 = DIRECTION ( 'NONE',  ( -1.000000000000000000, 0.000000000000000000, 0.000000000000000000 ) ) ;
#2097 = VECTOR ( 'NONE', #585, 1000.000000000000000 ) ;
#2098 = CARTESIAN_POINT ( 'NONE',  ( 9.000000000000001776, 45.75000000000000000, 14.90000000000000036 ) ) ;
#2099 = EDGE_CURVE ( 'NONE', #3103, #892, #2075, .T. ) ;
#2100 = VECTOR ( 'NONE', #1291, 1000.000000000000000 ) ;
#2101 = LINE ( 'NONE', #524, #3144 ) ;
#2102 = FACE_OUTER_BOUND ( 'NONE', #1138, .T. ) ;
#2103 = VERTEX_POINT ( 'NONE', #3063 ) ;
#2104 = CARTESIAN_POINT ( 'NONE',  ( 26.64904495923390115, 64.00008411585052670, 0.000000000000000000 ) ) ;
#2105 = EDGE_CURVE ( 'NONE', #1782, #1467, #211, .T. ) ;
#2106 = CARTESIAN_POINT ( 'NONE',  ( 9.000000000000001776, 45.75000000000000000, -36.19999999999999574 ) ) ;
#2107 = LINE ( 'NONE', #3419, #3635 ) ;
#2108 = EDGE_LOOP ( 'NONE', ( #3089, #716, #128, #654 ) ) ;
#2109 = PLANE ( 'NONE',  #3744 ) ;
#2110 = DIRECTION ( 'NONE',  ( 6.938893903907222067E-15, 0.000000000000000000, -1.000000000000000000 ) ) ;
#2111 = ORIENTED_EDGE ( 'NONE', *, *, #717, .F. ) ;
#2112 = ORIENTED_EDGE ( 'NONE', *, *, #392, .F. ) ;
#2113 = DIRECTION ( 'NONE',  ( 0.000000000000000000, 0.000000000000000000, -1.000000000000000000 ) ) ;
#2114 = CARTESIAN_POINT ( 'NONE',  ( 60.50000000000000000, 47.25000000000000000, 0.000000000000000000 ) ) ;
#2115 = CYLINDRICAL_SURFACE ( 'NONE', #1613, 2.000000000000001776 ) ;
#2116 = DIRECTION ( 'NONE',  ( 0.9428401836006544690, 0.3332452373071280172, -0.000000000000000000 ) ) ;
#2117 = DIRECTION ( 'NONE',  ( 0.000000000000000000, 0.000000000000000000, -1.000000000000000000 ) ) ;
#2118 = CARTESIAN_POINT ( 'NONE',  ( 9.958595902740626116, 85.50052388559950600, 15.00000000000000000 ) ) ;
#2119 = ORIENTED_EDGE ( 'NONE', *, *, #1399, .F. ) ;
#2120 = EDGE_CURVE ( 'NONE', #1967, #2320, #1735, .T. ) ;
#2121 = DIRECTION ( 'NONE',  ( 1.000000000000000000, 0.000000000000000000, 0.000000000000000000 ) ) ;
#2122 = PLANE ( 'NONE',  #2970 ) ;
#2123 = DIRECTION ( 'NONE',  ( 0.000000000000000000, 0.000000000000000000, 1.000000000000000000 ) ) ;
#2124 = ORIENTED_EDGE ( 'NONE', *, *, #3930, .F. ) ;
#2125 = CARTESIAN_POINT ( 'NONE',  ( 2.500000000000000000, 96.37013220366763733, 15.00000000000000000 ) ) ;
#2126 = ORIENTED_EDGE ( 'NONE', *, *, #4036, .F. ) ;
#2127 = ORIENTED_EDGE ( 'NONE', *, *, #3978, .T. ) ;
#2128 = VERTEX_POINT ( 'NONE', #3774 ) ;
#2129 = EDGE_CURVE ( 'NONE', #210, #2864, #1853, .T. ) ;
#2130 = CARTESIAN_POINT ( 'NONE',  ( 5.805481709269375123, 81.89925791925952581, 15.00000000000000000 ) ) ;
#2131 = LINE ( 'NONE', #3385, #2966 ) ;
#2132 = ORIENTED_EDGE ( 'NONE', *, *, #3001, .T. ) ;
#2133 = CARTESIAN_POINT ( 'NONE',  ( 6.304958344601923059, 82.87356126809652324, -0.000000000000000000 ) ) ;
#2134 = CARTESIAN_POINT ( 'NONE',  ( 60.50000000000000000, 19.74999999999999645, -40.00000000000000000 ) ) ;
#2135 = AXIS2_PLACEMENT_3D ( 'NONE', #2315, #3313, #3294 ) ;
#2136 = LINE ( 'NONE', #849, #3670 ) ;
#2137 = ORIENTED_EDGE ( 'NONE', *, *, #151, .T. ) ;
#2138 = AXIS2_PLACEMENT_3D ( 'NONE', #1406, #2046, #3369 ) ;
#2139 = AXIS2_PLACEMENT_3D ( 'NONE', #944, #643, #1902 ) ;
#2140 = CARTESIAN_POINT ( 'NONE',  ( 13.99999999999999822, 0.000000000000000000, -2.500000000000002220 ) ) ;
#2141 = DIRECTION ( 'NONE',  ( 0.000000000000000000, 0.000000000000000000, 1.000000000000000000 ) ) ;
#2142 = ORIENTED_EDGE ( 'NONE', *, *, #4106, .F. ) ;
#2143 = AXIS2_PLACEMENT_3D ( 'NONE', #1534, #3137, #1559 ) ;
#2144 = AXIS2_PLACEMENT_3D ( 'NONE', #471, #3694, #841 ) ;
#2145 = LINE ( 'NONE', #1895, #3875 ) ;
#2146 = VERTEX_POINT ( 'NONE', #922 ) ;
#2147 = AXIS2_PLACEMENT_3D ( 'NONE', #3465, #912, #1826 ) ;
#2148 = VERTEX_POINT ( 'NONE', #1270 ) ;
#2149 = ADVANCED_FACE ( 'NONE', ( #903 ), #2499, .F. ) ;
#2150 = ORIENTED_EDGE ( 'NONE', *, *, #2334, .T. ) ;
#2151 = DIRECTION ( 'NONE',  ( 0.000000000000000000, 0.000000000000000000, -1.000000000000000000 ) ) ;
#2152 =( NAMED_UNIT ( * ) SI_UNIT ( $, .STERADIAN. ) SOLID_ANGLE_UNIT ( ) );
#2153 = DIRECTION ( 'NONE',  ( 0.000000000000000000, 0.000000000000000000, 1.000000000000000000 ) ) ;
#2154 = DIRECTION ( 'NONE',  ( 6.476403751518350560E-16, -1.000000000000000000, 0.000000000000000000 ) ) ;
#2155 = EDGE_CURVE ( 'NONE', #2491, #2829, #3442, .T. ) ;
#2156 = ORIENTED_EDGE ( 'NONE', *, *, #593, .T. ) ;
#2157 = CARTESIAN_POINT ( 'NONE',  ( 63.00000000000000000, 44.21411568847981499, 14.90000000000000036 ) ) ;
#2158 = CARTESIAN_POINT ( 'NONE',  ( 8.800000000000000711, 21.24999999999999645, -36.19999999999999574 ) ) ;
#2159 = AXIS2_PLACEMENT_3D ( 'NONE', #3742, #3494, #1909 ) ;
#2160 = VECTOR ( 'NONE', #686, 1000.000000000000000 ) ;
#2161 = DIRECTION ( 'NONE',  ( 1.000000000000000000, 0.000000000000000000, 0.000000000000000000 ) ) ;
#2162 = VERTEX_POINT ( 'NONE', #3145 ) ;
#2163 = CARTESIAN_POINT ( 'NONE',  ( 0.000000000000000000, 0.000000000000000000, 13.99999999999999822 ) ) ;
#2164 = CARTESIAN_POINT ( 'NONE',  ( 6.999999999999999112, 45.75000000000000000, 14.90000000000000036 ) ) ;
#2165 = DIRECTION ( 'NONE',  ( 0.000000000000000000, 0.000000000000000000, 1.000000000000000000 ) ) ;
#2166 = CARTESIAN_POINT ( 'NONE',  ( 27.07043053831729651, 63.07141076437513050, 15.00000000000000000 ) ) ;
#2167 = LINE ( 'NONE', #1811, #1273 ) ;
#2168 = VERTEX_POINT ( 'NONE', #1916 ) ;
#2169 = CARTESIAN_POINT ( 'NONE',  ( 34.00000000000000000, 55.87874972366780213, 14.90000000000000036 ) ) ;
#2170 = ADVANCED_BREP_SHAPE_REPRESENTATION ( 'SIDE SUPPORT_02_06-25-24', ( #2550, #2346 ), #3552 ) ;
#2171 = ORIENTED_EDGE ( 'NONE', *, *, #1286, .T. ) ;
#2172 = CARTESIAN_POINT ( 'NONE',  ( 31.24999999999998579, 13.49999999999999467, 14.90000000000000036 ) ) ;
#2173 = ORIENTED_EDGE ( 'NONE', *, *, #2825, .F. ) ;
#2174 = DIRECTION ( 'NONE',  ( 1.000000000000000000, 0.000000000000000000, -0.000000000000000000 ) ) ;
#2175 = EDGE_CURVE ( 'NONE', #2394, #3970, #2410, .T. ) ;
#2176 = DIRECTION ( 'NONE',  ( 0.000000000000000000, 0.000000000000000000, -1.000000000000000000 ) ) ;
#2177 = CARTESIAN_POINT ( 'NONE',  ( 2.500000000000000000, 1.000000000000000000, -14.99999999999999645 ) ) ;
#2178 = FACE_BOUND ( 'NONE', #137, .T. ) ;
#2179 = ORIENTED_EDGE ( 'NONE', *, *, #1918, .F. ) ;
#2180 = PLANE ( 'NONE',  #161 ) ;
#2181 = ADVANCED_FACE ( 'NONE', ( #38 ), #278, .T. ) ;
#2182 = PLANE ( 'NONE',  #1886 ) ;
#2183 = EDGE_LOOP ( 'NONE', ( #1486, #3095, #242, #56 ) ) ;
#2184 = CARTESIAN_POINT ( 'NONE',  ( 5.499999999999999112, 47.25000000000000000, 0.000000000000000000 ) ) ;
#2185 = EDGE_CURVE ( 'NONE', #859, #3926, #1682, .T. ) ;
#2186 = CARTESIAN_POINT ( 'NONE',  ( 2.500000000000000000, 4.000000000000000000, 30.00000000000000355 ) ) ;
#2187 = VERTEX_POINT ( 'NONE', #2452 ) ;
#2188 = CARTESIAN_POINT ( 'NONE',  ( 122.7353278856376306, 0.000000000000000000, 15.00000000000000000 ) ) ;
#2189 = EDGE_LOOP ( 'NONE', ( #1873, #430, #28, #1272 ) ) ;
#2190 = ORIENTED_EDGE ( 'NONE', *, *, #2531, .F. ) ;
#2191 = CYLINDRICAL_SURFACE ( 'NONE', #358, 2.000000000000001776 ) ;
#2192 = PERSON_AND_ORGANIZATION ( #3816, #3614 ) ;
#2193 = DIRECTION ( 'NONE',  ( -1.000000000000000000, 0.000000000000000000, 0.000000000000000000 ) ) ;
#2194 = EDGE_CURVE ( 'NONE', #2656, #3507, #1525, .T. ) ;
#2195 = ORIENTED_EDGE ( 'NONE', *, *, #3454, .F. ) ;
#2196 = LINE ( 'NONE', #2134, #223 ) ;
#2197 = FACE_OUTER_BOUND ( 'NONE', #508, .T. ) ;
#2198 = ORIENTED_EDGE ( 'NONE', *, *, #1848, .T. ) ;
#2199 = EDGE_CURVE ( 'NONE', #1801, #2024, #4005, .T. ) ;
#2200 = DIRECTION ( 'NONE',  ( 1.261617073437679231E-16, -1.000000000000000000, 0.000000000000000000 ) ) ;
#2201 = VECTOR ( 'NONE', #831, 1000.000000000000000 ) ;
#2202 = CARTESIAN_POINT ( 'NONE',  ( 7.500000000000003553, 19.74999999999999645, 0.000000000000000000 ) ) ;
#2203 = FACE_OUTER_BOUND ( 'NONE', #2485, .T. ) ;
#2204 = EDGE_CURVE ( 'NONE', #2975, #563, #2820, .T. ) ;
#2205 = PLANE ( 'NONE',  #295 ) ;
#2206 = ORIENTED_EDGE ( 'NONE', *, *, #629, .F. ) ;
#2207 = CARTESIAN_POINT ( 'NONE',  ( 60.50000000000000000, 47.25000000000000000, -40.00000000000000000 ) ) ;
#2208 = CIRCLE ( 'NONE', #426, 1.000000000000000888 ) ;
#2209 = AXIS2_PLACEMENT_3D ( 'NONE', #1736, #3280, #3976 ) ;
#2210 = ORIENTED_EDGE ( 'NONE', *, *, #804, .T. ) ;
#2211 = CC_DESIGN_SECURITY_CLASSIFICATION ( #3077, ( #2283 ) ) ;
#2212 = DIRECTION ( 'NONE',  ( 0.000000000000000000, -1.000000000000000000, 0.000000000000000000 ) ) ;
#2213 = VECTOR ( 'NONE', #690, 1000.000000000000000 ) ;
#2214 = VECTOR ( 'NONE', #1111, 1000.000000000000000 ) ;
#2215 = ORIENTED_EDGE ( 'NONE', *, *, #1089, .F. ) ;
#2216 = CARTESIAN_POINT ( 'NONE',  ( 61.00000000000000000, 21.24999999999999645, -8.000000000000000000 ) ) ;
#2217 = APPROVAL_DATE_TIME ( #2889, #50 ) ;
#2218 = DIRECTION ( 'NONE',  ( -0.3332452373071280172, 0.9428401836006545800, 0.000000000000000000 ) ) ;
#2219 = CIRCLE ( 'NONE', #2066, 3.500000000000000000 ) ;
#2220 = DIRECTION ( 'NONE',  ( -1.000000000000000000, 0.000000000000000000, -0.000000000000000000 ) ) ;
#2221 = EDGE_LOOP ( 'NONE', ( #3792, #730, #1831, #3647 ) ) ;
#2222 = FACE_OUTER_BOUND ( 'NONE', #1337, .T. ) ;
#2223 = CARTESIAN_POINT ( 'NONE',  ( 2.500000000000000000, 4.000000000000000000, 27.50000000000000355 ) ) ;
#2224 = AXIS2_PLACEMENT_3D ( 'NONE', #3899, #2925, #988 ) ;
#2225 = ORIENTED_EDGE ( 'NONE', *, *, #3256, .T. ) ;
#2226 = ORIENTED_EDGE ( 'NONE', *, *, #30, .F. ) ;
#2227 = AXIS2_PLACEMENT_3D ( 'NONE', #1560, #3439, #232 ) ;
#2228 = DIRECTION ( 'NONE',  ( -0.000000000000000000, -0.000000000000000000, -1.000000000000000000 ) ) ;
#2229 = EDGE_CURVE ( 'NONE', #4099, #3926, #1945, .T. ) ;
#2230 = CIRCLE ( 'NONE', #114, 2.000000000000001776 ) ;
#2231 = CARTESIAN_POINT ( 'NONE',  ( 15.49777607487079933, 4.963464011553160304, 14.99999999999999822 ) ) ;
#2232 = CARTESIAN_POINT ( 'NONE',  ( 13.99999999999999822, 1.000000000000000000, 17.49999999999999645 ) ) ;
#2233 = ORIENTED_EDGE ( 'NONE', *, *, #221, .F. ) ;
#2234 = DIRECTION ( 'NONE',  ( 1.000000000000000000, 0.000000000000000000, 0.000000000000000000 ) ) ;
#2235 = CIRCLE ( 'NONE', #4024, 0.1999999999999987899 ) ;
#2236 = ADVANCED_FACE ( 'NONE', ( #1607 ), #964, .T. ) ;
#2237 = VERTEX_POINT ( 'NONE', #635 ) ;
#2238 = ORIENTED_EDGE ( 'NONE', *, *, #2453, .T. ) ;
#2239 = LINE ( 'NONE', #1802, #2814 ) ;
#2240 = DIRECTION ( 'NONE',  ( 0.000000000000000000, 0.000000000000000000, -1.000000000000000000 ) ) ;
#2241 = EDGE_CURVE ( 'NONE', #1207, #1787, #2145, .T. ) ;
#2242 = CYLINDRICAL_SURFACE ( 'NONE', #3429, 1.199999999999999734 ) ;
#2243 = CARTESIAN_POINT ( 'NONE',  ( 7.934155060744789267, 82.32064349834291761, 15.00000000000000000 ) ) ;
#2244 = ORIENTED_EDGE ( 'NONE', *, *, #1674, .T. ) ;
#2245 = LINE ( 'NONE', #2592, #818 ) ;
#2246 = ORIENTED_EDGE ( 'NONE', *, *, #3887, .F. ) ;
#2247 = ORIENTED_EDGE ( 'NONE', *, *, #1976, .T. ) ;
#2248 = DIRECTION ( 'NONE',  ( -0.000000000000000000, -0.000000000000000000, 1.000000000000000000 ) ) ;
#2249 = FACE_OUTER_BOUND ( 'NONE', #957, .T. ) ;
#2250 = CARTESIAN_POINT ( 'NONE',  ( 58.00000000000000711, 22.78588431152018501, 15.00000000000000000 ) ) ;
#2251 = CC_DESIGN_PERSON_AND_ORGANIZATION_ASSIGNMENT ( #3190, #2912, ( #2283 ) ) ;
#2252 = EDGE_LOOP ( 'NONE', ( #3706, #2880, #963, #3849 ) ) ;
#2253 = FACE_OUTER_BOUND ( 'NONE', #2686, .T. ) ;
#2254 = ORIENTED_EDGE ( 'NONE', *, *, #2722, .F. ) ;
#2255 = DIRECTION ( 'NONE',  ( 0.000000000000000000, 0.000000000000000000, -1.000000000000000000 ) ) ;
#2256 = EDGE_CURVE ( 'NONE', #1318, #1894, #1208, .T. ) ;
#2257 = ORIENTED_EDGE ( 'NONE', *, *, #1632, .T. ) ;
#2258 = FACE_OUTER_BOUND ( 'NONE', #3784, .T. ) ;
#2259 = CARTESIAN_POINT ( 'NONE',  ( 0.000000000000000000, 96.37013220366763733, 13.99999999999999822 ) ) ;
#2260 = PERSON_AND_ORGANIZATION ( #3816, #3614 ) ;
#2261 = LINE ( 'NONE', #2572, #159 ) ;
#2262 = FACE_OUTER_BOUND ( 'NONE', #3004, .T. ) ;
#2263 = DIRECTION ( 'NONE',  ( -0.000000000000000000, -0.000000000000000000, 1.000000000000000000 ) ) ;
#2264 = DIRECTION ( 'NONE',  ( 0.000000000000000000, 0.000000000000000000, 1.000000000000000000 ) ) ;
#2265 = ADVANCED_FACE ( 'NONE', ( #1231 ), #1619, .T. ) ;
#2266 = VERTEX_POINT ( 'NONE', #1870 ) ;
#2267 = DIRECTION ( 'NONE',  ( 1.000000000000000000, -0.000000000000000000, -0.000000000000000000 ) ) ;
#2268 = DIRECTION ( 'NONE',  ( -0.000000000000000000, -1.000000000000000000, -0.000000000000000000 ) ) ;
#2269 = ORIENTED_EDGE ( 'NONE', *, *, #3527, .F. ) ;
#2270 = CARTESIAN_POINT ( 'NONE',  ( 0.000000000000000000, 0.000000000000000000, 15.00000000000000000 ) ) ;
#2271 = FACE_OUTER_BOUND ( 'NONE', #2840, .T. ) ;
#2272 = DIRECTION ( 'NONE',  ( -1.000000000000000000, -6.476403751518350560E-16, 0.000000000000000000 ) ) ;
#2273 = SPHERICAL_SURFACE ( 'NONE', #2094, 2.000000000000000000 ) ;
#2274 = ORIENTED_EDGE ( 'NONE', *, *, #442, .F. ) ;
#2275 = DIRECTION ( 'NONE',  ( -0.000000000000000000, -0.000000000000000000, -1.000000000000000000 ) ) ;
#2276 = LINE ( 'NONE', #1335, #374 ) ;
#2277 = ORIENTED_EDGE ( 'NONE', *, *, #3734, .T. ) ;
#2278 = VECTOR ( 'NONE', #2859, 1000.000000000000000 ) ;
#2279 = CARTESIAN_POINT ( 'NONE',  ( 59.00000000000000000, 47.75000000000000000, -8.000000000000000000 ) ) ;
#2280 = COORDINATED_UNIVERSAL_TIME_OFFSET ( 5, 30, .AHEAD. ) ;
#2281 = EDGE_CURVE ( 'NONE', #599, #189, #2861, .T. ) ;
#2282 = CIRCLE ( 'NONE', #432, 1.199999999999999734 ) ;
#2283 = PRODUCT_DEFINITION_FORMATION_WITH_SPECIFIED_SOURCE ( 'ANY', '', #917, .NOT_KNOWN. ) ;
#2284 = EDGE_LOOP ( 'NONE', ( #3618, #350, #2915, #1915 ) ) ;
#2285 = CIRCLE ( 'NONE', #2618, 2.000000000000001776 ) ;
#2286 = AXIS2_PLACEMENT_3D ( 'NONE', #2207, #3790, #2234 ) ;
#2287 = CARTESIAN_POINT ( 'NONE',  ( 0.000000000000000000, 5.000000000000000000, 27.50000000000000355 ) ) ;
#2288 = CARTESIAN_POINT ( 'NONE',  ( 7.500000000000000000, 47.24999999999998579, -38.00000000000000000 ) ) ;
#2289 = EDGE_CURVE ( 'NONE', #1430, #1252, #1251, .T. ) ;
#2290 = EDGE_CURVE ( 'NONE', #1430, #2148, #2333, .T. ) ;
#2291 = ORIENTED_EDGE ( 'NONE', *, *, #1862, .T. ) ;
#2292 = FACE_OUTER_BOUND ( 'NONE', #3471, .T. ) ;
#2293 = AXIS2_PLACEMENT_3D ( 'NONE', #2701, #2366, #3965 ) ;
#2294 = ORIENTED_EDGE ( 'NONE', *, *, #75, .F. ) ;
#2295 = DIRECTION ( 'NONE',  ( 0.000000000000000000, 0.000000000000000000, -1.000000000000000000 ) ) ;
#2296 = ORIENTED_EDGE ( 'NONE', *, *, #1233, .T. ) ;
#2297 = VECTOR ( 'NONE', #3252, 1000.000000000000000 ) ;
#2298 = EDGE_LOOP ( 'NONE', ( #3275, #1594, #1323, #2440 ) ) ;
#2299 = DIRECTION ( 'NONE',  ( -0.000000000000000000, -1.000000000000000000, -0.000000000000000000 ) ) ;
#2300 = VECTOR ( 'NONE', #1914, 1000.000000000000000 ) ;
#2301 = VECTOR ( 'NONE', #1490, 1000.000000000000000 ) ;
#2302 = DIRECTION ( 'NONE',  ( -0.000000000000000000, 0.000000000000000000, -1.000000000000000000 ) ) ;
#2303 = ORIENTED_EDGE ( 'NONE', *, *, #629, .T. ) ;
#2304 = CIRCLE ( 'NONE', #974, 1.800000000000002931 ) ;
#2305 = DIRECTION ( 'NONE',  ( 0.000000000000000000, 0.000000000000000000, 1.000000000000000000 ) ) ;
#2306 = APPROVAL_STATUS ( 'not_yet_approved' ) ;
#2307 = CIRCLE ( 'NONE', #2837, 2.750000000000002665 ) ;
#2308 = ORIENTED_EDGE ( 'NONE', *, *, #1592, .F. ) ;
#2309 = EDGE_CURVE ( 'NONE', #1901, #1121, #3296, .T. ) ;
#2310 = DIRECTION ( 'NONE',  ( 1.000000000000000000, 0.000000000000000000, 0.000000000000000000 ) ) ;
#2311 = VERTEX_POINT ( 'NONE', #3605 ) ;
#2312 = ORIENTED_EDGE ( 'NONE', *, *, #3001, .F. ) ;
#2313 = ADVANCED_FACE ( 'NONE', ( #3836 ), #1688, .T. ) ;
#2314 = CARTESIAN_POINT ( 'NONE',  ( 1.000000000000000000, 5.000000000000000000, 27.49999999999998579 ) ) ;
#2315 = CARTESIAN_POINT ( 'NONE',  ( 9.513192471986204879, 67.79084770410393901, 7.500000000000000000 ) ) ;
#2316 = ORIENTED_EDGE ( 'NONE', *, *, #2624, .F. ) ;
#2317 = EDGE_CURVE ( 'NONE', #281, #3896, #3283, .T. ) ;
#2318 = DIRECTION ( 'NONE',  ( 1.000000000000000000, 0.000000000000000000, 0.000000000000000000 ) ) ;
#2319 = FACE_OUTER_BOUND ( 'NONE', #895, .T. ) ;
#2320 = VERTEX_POINT ( 'NONE', #1068 ) ;
#2321 = LINE ( 'NONE', #3596, #1281 ) ;
#2322 = CARTESIAN_POINT ( 'NONE',  ( 4.038461538461518785, 98.34069965865990071, 15.00000000000000000 ) ) ;
#2323 = ORIENTED_EDGE ( 'NONE', *, *, #3563, .F. ) ;
#2324 = DIRECTION ( 'NONE',  ( -0.6153846153846155298, -0.7882269819968921176, 0.000000000000000000 ) ) ;
#2325 = DIRECTION ( 'NONE',  ( 0.000000000000000000, 0.000000000000000000, -1.000000000000000000 ) ) ;
#2326 = ADVANCED_FACE ( 'NONE', ( #2583 ), #2908, .T. ) ;
#2327 = ORIENTED_EDGE ( 'NONE', *, *, #1470, .T. ) ;
#2328 = CARTESIAN_POINT ( 'NONE',  ( 59.19999999999999574, 21.24999999999999645, -38.00000000000000000 ) ) ;
#2329 = ORIENTED_EDGE ( 'NONE', *, *, #1865, .T. ) ;
#2330 = EDGE_CURVE ( 'NONE', #1547, #3218, #120, .T. ) ;
#2331 = LINE ( 'NONE', #775, #2603 ) ;
#2332 = ORIENTED_EDGE ( 'NONE', *, *, #437, .F. ) ;
#2333 = LINE ( 'NONE', #3911, #433 ) ;
#2334 = EDGE_CURVE ( 'NONE', #2569, #4056, #2347, .T. ) ;
#2335 = FACE_OUTER_BOUND ( 'NONE', #2999, .T. ) ;
#2336 = DIRECTION ( 'NONE',  ( -0.000000000000000000, -1.000000000000000000, -0.000000000000000000 ) ) ;
#2337 = ORIENTED_EDGE ( 'NONE', *, *, #126, .T. ) ;
#2338 = DIRECTION ( 'NONE',  ( -1.000000000000000000, 0.000000000000000000, 0.000000000000000000 ) ) ;
#2339 = VECTOR ( 'NONE', #4055, 1000.000000000000000 ) ;
#2340 = ORIENTED_EDGE ( 'NONE', *, *, #2289, .F. ) ;
#2341 = DIRECTION ( 'NONE',  ( -1.000000000000000000, 0.000000000000000000, 0.000000000000000000 ) ) ;
#2342 = DIRECTION ( 'NONE',  ( 1.000000000000000000, 0.000000000000000000, 0.000000000000000000 ) ) ;
#2343 = CIRCLE ( 'NONE', #93, 0.7999999999999942712 ) ;
#2344 = VECTOR ( 'NONE', #3386, 1000.000000000000000 ) ;
#2345 = CARTESIAN_POINT ( 'NONE',  ( 34.00000000000000000, 55.87874972366780213, 15.00000000000000000 ) ) ;
#2346 = AXIS2_PLACEMENT_3D ( 'NONE', #3718, #4044, #262 ) ;
#2347 = CIRCLE ( 'NONE', #560, 1.199999999999996181 ) ;
#2348 = ORIENTED_EDGE ( 'NONE', *, *, #357, .T. ) ;
#2349 = CARTESIAN_POINT ( 'NONE',  ( 10.14111589218699017, 86.61707502793581170, 0.000000000000000000 ) ) ;
#2350 = CIRCLE ( 'NONE', #891, 0.7999999999999942712 ) ;
#2351 = APPLICATION_CONTEXT ( 'configuration controlled 3d designs of mechanical parts and assemblies' ) ;
#2352 = VERTEX_POINT ( 'NONE', #2602 ) ;
#2353 = VERTEX_POINT ( 'NONE', #1031 ) ;
#2354 = DIRECTION ( 'NONE',  ( -0.000000000000000000, -0.000000000000000000, -1.000000000000000000 ) ) ;
#2355 = EDGE_CURVE ( 'NONE', #483, #1761, #2681, .T. ) ;
#2356 = CARTESIAN_POINT ( 'NONE',  ( -21.95324329110233919, 30.53305504878867893, 15.00000000000000000 ) ) ;
#2357 = LINE ( 'NONE', #2655, #3958 ) ;
#2358 = EDGE_LOOP ( 'NONE', ( #2764, #2382, #2498, #2037, #2574, #3483, #4028, #3915 ) ) ;
#2359 = DIRECTION ( 'NONE',  ( -0.000000000000000000, -0.000000000000000000, -1.000000000000000000 ) ) ;
#2360 = EDGE_CURVE ( 'NONE', #2035, #2632, #1420, .T. ) ;
#2361 = ADVANCED_FACE ( 'NONE', ( #3235 ), #96, .F. ) ;
#2362 = VECTOR ( 'NONE', #421, 1000.000000000000000 ) ;
#2363 = ORIENTED_EDGE ( 'NONE', *, *, #1947, .F. ) ;
#2364 = CARTESIAN_POINT ( 'NONE',  ( 13.99999999999999822, 5.000000000000000000, -2.500000000000000444 ) ) ;
#2365 = ADVANCED_FACE ( 'NONE', ( #753 ), #3607, .F. ) ;
#2366 = DIRECTION ( 'NONE',  ( -0.5837694705562159747, 0.8119194573641620449, 0.000000000000000000 ) ) ;
#2367 = CIRCLE ( 'NONE', #1372, 6.499999999999999112 ) ;
#2368 = CARTESIAN_POINT ( 'NONE',  ( 7.500000000000013323, 49.25000000000000000, -38.00000000000000000 ) ) ;
#2369 = ORIENTED_EDGE ( 'NONE', *, *, #136, .F. ) ;
#2370 = DIRECTION ( 'NONE',  ( -1.000000000000000000, 8.673617379884027583E-16, 0.000000000000000000 ) ) ;
#2371 = ORIENTED_EDGE ( 'NONE', *, *, #1904, .F. ) ;
#2372 = ORIENTED_EDGE ( 'NONE', *, *, #2867, .F. ) ;
#2373 = LINE ( 'NONE', #3356, #2402 ) ;
#2374 = ORIENTED_EDGE ( 'NONE', *, *, #3903, .F. ) ;
#2375 = DIRECTION ( 'NONE',  ( 0.000000000000000000, 1.000000000000000000, 0.000000000000000000 ) ) ;
#2376 = CARTESIAN_POINT ( 'NONE',  ( 24.77510468360895857, 82.15118641221421569, 7.500000000000000000 ) ) ;
#2377 = LINE ( 'NONE', #1125, #2956 ) ;
#2378 = EDGE_LOOP ( 'NONE', ( #3431, #179, #2247, #598, #3188, #1517, #785, #793 ) ) ;
#2379 = PLANE ( 'NONE',  #2819 ) ;
#2380 = VERTEX_POINT ( 'NONE', #1053 ) ;
#2381 = EDGE_CURVE ( 'NONE', #2380, #3103, #732, .T. ) ;
#2382 = ORIENTED_EDGE ( 'NONE', *, *, #1095, .T. ) ;
#2383 = DIRECTION ( 'NONE',  ( 0.000000000000000000, 1.000000000000000000, 0.000000000000000000 ) ) ;
#2384 = DIRECTION ( 'NONE',  ( 0.8119194573641611568, 0.5837694705562170849, -0.000000000000000000 ) ) ;
#2385 = ADVANCED_FACE ( 'NONE', ( #2253 ), #3255, .T. ) ;
#2386 = DIRECTION ( 'NONE',  ( 0.8119194573641613788, 0.5837694705562169739, 0.000000000000000000 ) ) ;
#2387 = DIRECTION ( 'NONE',  ( 0.000000000000000000, 0.000000000000000000, 1.000000000000000000 ) ) ;
#2388 = ORIENTED_EDGE ( 'NONE', *, *, #2766, .F. ) ;
#2389 = DIRECTION ( 'NONE',  ( 0.000000000000000000, 0.000000000000000000, -1.000000000000000000 ) ) ;
#2390 = ORIENTED_EDGE ( 'NONE', *, *, #3661, .F. ) ;
#2391 = CARTESIAN_POINT ( 'NONE',  ( 31.24999999999998579, 53.49999999999999289, 9.400000000000000355 ) ) ;
#2392 = CARTESIAN_POINT ( 'NONE',  ( 7.500000000000016875, 17.75000000000000000, -40.00000000000000000 ) ) ;
#2393 = CARTESIAN_POINT ( 'NONE',  ( 9.958595902740626116, 85.50052388559950600, 30.00000000000000000 ) ) ;
#2394 = VERTEX_POINT ( 'NONE', #2633 ) ;
#2395 = FACE_OUTER_BOUND ( 'NONE', #3977, .T. ) ;
#2396 = CARTESIAN_POINT ( 'NONE',  ( 8.333773813464361524, 48.92831660648310788, 14.90000000000000036 ) ) ;
#2397 = EDGE_LOOP ( 'NONE', ( #1621, #2206, #1773, #1579 ) ) ;
#2398 = ORIENTED_EDGE ( 'NONE', *, *, #1114, .T. ) ;
#2399 = FACE_OUTER_BOUND ( 'NONE', #3368, .T. ) ;
#2400 = DIRECTION ( 'NONE',  ( -0.8119194573641626000, -0.5837694705562151976, 0.000000000000000000 ) ) ;
#2401 = ADVANCED_FACE ( 'NONE', ( #1314 ), #3524, .T. ) ;
#2402 = VECTOR ( 'NONE', #1457, 1000.000000000000000 ) ;
#2403 = CARTESIAN_POINT ( 'NONE',  ( 59.00000000000000000, 45.94999999999999574, -36.19999999999999574 ) ) ;
#2404 = VECTOR ( 'NONE', #2263, 1000.000000000000000 ) ;
#2405 = VECTOR ( 'NONE', #351, 1000.000000000000000 ) ;
#2406 = DIRECTION ( 'NONE',  ( -1.000000000000000000, -1.156482317317869871E-14, 0.000000000000000000 ) ) ;
#2407 = EDGE_CURVE ( 'NONE', #3985, #3523, #3856, .T. ) ;
#2408 = ORIENTED_EDGE ( 'NONE', *, *, #3675, .T. ) ;
#2409 = AXIS2_PLACEMENT_3D ( 'NONE', #4051, #1864, #1264 ) ;
#2410 = CIRCLE ( 'NONE', #3413, 2.249999999999995559 ) ;
#2411 = EDGE_LOOP ( 'NONE', ( #3944, #1855, #3859, #2669 ) ) ;
#2412 = DIRECTION ( 'NONE',  ( -0.5837694705562141984, 0.8119194573641632662, 0.000000000000000000 ) ) ;
#2413 = CIRCLE ( 'NONE', #2818, 2.249999999999996447 ) ;
#2414 = CIRCLE ( 'NONE', #423, 5.000000000000002665 ) ;
#2415 = CARTESIAN_POINT ( 'NONE',  ( 0.000000000000000000, 0.000000000000000000, 15.00000000000000000 ) ) ;
#2416 = DIRECTION ( 'NONE',  ( 0.000000000000000000, 1.000000000000000000, 0.000000000000000000 ) ) ;
#2417 = ORIENTED_EDGE ( 'NONE', *, *, #561, .F. ) ;
#2418 = DIRECTION ( 'NONE',  ( -0.7882269819968921176, 0.6153846153846153078, 0.000000000000000000 ) ) ;
#2419 = EDGE_LOOP ( 'NONE', ( #3855, #3312, #2860, #477 ) ) ;
#2420 = ORIENTED_EDGE ( 'NONE', *, *, #1343, .T. ) ;
#2421 = TOROIDAL_SURFACE ( 'NONE', #2483, 1.500000000000000000, 1.000000000000000000 ) ;
#2422 = CARTESIAN_POINT ( 'NONE',  ( 0.000000000000000000, 5.000000000000000000, 15.00000000000000000 ) ) ;
#2423 = DIRECTION ( 'NONE',  ( 0.5837694705562165298, -0.8119194573641616008, 0.000000000000000000 ) ) ;
#2424 = AXIS2_PLACEMENT_3D ( 'NONE', #105, #1367, #2061 ) ;
#2425 = CARTESIAN_POINT ( 'NONE',  ( 13.99999999999999822, 5.000000000000000000, 27.50000000000000000 ) ) ;
#2426 = CARTESIAN_POINT ( 'NONE',  ( 42.46190452132888993, 30.53007696317211739, 30.00000000000000000 ) ) ;
#2427 = CIRCLE ( 'NONE', #2566, 2.249999999999996447 ) ;
#2428 = PLANE ( 'NONE',  #3078 ) ;
#2429 = EDGE_CURVE ( 'NONE', #2824, #2926, #2219, .T. ) ;
#2430 = LINE ( 'NONE', #3663, #2201 ) ;
#2431 = DIRECTION ( 'NONE',  ( 0.000000000000000000, -0.000000000000000000, 1.000000000000000000 ) ) ;
#2432 = ORIENTED_EDGE ( 'NONE', *, *, #336, .T. ) ;
#2433 = FACE_OUTER_BOUND ( 'NONE', #3696, .T. ) ;
#2434 = LINE ( 'NONE', #573, #3497 ) ;
#2435 = EDGE_CURVE ( 'NONE', #2320, #1458, #1143, .T. ) ;
#2436 = ORIENTED_EDGE ( 'NONE', *, *, #1209, .F. ) ;
#2437 = CYLINDRICAL_SURFACE ( 'NONE', #3350, 6.499999999999999112 ) ;
#2438 = ORIENTED_EDGE ( 'NONE', *, *, #2588, .F. ) ;
#2439 = DIRECTION ( 'NONE',  ( 0.6153846153846131983, 0.7882269819968940050, 0.000000000000000000 ) ) ;
#2440 = ORIENTED_EDGE ( 'NONE', *, *, #1723, .T. ) ;
#2441 = VERTEX_POINT ( 'NONE', #3991 ) ;
#2442 = DIRECTION ( 'NONE',  ( 1.261617073437679231E-16, -1.000000000000000000, 0.000000000000000000 ) ) ;
#2443 = DIRECTION ( 'NONE',  ( 0.000000000000000000, 0.000000000000000000, -1.000000000000000000 ) ) ;
#2444 = ORIENTED_EDGE ( 'NONE', *, *, #2199, .T. ) ;
#2445 = DIRECTION ( 'NONE',  ( -0.8119194573641600465, -0.5837694705562185282, 0.000000000000000000 ) ) ;
#2446 = CARTESIAN_POINT ( 'NONE',  ( 0.000000000000000000, 4.000000000000000000, 1.000000000000000888 ) ) ;
#2447 = ORIENTED_EDGE ( 'NONE', *, *, #3983, .F. ) ;
#2448 = EDGE_CURVE ( 'NONE', #591, #2591, #3085, .T. ) ;
#2449 = LINE ( 'NONE', #3726, #896 ) ;
#2450 = CARTESIAN_POINT ( 'NONE',  ( 1.000000000000000000, 4.000000000000000000, 15.00000000000000000 ) ) ;
#2451 = ORIENTED_EDGE ( 'NONE', *, *, #2905, .F. ) ;
#2452 = CARTESIAN_POINT ( 'NONE',  ( 7.601170637189761159, 81.67110793245159073, 15.00000000000000000 ) ) ;
#2453 = EDGE_CURVE ( 'NONE', #3604, #3062, #2534, .T. ) ;
#2454 = ORIENTED_EDGE ( 'NONE', *, *, #1724, .T. ) ;
#2455 = ORIENTED_EDGE ( 'NONE', *, *, #2606, .T. ) ;
#2456 = DIRECTION ( 'NONE',  ( 0.000000000000000000, 0.000000000000000000, -1.000000000000000000 ) ) ;
#2457 = PLANE ( 'NONE',  #774 ) ;
#2458 = EDGE_LOOP ( 'NONE', ( #2312, #184, #1794, #711 ) ) ;
#2459 = LINE ( 'NONE', #2157, #691 ) ;
#2460 = FACE_OUTER_BOUND ( 'NONE', #1177, .T. ) ;
#2461 = ORIENTED_EDGE ( 'NONE', *, *, #1563, .T. ) ;
#2462 = AXIS2_PLACEMENT_3D ( 'NONE', #2015, #3291, #449 ) ;
#2463 = ORIENTED_EDGE ( 'NONE', *, *, #3394, .T. ) ;
#2464 = FACE_OUTER_BOUND ( 'NONE', #3049, .T. ) ;
#2465 = AXIS2_PLACEMENT_3D ( 'NONE', #135, #3868, #2664 ) ;
#2466 = AXIS2_PLACEMENT_3D ( 'NONE', #542, #15, #2888 ) ;
#2467 = B_SPLINE_CURVE_WITH_KNOTS ( 'NONE', 3,
 ( #608, #1651, #2231, #1892, #71, #2536, #2514, #3502 ),
 .UNSPECIFIED., .F., .F.,
 ( 4, 2, 2, 4 ),
 ( 0.000000000000000000, 0.0006706643713811604856, 0.001341328742762315984, 0.002682657485524627197 ),
 .UNSPECIFIED. ) ;
#2468 = DIRECTION ( 'NONE',  ( -0.000000000000000000, 0.000000000000000000, -1.000000000000000000 ) ) ;
#2469 = CARTESIAN_POINT ( 'NONE',  ( 0.000000000000000000, 5.000000000000000000, 0.000000000000000000 ) ) ;
#2470 = ADVANCED_FACE ( 'NONE', ( #1170 ), #1676, .T. ) ;
#2471 = ORIENTED_EDGE ( 'NONE', *, *, #929, .T. ) ;
#2472 = AXIS2_PLACEMENT_3D ( 'NONE', #3799, #1, #3722 ) ;
#2473 = AXIS2_PLACEMENT_3D ( 'NONE', #3612, #3901, #439 ) ;
#2474 = DIRECTION ( 'NONE',  ( 1.000000000000000000, 0.000000000000000000, 0.000000000000000000 ) ) ;
#2475 = VECTOR ( 'NONE', #1740, 1000.000000000000000 ) ;
#2476 = EDGE_LOOP ( 'NONE', ( #2779, #781, #45, #2444 ) ) ;
#2477 = EDGE_CURVE ( 'NONE', #1467, #1609, #1355, .T. ) ;
#2478 = ORIENTED_EDGE ( 'NONE', *, *, #2715, .T. ) ;
#2479 = ADVANCED_FACE ( 'NONE', ( #1522 ), #2714, .F. ) ;
#2480 = DIRECTION ( 'NONE',  ( -1.000000000000000000, 0.000000000000000000, 0.000000000000000000 ) ) ;
#2481 = LINE ( 'NONE', #2177, #1743 ) ;
#2482 = CARTESIAN_POINT ( 'NONE',  ( 0.000000000000000000, 0.000000000000000000, -12.49999999999999645 ) ) ;
#2483 = AXIS2_PLACEMENT_3D ( 'NONE', #2223, #1827, #4049 ) ;
#2484 = ADVANCED_FACE ( 'NONE', ( #489, #670 ), #2205, .F. ) ;
#2485 = EDGE_LOOP ( 'NONE', ( #663, #1288, #1485, #639 ) ) ;
#2486 = FACE_OUTER_BOUND ( 'NONE', #2298, .T. ) ;
#2487 = LINE ( 'NONE', #913, #377 ) ;
#2488 = AXIS2_PLACEMENT_3D ( 'NONE', #2288, #2593, #2342 ) ;
#2489 = AXIS2_PLACEMENT_3D ( 'NONE', #1692, #1124, #1071 ) ;
#2490 = CARTESIAN_POINT ( 'NONE',  ( 33.99999999999998579, 13.49999999999999467, 14.90000000000000036 ) ) ;
#2491 = VERTEX_POINT ( 'NONE', #1868 ) ;
#2492 = DIRECTION ( 'NONE',  ( 0.000000000000000000, 0.000000000000000000, 1.000000000000000000 ) ) ;
#2493 = CIRCLE ( 'NONE', #516, 1.499999999999999556 ) ;
#2494 = CARTESIAN_POINT ( 'NONE',  ( 34.00000000000000000, 33.49999999999999289, -38.00000000000000000 ) ) ;
#2495 = CARTESIAN_POINT ( 'NONE',  ( 29.29199724987869047, 78.62475778427555895, 2.000000000000018208 ) ) ;
#2496 = DIRECTION ( 'NONE',  ( 0.000000000000000000, -1.000000000000000000, 0.000000000000000000 ) ) ;
#2497 = LINE ( 'NONE', #1171, #2002 ) ;
#2498 = ORIENTED_EDGE ( 'NONE', *, *, #1799, .T. ) ;
#2499 = CYLINDRICAL_SURFACE ( 'NONE', #1756, 2.000000000000001776 ) ;
#2500 = VERTEX_POINT ( 'NONE', #2906 ) ;
#2501 = DIRECTION ( 'NONE',  ( 1.000000000000000000, 0.000000000000000000, 6.938893903907222856E-15 ) ) ;
#2502 = ADVANCED_FACE ( 'NONE', ( #1539 ), #1229, .T. ) ;
#2503 = DIRECTION ( 'NONE',  ( -0.000000000000000000, 1.000000000000000000, -0.000000000000000000 ) ) ;
#2504 = EDGE_LOOP ( 'NONE', ( #1058, #1869, #406, #288 ) ) ;
#2505 =( LENGTH_UNIT ( ) NAMED_UNIT ( * ) SI_UNIT ( .MILLI., .METRE. ) );
#2506 = EDGE_CURVE ( 'NONE', #1451, #656, #2081, .T. ) ;
#2507 = DIRECTION ( 'NONE',  ( 0.000000000000000000, -1.000000000000000000, 0.000000000000000000 ) ) ;
#2508 = ORIENTED_EDGE ( 'NONE', *, *, #914, .F. ) ;
#2509 = DIRECTION ( 'NONE',  ( 1.000000000000000000, -6.938893903907221278E-15, 0.000000000000000000 ) ) ;
#2510 = CARTESIAN_POINT ( 'NONE',  ( 59.66622618653564558, 48.92831660648310077, 14.90000000000000036 ) ) ;
#2511 = EDGE_CURVE ( 'NONE', #892, #859, #346, .T. ) ;
#2512 = DIRECTION ( 'NONE',  ( -0.000000000000000000, 1.000000000000000000, -0.000000000000000000 ) ) ;
#2513 = CYLINDRICAL_SURFACE ( 'NONE', #3027, 1.000000000000000888 ) ;
#2514 = CARTESIAN_POINT ( 'NONE',  ( 17.12212289557197309, 4.238989270261742881, 15.00000000000000178 ) ) ;
#2515 = CARTESIAN_POINT ( 'NONE',  ( 60.50000000000000000, 47.25000000000000000, -40.00000000000000000 ) ) ;
#2516 = EDGE_LOOP ( 'NONE', ( #3578, #905, #3518, #1271 ) ) ;
#2517 = CARTESIAN_POINT ( 'NONE',  ( 7.500000000000013323, 49.25000000000000000, 0.000000000000000000 ) ) ;
#2518 = CARTESIAN_POINT ( 'NONE',  ( 59.19999999999999574, 47.25000000000000000, -38.00000000000000000 ) ) ;
#2519 = VERTEX_POINT ( 'NONE', #2166 ) ;
#2520 = CYLINDRICAL_SURFACE ( 'NONE', #2139, 1.000000000000007994 ) ;
#2521 = PERSON_AND_ORGANIZATION_ROLE ( 'design_owner' ) ;
#2522 = CYLINDRICAL_SURFACE ( 'NONE', #427, 0.7999999999999942712 ) ;
#2523 = CARTESIAN_POINT ( 'NONE',  ( 15.00000000000000000, 5.000000000000000000, 17.49999999999999645 ) ) ;
#2524 = CARTESIAN_POINT ( 'NONE',  ( 34.00000000000000000, 33.49999999999999289, -40.00000000000000000 ) ) ;
#2525 = ORIENTED_EDGE ( 'NONE', *, *, #4079, .T. ) ;
#2526 = EDGE_CURVE ( 'NONE', #342, #3674, #1248, .T. ) ;
#2527 = CARTESIAN_POINT ( 'NONE',  ( 61.00000000000000000, 21.24999999999999645, 14.90000000000000036 ) ) ;
#2528 = CARTESIAN_POINT ( 'NONE',  ( 29.90004924324014368, 61.53412159679776039, 0.000000000000000000 ) ) ;
#2529 = ORIENTED_EDGE ( 'NONE', *, *, #3506, .T. ) ;
#2530 = ADVANCED_FACE ( 'NONE', ( #323 ), #1583, .F. ) ;
#2531 = EDGE_CURVE ( 'NONE', #2311, #3062, #1550, .T. ) ;
#2532 = DIRECTION ( 'NONE',  ( -1.000000000000000000, 0.000000000000000000, -0.000000000000000000 ) ) ;
#2533 = CARTESIAN_POINT ( 'NONE',  ( 13.99999999999999822, 0.000000000000000000, 17.49999999999999645 ) ) ;
#2534 = CIRCLE ( 'NONE', #614, 3.499999999999999556 ) ;
#2535 = CARTESIAN_POINT ( 'NONE',  ( 8.333773813464361524, 48.92831660648310788, 14.90000000000000036 ) ) ;
#2536 = CARTESIAN_POINT ( 'NONE',  ( 16.74567470892588972, 4.477801898786177404, 15.00000000000000000 ) ) ;
#2537 = ORIENTED_EDGE ( 'NONE', *, *, #3832, .T. ) ;
#2538 = DIRECTION ( 'NONE',  ( -0.5837694705562173070, 0.8119194573641610457, 0.000000000000000000 ) ) ;
#2539 = AXIS2_PLACEMENT_3D ( 'NONE', #3435, #2117, #866 ) ;
#2540 = VECTOR ( 'NONE', #2587, 1000.000000000000000 ) ;
#2541 = AXIS2_PLACEMENT_3D ( 'NONE', #582, #2174, #3795 ) ;
#2542 = ORIENTED_EDGE ( 'NONE', *, *, #3704, .T. ) ;
#2543 = VECTOR ( 'NONE', #1928, 1000.000000000000000 ) ;
#2544 = VECTOR ( 'NONE', #597, 1000.000000000000000 ) ;
#2545 = ORIENTED_EDGE ( 'NONE', *, *, #1462, .F. ) ;
#2546 = LINE ( 'NONE', #2216, #1212 ) ;
#2547 = AXIS2_PLACEMENT_3D ( 'NONE', #996, #3264, #2324 ) ;
#2548 = CARTESIAN_POINT ( 'NONE',  ( 8.333773813464361524, 48.92831660648310788, 15.00000000000000000 ) ) ;
#2549 = EDGE_LOOP ( 'NONE', ( #1397, #1100, #4, #603 ) ) ;
#2550 = MANIFOLD_SOLID_BREP ( 'Cut-Extrude8', #3943 ) ;
#2551 = CARTESIAN_POINT ( 'NONE',  ( 33.33350952538574319, 57.76443009086911928, 14.90000000000000036 ) ) ;
#2552 = CARTESIAN_POINT ( 'NONE',  ( 7.500000000000003553, 19.74999999999999645, -38.00000000000000000 ) ) ;
#2553 = AXIS2_PLACEMENT_3D ( 'NONE', #2106, #206, #1478 ) ;
#2554 = ORIENTED_EDGE ( 'NONE', *, *, #3961, .T. ) ;
#2555 = EDGE_CURVE ( 'NONE', #4033, #1359, #2879, .T. ) ;
#2556 = ORIENTED_EDGE ( 'NONE', *, *, #1724, .F. ) ;
#2557 = LINE ( 'NONE', #3438, #2074 ) ;
#2558 = PLANE ( 'NONE',  #2608 ) ;
#2559 = DIRECTION ( 'NONE',  ( 0.000000000000000000, 1.000000000000000000, 0.000000000000000000 ) ) ;
#2560 = EDGE_CURVE ( 'NONE', #1096, #3996, #2331, .T. ) ;
#2561 = CARTESIAN_POINT ( 'NONE',  ( 15.00000000000000000, 5.000000000000000000, -12.49999999999999467 ) ) ;
#2562 = AXIS2_PLACEMENT_3D ( 'NONE', #3224, #3265, #1326 ) ;
#2563 = DIRECTION ( 'NONE',  ( 0.000000000000000000, 1.000000000000000000, 0.000000000000000000 ) ) ;
#2564 = VERTEX_POINT ( 'NONE', #2581 ) ;
#2565 = CARTESIAN_POINT ( 'NONE',  ( 62.50000000000000000, 47.24999999999998579, -40.00000000000000000 ) ) ;
#2566 = AXIS2_PLACEMENT_3D ( 'NONE', #3990, #1851, #4017 ) ;
#2567 = ADVANCED_FACE ( 'NONE', ( #1357, #72 ), #2631, .F. ) ;
#2568 = CARTESIAN_POINT ( 'NONE',  ( 9.234609985550070732, 90.27607038748907087, 15.00000000000000000 ) ) ;
#2569 = VERTEX_POINT ( 'NONE', #1380 ) ;
#2570 = CARTESIAN_POINT ( 'NONE',  ( 12.25930845005552783, 72.53651383595438062, 7.500000000000000000 ) ) ;
#2571 = CALENDAR_DATE ( 2024, 25, 6 ) ;
#2572 = CARTESIAN_POINT ( 'NONE',  ( 1.000000000000000000, 0.000000000000000000, 15.00000000000000000 ) ) ;
#2573 = LINE ( 'NONE', #2393, #1104 ) ;
#2574 = ORIENTED_EDGE ( 'NONE', *, *, #3842, .T. ) ;
#2575 = DIRECTION ( 'NONE',  ( 0.000000000000000000, 0.000000000000000000, 1.000000000000000000 ) ) ;
#2576 = ORIENTED_EDGE ( 'NONE', *, *, #589, .F. ) ;
#2577 = LINE ( 'NONE', #398, #3874 ) ;
#2578 = ORIENTED_EDGE ( 'NONE', *, *, #935, .F. ) ;
#2579 = CARTESIAN_POINT ( 'NONE',  ( 33.99999999999998579, 13.49999999999999467, 9.400000000000000355 ) ) ;
#2580 = DIRECTION ( 'NONE',  ( 0.000000000000000000, 0.000000000000000000, 1.000000000000000000 ) ) ;
#2581 = CARTESIAN_POINT ( 'NONE',  ( 1.000000000000000000, 5.000000000000000000, 15.00000000000000000 ) ) ;
#2582 = ORIENTED_EDGE ( 'NONE', *, *, #3535, .F. ) ;
#2583 = FACE_OUTER_BOUND ( 'NONE', #3424, .T. ) ;
#2584 = EDGE_CURVE ( 'NONE', #2162, #950, #3133, .T. ) ;
#2585 = CARTESIAN_POINT ( 'NONE',  ( 7.500000000000000000, 47.25000000000000000, -38.00000000000000000 ) ) ;
#2586 = ORIENTED_EDGE ( 'NONE', *, *, #2673, .F. ) ;
#2587 = DIRECTION ( 'NONE',  ( -0.000000000000000000, -0.000000000000000000, 1.000000000000000000 ) ) ;
#2588 = EDGE_CURVE ( 'NONE', #1244, #2128, #3402, .T. ) ;
#2589 = EDGE_CURVE ( 'NONE', #1412, #2311, #867, .T. ) ;
#2590 = FACE_OUTER_BOUND ( 'NONE', #1683, .T. ) ;
#2591 = VERTEX_POINT ( 'NONE', #2687 ) ;
#2592 = CARTESIAN_POINT ( 'NONE',  ( 122.7353278856376306, 0.000000000000000000, 1.000000000000000888 ) ) ;
#2593 = DIRECTION ( 'NONE',  ( 1.261617073437679231E-16, -1.000000000000000000, 0.000000000000000000 ) ) ;
#2594 = DIRECTION ( 'NONE',  ( -1.000000000000000000, 0.000000000000000000, 0.000000000000000000 ) ) ;
#2595 = EDGE_LOOP ( 'NONE', ( #2823, #689, #3879, #237, #149, #3825, #4020, #679 ) ) ;
#2596 = CARTESIAN_POINT ( 'NONE',  ( 16.74570392078556935, 4.477785805801162589, -8.544828071162610306E-33 ) ) ;
#2597 = DIRECTION ( 'NONE',  ( 0.000000000000000000, 0.000000000000000000, -1.000000000000000000 ) ) ;
#2598 = DIRECTION ( 'NONE',  ( 0.000000000000000000, 1.000000000000000000, 0.000000000000000000 ) ) ;
#2599 = ORIENTED_EDGE ( 'NONE', *, *, #3047, .F. ) ;
#2600 = DIRECTION ( 'NONE',  ( -0.000000000000000000, 1.000000000000000000, -0.000000000000000000 ) ) ;
#2601 = VERTEX_POINT ( 'NONE', #2118 ) ;
#2602 = CARTESIAN_POINT ( 'NONE',  ( 63.00000000000000000, 44.21411568847981499, 14.90000000000000036 ) ) ;
#2603 = VECTOR ( 'NONE', #3547, 1000.000000000000114 ) ;
#2604 =( BOUNDED_CURVE ( )  B_SPLINE_CURVE ( 3, ( #2376, #156, #469, #1733 ),
 .UNSPECIFIED., .F., .T. ) 
 B_SPLINE_CURVE_WITH_KNOTS ( ( 4, 4 ),
 ( 0.000000000000000000, 3.141592653589793116 ),
 .UNSPECIFIED. ) 
 CURVE ( )  GEOMETRIC_REPRESENTATION_ITEM ( )  RATIONAL_B_SPLINE_CURVE ( ( 1.000000000000000000, 0.3333333333333333703, 0.3333333333333333703, 1.000000000000000000 ) ) 
 REPRESENTATION_ITEM ( '' )  );
#2605 = DIRECTION ( 'NONE',  ( -0.5837694705562165298, 0.8119194573641617119, 0.000000000000000000 ) ) ;
#2606 = EDGE_CURVE ( 'NONE', #1609, #2441, #2430, .T. ) ;
#2607 = VERTEX_POINT ( 'NONE', #4032 ) ;
#2608 = AXIS2_PLACEMENT_3D ( 'NONE', #3200, #2272, #1626 ) ;
#2609 = CIRCLE ( 'NONE', #1084, 1.200000000000006617 ) ;
#2610 = DIRECTION ( 'NONE',  ( -0.9428401836006544690, 0.3332452373071279617, 0.000000000000000000 ) ) ;
#2611 = CYLINDRICAL_SURFACE ( 'NONE', #810, 2.750000000000002665 ) ;
#2612 = DATE_AND_TIME ( #3822, #1548 ) ;
#2613 = AXIS2_PLACEMENT_3D ( 'NONE', #2826, #2801, #3401 ) ;
#2614 = VECTOR ( 'NONE', #2512, 1000.000000000000000 ) ;
#2615 = VECTOR ( 'NONE', #416, 1000.000000000000000 ) ;
#2616 = EDGE_CURVE ( 'NONE', #88, #1557, #3332, .T. ) ;
#2617 = ORIENTED_EDGE ( 'NONE', *, *, #2448, .T. ) ;
#2618 = AXIS2_PLACEMENT_3D ( 'NONE', #3195, #1926, #1324 ) ;
#2619 = VECTOR ( 'NONE', #2749, 1000.000000000000114 ) ;
#2620 = DIRECTION ( 'NONE',  ( -0.000000000000000000, 1.000000000000000000, -0.000000000000000000 ) ) ;
#2621 = DIRECTION ( 'NONE',  ( 0.000000000000000000, 0.000000000000000000, 1.000000000000000000 ) ) ;
#2622 = ORIENTED_EDGE ( 'NONE', *, *, #1095, .F. ) ;
#2623 = FACE_OUTER_BOUND ( 'NONE', #1969, .T. ) ;
#2624 = EDGE_CURVE ( 'NONE', #1664, #2737, #2136, .T. ) ;
#2625 = CIRCLE ( 'NONE', #696, 4.999999999999995559 ) ;
#2626 = EDGE_LOOP ( 'NONE', ( #832, #2455, #2688, #504, #921, #1586, #1584, #1972 ) ) ;
#2627 = FACE_OUTER_BOUND ( 'NONE', #3468, .T. ) ;
#2628 = CIRCLE ( 'NONE', #3947, 2.000000000000001776 ) ;
#2629 = ORIENTED_EDGE ( 'NONE', *, *, #657, .F. ) ;
#2630 = VECTOR ( 'NONE', #566, 1000.000000000000000 ) ;
#2631 = PLANE ( 'NONE',  #3467 ) ;
#2632 = VERTEX_POINT ( 'NONE', #3950 ) ;
#2633 = CARTESIAN_POINT ( 'NONE',  ( 8.199711163234718825, 69.61766648317329498, 7.500000000000000000 ) ) ;
#2634 = CIRCLE ( 'NONE', #1770, 0.9999999999999990008 ) ;
#2635 = CARTESIAN_POINT ( 'NONE',  ( 124.2737894240991636, 4.470567454992231404, 15.00000000000000000 ) ) ;
#2636 = ORIENTED_EDGE ( 'NONE', *, *, #1066, .F. ) ;
#2637 = AXIS2_PLACEMENT_3D ( 'NONE', #2827, #1237, #927 ) ;
#2638 = DIRECTION ( 'NONE',  ( 0.000000000000000000, -0.000000000000000000, -1.000000000000000000 ) ) ;
#2639 = LINE ( 'NONE', #1442, #26 ) ;
#2640 = CIRCLE ( 'NONE', #1900, 2.750000000000002665 ) ;
#2641 = ORIENTED_EDGE ( 'NONE', *, *, #3708, .F. ) ;
#2642 = CYLINDRICAL_SURFACE ( 'NONE', #3934, 1.000000000000000000 ) ;
#2643 = LINE ( 'NONE', #1282, #3287 ) ;
#2644 = EDGE_CURVE ( 'NONE', #2774, #1901, #625, .T. ) ;
#2645 = CARTESIAN_POINT ( 'NONE',  ( 17.49999999999999645, 1.000000000000000000, 17.49999999999999645 ) ) ;
#2646 = DIRECTION ( 'NONE',  ( 0.000000000000000000, 1.000000000000000000, -0.000000000000000000 ) ) ;
#2647 = ORIENTED_EDGE ( 'NONE', *, *, #3147, .T. ) ;
#2648 = DIRECTION ( 'NONE',  ( 0.000000000000000000, 0.000000000000000000, 1.000000000000000000 ) ) ;
#2649 = ADVANCED_FACE ( 'NONE', ( #1474 ), #91, .T. ) ;
#2650 = ORIENTED_EDGE ( 'NONE', *, *, #1151, .T. ) ;
#2651 = ORIENTED_EDGE ( 'NONE', *, *, #2120, .T. ) ;
#2652 = ORIENTED_EDGE ( 'NONE', *, *, #2506, .F. ) ;
#2653 = DIRECTION ( 'NONE',  ( 0.000000000000000000, 0.000000000000000000, 1.000000000000000000 ) ) ;
#2654 = CARTESIAN_POINT ( 'NONE',  ( 59.00000000000000000, 21.24999999999999645, -36.19999999999999574 ) ) ;
#2655 = CARTESIAN_POINT ( 'NONE',  ( 20.70327080664280572, 78.60771632973903422, 7.500000000000000000 ) ) ;
#2656 = VERTEX_POINT ( 'NONE', #482 ) ;
#2657 = LINE ( 'NONE', #1035, #1543 ) ;
#2658 = CARTESIAN_POINT ( 'NONE',  ( 9.000000000000001776, 45.75000000000000000, -8.000000000000000000 ) ) ;
#2659 = EDGE_LOOP ( 'NONE', ( #3266, #1029, #1837, #2086 ) ) ;
#2660 = CARTESIAN_POINT ( 'NONE',  ( -18.97601899126564007, 26.39226581623160328, 0.000000000000000000 ) ) ;
#2661 = DIRECTION ( 'NONE',  ( 0.000000000000000000, 0.000000000000000000, -1.000000000000000000 ) ) ;
#2662 = EDGE_CURVE ( 'NONE', #1110, #3270, #1105, .T. ) ;
#2663 = ORIENTED_EDGE ( 'NONE', *, *, #3952, .T. ) ;
#2664 = DIRECTION ( 'NONE',  ( -1.000000000000000000, 0.000000000000000000, 0.000000000000000000 ) ) ;
#2665 = ORIENTED_EDGE ( 'NONE', *, *, #3688, .T. ) ;
#2666 = CARTESIAN_POINT ( 'NONE',  ( 13.99999999999999822, 4.000000000000000000, -12.49999999999999467 ) ) ;
#2667 = EDGE_CURVE ( 'NONE', #2591, #3609, #2373, .T. ) ;
#2668 = ORIENTED_EDGE ( 'NONE', *, *, #2317, .T. ) ;
#2669 = ORIENTED_EDGE ( 'NONE', *, *, #2923, .F. ) ;
#2670 = DIRECTION ( 'NONE',  ( -0.000000000000000000, -0.000000000000000000, -1.000000000000000000 ) ) ;
#2671 = CARTESIAN_POINT ( 'NONE',  ( 34.66649047461425681, 57.76443009086911928, 15.00000000000000000 ) ) ;
#2672 = CARTESIAN_POINT ( 'NONE',  ( 2.500000000000000000, 0.000000000000000000, 27.50000000000000355 ) ) ;
#2673 = EDGE_CURVE ( 'NONE', #2601, #2569, #3389, .T. ) ;
#2674 = ORIENTED_EDGE ( 'NONE', *, *, #1723, .F. ) ;
#2675 = CARTESIAN_POINT ( 'NONE',  ( 59.66622618653564558, 48.92831660648310077, 14.90000000000000036 ) ) ;
#2676 = AXIS2_PLACEMENT_3D ( 'NONE', #3937, #3213, #1057 ) ;
#2677 = EDGE_LOOP ( 'NONE', ( #204, #1313, #1934, #2323 ) ) ;
#2678 = CARTESIAN_POINT ( 'NONE',  ( 59.00000000000000000, 45.94999999999999574, -36.19999999999999574 ) ) ;
#2679 = VECTOR ( 'NONE', #2338, 1000.000000000000000 ) ;
#2680 = FACE_BOUND ( 'NONE', #2794, .T. ) ;
#2681 = CIRCLE ( 'NONE', #3210, 2.249999999999995559 ) ;
#2682 = ORIENTED_EDGE ( 'NONE', *, *, #1674, .F. ) ;
#2683 = DIRECTION ( 'NONE',  ( -0.000000000000000000, -0.000000000000000000, 1.000000000000000000 ) ) ;
#2684 = EDGE_CURVE ( 'NONE', #3041, #1907, #1182, .T. ) ;
#2685 = CIRCLE ( 'NONE', #2547, 0.9999999999999990008 ) ;
#2686 = EDGE_LOOP ( 'NONE', ( #2835, #315, #933, #634 ) ) ;
#2687 = CARTESIAN_POINT ( 'NONE',  ( 15.00000000000000000, 4.000000000000000000, -2.500000000000000444 ) ) ;
#2688 = ORIENTED_EDGE ( 'NONE', *, *, #2867, .T. ) ;
#2689 = ADVANCED_FACE ( 'NONE', ( #1751 ), #2055, .T. ) ;
#2690 = FACE_OUTER_BOUND ( 'NONE', #2039, .T. ) ;
#2691 = AXIS2_PLACEMENT_3D ( 'NONE', #2783, #1882, #2807 ) ;
#2692 = CARTESIAN_POINT ( 'NONE',  ( 7.500000000000013323, 47.25000000000000000, -38.00000000000000000 ) ) ;
#2693 = EDGE_LOOP ( 'NONE', ( #3382, #1671, #1045, #1130 ) ) ;
#2694 = DIRECTION ( 'NONE',  ( -1.000000000000000000, 0.000000000000000000, 0.000000000000000000 ) ) ;
#2695 = VECTOR ( 'NONE', #3782, 1000.000000000000000 ) ;
#2696 = EDGE_CURVE ( 'NONE', #983, #599, #1731, .T. ) ;
#2697 = ORIENTED_EDGE ( 'NONE', *, *, #1927, .F. ) ;
#2698 = AXIS2_PLACEMENT_3D ( 'NONE', #862, #3659, #3982 ) ;
#2699 = EDGE_LOOP ( 'NONE', ( #3035, #2617, #470, #874 ) ) ;
#2700 = DIRECTION ( 'NONE',  ( 1.000000000000000000, -0.000000000000000000, -0.000000000000000000 ) ) ;
#2701 = CARTESIAN_POINT ( 'NONE',  ( -36.31397226678525669, 50.50627369994720084, 30.00000000000000000 ) ) ;
#2702 = CIRCLE ( 'NONE', #1642, 1.500000000000001332 ) ;
#2703 = LINE ( 'NONE', #4026, #1701 ) ;
#2704 = DIRECTION ( 'NONE',  ( 0.000000000000000000, 1.000000000000000000, 0.000000000000000000 ) ) ;
#2705 = FACE_OUTER_BOUND ( 'NONE', #3957, .T. ) ;
#2706 = LINE ( 'NONE', #3968, #154 ) ;
#2707 = VERTEX_POINT ( 'NONE', #3686 ) ;
#2708 = CARTESIAN_POINT ( 'NONE',  ( 9.000000000000001776, 45.75000000000000000, -36.19999999999999574 ) ) ;
#2709 = CARTESIAN_POINT ( 'NONE',  ( 15.05051025721682123, 5.000000000000000000, 0.000000000000000000 ) ) ;
#2710 = ORIENTED_EDGE ( 'NONE', *, *, #2256, .T. ) ;
#2711 = CARTESIAN_POINT ( 'NONE',  ( 27.62334830807091279, 64.70060748051797361, 30.00000000000000000 ) ) ;
#2712 = LINE ( 'NONE', #2392, #765 ) ;
#2713 = CARTESIAN_POINT ( 'NONE',  ( 12.49999999999999822, 5.000000000000000000, 27.50000000000000000 ) ) ;
#2714 = CYLINDRICAL_SURFACE ( 'NONE', #481, 2.500000000000000444 ) ;
#2715 = EDGE_CURVE ( 'NONE', #1753, #2716, #2101, .T. ) ;
#2716 = VERTEX_POINT ( 'NONE', #1805 ) ;
#2717 = DIRECTION ( 'NONE',  ( 0.000000000000000000, 0.000000000000000000, -1.000000000000000000 ) ) ;
#2718 = CARTESIAN_POINT ( 'NONE',  ( 61.00000000000000000, 45.75000000000000000, -36.19999999999999574 ) ) ;
#2719 = ORIENTED_EDGE ( 'NONE', *, *, #1209, .T. ) ;
#2720 = EDGE_CURVE ( 'NONE', #1219, #1000, #1878, .T. ) ;
#2721 = VERTEX_POINT ( 'NONE', #2172 ) ;
#2722 = EDGE_CURVE ( 'NONE', #3160, #328, #2414, .T. ) ;
#2723 = CARTESIAN_POINT ( 'NONE',  ( 1.000000000000000000, 96.37013220366763733, 15.00000000000000000 ) ) ;
#2724 = CARTESIAN_POINT ( 'NONE',  ( 33.33350952538574319, 57.76443009086911928, 15.00000000000000000 ) ) ;
#2725 = CARTESIAN_POINT ( 'NONE',  ( 8.401170637189755652, 81.67110793245159073, 15.00000000000000000 ) ) ;
#2726 = DIRECTION ( 'NONE',  ( -0.000000000000000000, -1.000000000000000000, -0.000000000000000000 ) ) ;
#2727 = ORIENTED_EDGE ( 'NONE', *, *, #2871, .F. ) ;
#2728 = DIRECTION ( 'NONE',  ( 0.8119194573641626000, 0.5837694705562151976, 0.000000000000000000 ) ) ;
#2729 = FACE_OUTER_BOUND ( 'NONE', #1798, .T. ) ;
#2730 = ORIENTED_EDGE ( 'NONE', *, *, #252, .F. ) ;
#2731 = DIRECTION ( 'NONE',  ( -1.000000000000000000, 0.000000000000000000, 0.000000000000000000 ) ) ;
#2732 = DIRECTION ( 'NONE',  ( 1.000000000000000000, -0.000000000000000000, 0.000000000000000000 ) ) ;
#2733 = ORIENTED_EDGE ( 'NONE', *, *, #3585, .F. ) ;
#2734 = CYLINDRICAL_SURFACE ( 'NONE', #2952, 2.500000000000000000 ) ;
#2735 = EDGE_CURVE ( 'NONE', #1392, #3406, #2377, .T. ) ;
#2736 = ORIENTED_EDGE ( 'NONE', *, *, #657, .T. ) ;
#2737 = VERTEX_POINT ( 'NONE', #3667 ) ;
#2738 = DIRECTION ( 'NONE',  ( -0.000000000000000000, -0.000000000000000000, 1.000000000000000000 ) ) ;
#2739 = DIRECTION ( 'NONE',  ( 1.000000000000000000, 0.000000000000000000, 0.000000000000000000 ) ) ;
#2740 = CIRCLE ( 'NONE', #3273, 2.500000000000000000 ) ;
#2741 = DIRECTION ( 'NONE',  ( 0.000000000000000000, 0.000000000000000000, 1.000000000000000000 ) ) ;
#2742 = CARTESIAN_POINT ( 'NONE',  ( 59.00000000000000000, 45.75000000000000000, -8.000000000000000000 ) ) ;
#2743 = AXIS2_PLACEMENT_3D ( 'NONE', #209, #236, #3728 ) ;
#2744 = TOROIDAL_SURFACE ( 'NONE', #948, 1.500000000000000000, 1.000000000000000000 ) ;
#2745 = LINE ( 'NONE', #846, #97 ) ;
#2746 = AXIS2_PLACEMENT_3D ( 'NONE', #615, #861, #3759 ) ;
#2747 = EDGE_CURVE ( 'NONE', #1234, #1907, #2740, .T. ) ;
#2748 = VECTOR ( 'NONE', #3873, 1000.000000000000000 ) ;
#2749 = DIRECTION ( 'NONE',  ( 0.8119194573641620449, 0.5837694705562159747, 0.000000000000000000 ) ) ;
#2750 = DIRECTION ( 'NONE',  ( 0.000000000000000000, 0.000000000000000000, 1.000000000000000000 ) ) ;
#2751 = ORIENTED_EDGE ( 'NONE', *, *, #3658, .T. ) ;
#2752 = AXIS2_PLACEMENT_3D ( 'NONE', #3155, #952, #3741 ) ;
#2753 = CARTESIAN_POINT ( 'NONE',  ( 9.000000000000001776, 21.05000000000000071, -38.00000000000000000 ) ) ;
#2754 = DIRECTION ( 'NONE',  ( -0.000000000000000000, 1.000000000000000000, 0.000000000000000000 ) ) ;
#2755 = ORIENTED_EDGE ( 'NONE', *, *, #2943, .T. ) ;
#2756 = DIRECTION ( 'NONE',  ( 0.000000000000000000, 1.000000000000000000, 0.000000000000000000 ) ) ;
#2757 = ORIENTED_EDGE ( 'NONE', *, *, #2560, .T. ) ;
#2758 = EDGE_LOOP ( 'NONE', ( #1144, #1727, #2887, #2063 ) ) ;
#2759 = AXIS2_PLACEMENT_3D ( 'NONE', #4053, #2468, #594 ) ;
#2760 = CARTESIAN_POINT ( 'NONE',  ( 5.500000000000000000, 47.24999999999998579, -38.00000000000000000 ) ) ;
#2761 = EDGE_CURVE ( 'NONE', #1190, #3406, #1473, .T. ) ;
#2762 = DIRECTION ( 'NONE',  ( -1.000000000000000000, 0.000000000000000000, 0.000000000000000000 ) ) ;
#2763 = DIRECTION ( 'NONE',  ( 0.6153846153846177502, 0.7882269819968903413, 0.000000000000000000 ) ) ;
#2764 = ORIENTED_EDGE ( 'NONE', *, *, #157, .T. ) ;
#2765 = DIRECTION ( 'NONE',  ( -0.5837694705562167519, 0.8119194573641614898, 0.000000000000000000 ) ) ;
#2766 = EDGE_CURVE ( 'NONE', #1252, #1193, #2497, .T. ) ;
#2767 = CIRCLE ( 'NONE', #2637, 0.9999999999999952260 ) ;
#2768 = DIRECTION ( 'NONE',  ( 0.000000000000000000, 0.000000000000000000, 1.000000000000000000 ) ) ;
#2769 = DIRECTION ( 'NONE',  ( 1.000000000000000000, 0.000000000000000000, -0.000000000000000000 ) ) ;
#2770 = ORIENTED_EDGE ( 'NONE', *, *, #3688, .F. ) ;
#2771 = EDGE_CURVE ( 'NONE', #1948, #979, #2167, .T. ) ;
#2772 = DIRECTION ( 'NONE',  ( -1.000000000000000000, 0.000000000000000000, 0.000000000000000000 ) ) ;
#2773 = DIRECTION ( 'NONE',  ( 0.000000000000000000, 1.000000000000000000, 0.000000000000000000 ) ) ;
#2774 = VERTEX_POINT ( 'NONE', #1249 ) ;
#2775 = DIRECTION ( 'NONE',  ( 0.000000000000000000, 0.000000000000000000, 1.000000000000000000 ) ) ;
#2776 = CARTESIAN_POINT ( 'NONE',  ( 12.49999999999999822, 1.000000000000000000, -14.99999999999999645 ) ) ;
#2777 = EDGE_LOOP ( 'NONE', ( #3453, #4040, #280, #1008 ) ) ;
#2778 = ORIENTED_EDGE ( 'NONE', *, *, #1191, .F. ) ;
#2779 = ORIENTED_EDGE ( 'NONE', *, *, #3910, .F. ) ;
#2780 = DIRECTION ( 'NONE',  ( 1.000000000000000000, 0.000000000000000000, 0.000000000000000000 ) ) ;
#2781 = ORIENTED_EDGE ( 'NONE', *, *, #3781, .T. ) ;
#2782 = LINE ( 'NONE', #4048, #1549 ) ;
#2783 = CARTESIAN_POINT ( 'NONE',  ( 0.000000000000000000, 5.000000000000000000, 0.000000000000000000 ) ) ;
#2784 = EDGE_LOOP ( 'NONE', ( #3007, #141, #3573, #2916 ) ) ;
#2785 = EDGE_CURVE ( 'NONE', #3595, #1305, #212, .T. ) ;
#2786 = CARTESIAN_POINT ( 'NONE',  ( 59.00000000000000000, 19.25000000000000000, -8.000000000000000000 ) ) ;
#2787 = ORIENTED_EDGE ( 'NONE', *, *, #929, .F. ) ;
#2788 = CARTESIAN_POINT ( 'NONE',  ( 33.33350952538574319, 9.235569909130907362, 14.90000000000000036 ) ) ;
#2789 = ADVANCED_FACE ( 'NONE', ( #531 ), #3061, .T. ) ;
#2790 = EDGE_CURVE ( 'NONE', #4099, #327, #872, .T. ) ;
#2791 = CARTESIAN_POINT ( 'NONE',  ( 7.500000000000000000, 47.25000000000000000, -40.00000000000000000 ) ) ;
#2792 = DIRECTION ( 'NONE',  ( 1.000000000000000000, 0.000000000000000000, 0.000000000000000000 ) ) ;
#2793 = DIRECTION ( 'NONE',  ( 0.000000000000000000, 0.000000000000000000, 1.000000000000000000 ) ) ;
#2794 = EDGE_LOOP ( 'NONE', ( #596, #3999 ) ) ;
#2795 = DIRECTION ( 'NONE',  ( -1.000000000000000000, 0.000000000000000000, 0.000000000000000000 ) ) ;
#2796 = ORIENTED_EDGE ( 'NONE', *, *, #2644, .T. ) ;
#2797 = CARTESIAN_POINT ( 'NONE',  ( 60.49999999999998579, 19.74999999999999645, -38.00000000000000000 ) ) ;
#2798 = EDGE_CURVE ( 'NONE', #2187, #1000, #715, .T. ) ;
#2799 = ORIENTED_EDGE ( 'NONE', *, *, #3777, .T. ) ;
#2800 = ORIENTED_EDGE ( 'NONE', *, *, #1393, .F. ) ;
#2801 = DIRECTION ( 'NONE',  ( -0.8119194573641616008, -0.5837694705562165298, 0.000000000000000000 ) ) ;
#2802 = CARTESIAN_POINT ( 'NONE',  ( 8.401170637189755652, 81.67110793245159073, 30.00000000000000000 ) ) ;
#2803 = DIRECTION ( 'NONE',  ( -0.000000000000000000, 0.000000000000000000, -1.000000000000000000 ) ) ;
#2804 = LINE ( 'NONE', #1258, #3894 ) ;
#2805 = ORIENTED_EDGE ( 'NONE', *, *, #3657, .F. ) ;
#2806 = CARTESIAN_POINT ( 'NONE',  ( 33.99999999999998579, 53.49999999999999289, 9.400000000000000355 ) ) ;
#2807 = DIRECTION ( 'NONE',  ( 0.000000000000000000, -0.000000000000000000, 1.000000000000000000 ) ) ;
#2808 = AXIS2_PLACEMENT_3D ( 'NONE', #2565, #1712, #1361 ) ;
#2809 = VECTOR ( 'NONE', #3390, 1000.000000000000000 ) ;
#2810 = VECTOR ( 'NONE', #2610, 1000.000000000000227 ) ;
#2811 = ORIENTED_EDGE ( 'NONE', *, *, #1322, .F. ) ;
#2812 = LINE ( 'NONE', #2163, #2614 ) ;
#2813 = CIRCLE ( 'NONE', #1546, 6.499999999999999112 ) ;
#2814 = VECTOR ( 'NONE', #2865, 1000.000000000000000 ) ;
#2815 = DIRECTION ( 'NONE',  ( -1.000000000000000000, 8.673617379884035472E-15, 0.000000000000000000 ) ) ;
#2816 = CARTESIAN_POINT ( 'NONE',  ( 2.500000000000000000, 5.000000000000000000, -12.49999999999999645 ) ) ;
#2817 = ORIENTED_EDGE ( 'NONE', *, *, #251, .T. ) ;
#2818 = AXIS2_PLACEMENT_3D ( 'NONE', #405, #3885, #1306 ) ;
#2819 = AXIS2_PLACEMENT_3D ( 'NONE', #797, #181, #1147 ) ;
#2820 = LINE ( 'NONE', #1541, #3346 ) ;
#2821 = ADVANCED_FACE ( 'NONE', ( #10 ), #3925, .F. ) ;
#2822 = AXIS2_PLACEMENT_3D ( 'NONE', #1078, #3699, #2341 ) ;
#2823 = ORIENTED_EDGE ( 'NONE', *, *, #935, .T. ) ;
#2824 = VERTEX_POINT ( 'NONE', #2709 ) ;
#2825 = EDGE_CURVE ( 'NONE', #3143, #2721, #3610, .T. ) ;
#2826 = CARTESIAN_POINT ( 'NONE',  ( 22.01675211539429355, 76.78089755066967825, 7.500000000000000000 ) ) ;
#2827 = CARTESIAN_POINT ( 'NONE',  ( 3.423076923076906031, 97.55247267666298683, 13.99999999999999822 ) ) ;
#2828 = AXIS2_PLACEMENT_3D ( 'NONE', #3123, #2772, #274 ) ;
#2829 = VERTEX_POINT ( 'NONE', #868 ) ;
#2830 = CARTESIAN_POINT ( 'NONE',  ( 7.500000000000003553, 19.74999999999999645, -38.00000000000000000 ) ) ;
#2831 = DIRECTION ( 'NONE',  ( 0.000000000000000000, 0.000000000000000000, 1.000000000000000000 ) ) ;
#2832 = AXIS2_PLACEMENT_3D ( 'NONE', #2994, #67, #742 ) ;
#2833 = CIRCLE ( 'NONE', #1041, 0.7999999999999942712 ) ;
#2834 = DIRECTION ( 'NONE',  ( 0.000000000000000000, 0.000000000000000000, 1.000000000000000000 ) ) ;
#2835 = ORIENTED_EDGE ( 'NONE', *, *, #3615, .F. ) ;
#2836 = PLANE ( 'NONE',  #1211 ) ;
#2837 = AXIS2_PLACEMENT_3D ( 'NONE', #4035, #1187, #1834 ) ;
#2838 = CARTESIAN_POINT ( 'NONE',  ( 7.751635071298432322, 81.20409235600661191, 30.00000000000000000 ) ) ;
#2839 = DIRECTION ( 'NONE',  ( 0.000000000000000000, 0.000000000000000000, 1.000000000000000000 ) ) ;
#2840 = EDGE_LOOP ( 'NONE', ( #303, #320, #613, #1067 ) ) ;
#2841 = DIRECTION ( 'NONE',  ( 0.000000000000000000, 0.000000000000000000, 1.000000000000000000 ) ) ;
#2842 = ORIENTED_EDGE ( 'NONE', *, *, #1012, .F. ) ;
#2843 = EDGE_CURVE ( 'NONE', #1269, #3987, #682, .T. ) ;
#2844 = ORIENTED_EDGE ( 'NONE', *, *, #3906, .F. ) ;
#2845 = DIRECTION ( 'NONE',  ( -1.000000000000000000, 0.000000000000000000, -0.000000000000000000 ) ) ;
#2846 = DIRECTION ( 'NONE',  ( 1.000000000000000000, 0.000000000000000000, 0.000000000000000000 ) ) ;
#2847 = CARTESIAN_POINT ( 'NONE',  ( 9.491580326295661507, 86.15005945149083288, 15.00000000000000000 ) ) ;
#2848 = ADVANCED_FACE ( 'NONE', ( #2729 ), #1516, .T. ) ;
#2849 = ORIENTED_EDGE ( 'NONE', *, *, #706, .T. ) ;
#2850 = FACE_OUTER_BOUND ( 'NONE', #1456, .T. ) ;
#2851 = CARTESIAN_POINT ( 'NONE',  ( 36.74999999999999289, 53.49999999999999289, 9.400000000000000355 ) ) ;
#2852 = ORIENTED_EDGE ( 'NONE', *, *, #1924, .F. ) ;
#2853 = ORIENTED_EDGE ( 'NONE', *, *, #1923, .F. ) ;
#2854 = CARTESIAN_POINT ( 'NONE',  ( 0.000000000000000000, 4.000000000000000000, 29.00000000000000000 ) ) ;
#2855 = ORIENTED_EDGE ( 'NONE', *, *, #1462, .T. ) ;
#2856 = DIRECTION ( 'NONE',  ( 0.000000000000000000, 0.000000000000000000, 1.000000000000000000 ) ) ;
#2857 = DIRECTION ( 'NONE',  ( -0.000000000000000000, -0.000000000000000000, 1.000000000000000000 ) ) ;
#2858 = DIRECTION ( 'NONE',  ( -0.000000000000000000, -0.000000000000000000, 1.000000000000000000 ) ) ;
#2859 = DIRECTION ( 'NONE',  ( -0.000000000000000000, -0.000000000000000000, -1.000000000000000000 ) ) ;
#2860 = ORIENTED_EDGE ( 'NONE', *, *, #3099, .F. ) ;
#2861 = LINE ( 'NONE', #4100, #3678 ) ;
#2862 = CARTESIAN_POINT ( 'NONE',  ( 123.6584048087145362, 3.682340472995328184, 15.00000000000000000 ) ) ;
#2863 = CARTESIAN_POINT ( 'NONE',  ( 17.49999999999999645, 1.000000000000000000, 15.00000000000000000 ) ) ;
#2864 = VERTEX_POINT ( 'NONE', #1863 ) ;
#2865 = DIRECTION ( 'NONE',  ( -0.5837694705562151976, 0.8119194573641626000, 0.000000000000000000 ) ) ;
#2866 = DATE_TIME_ROLE ( 'classification_date' ) ;
#2867 = EDGE_CURVE ( 'NONE', #2441, #1082, #850, .T. ) ;
#2868 = DIRECTION ( 'NONE',  ( 0.000000000000000000, -0.000000000000000000, 1.000000000000000000 ) ) ;
#2869 = ORIENTED_EDGE ( 'NONE', *, *, #1089, .T. ) ;
#2870 = CARTESIAN_POINT ( 'NONE',  ( 15.00000000000000000, 4.000000000000000000, 27.50000000000000000 ) ) ;
#2871 = EDGE_CURVE ( 'NONE', #1381, #747, #590, .T. ) ;
#2872 = CARTESIAN_POINT ( 'NONE',  ( 15.00000000000000000, 4.000000000000000000, -12.49999999999999467 ) ) ;
#2873 = EDGE_LOOP ( 'NONE', ( #2736, #3081, #3337, #923, #515, #4091, #152 ) ) ;
#2874 = CYLINDRICAL_SURFACE ( 'NONE', #2069, 2.000000000000000000 ) ;
#2875 = CYLINDRICAL_SURFACE ( 'NONE', #879, 1.000000000000000888 ) ;
#2876 = ADVANCED_FACE ( 'NONE', ( #2102 ), #1806, .F. ) ;
#2877 = VECTOR ( 'NONE', #4098, 1000.000000000000000 ) ;
#2878 = CARTESIAN_POINT ( 'NONE',  ( 0.000000000000000000, 4.000000000000000000, 13.99999999999999822 ) ) ;
#2879 = LINE ( 'NONE', #652, #282 ) ;
#2880 = ORIENTED_EDGE ( 'NONE', *, *, #2290, .F. ) ;
#2881 = DIRECTION ( 'NONE',  ( -0.000000000000000000, -0.000000000000000000, 1.000000000000000000 ) ) ;
#2882 = AXIS2_PLACEMENT_3D ( 'NONE', #1243, #185, #2064 ) ;
#2883 = AXIS2_PLACEMENT_3D ( 'NONE', #1745, #2176, #1118 ) ;
#2884 = DIRECTION ( 'NONE',  ( 0.8119194573641612678, 0.5837694705562169739, -0.000000000000000000 ) ) ;
#2885 = CIRCLE ( 'NONE', #815, 0.7999999999999986011 ) ;
#2886 = CIRCLE ( 'NONE', #4071, 5.000000000000002665 ) ;
#2887 = ORIENTED_EDGE ( 'NONE', *, *, #4031, .F. ) ;
#2888 = DIRECTION ( 'NONE',  ( 0.000000000000000000, -0.000000000000000000, 1.000000000000000000 ) ) ;
#2889 = DATE_AND_TIME ( #2571, #493 ) ;
#2890 = AXIS2_PLACEMENT_3D ( 'NONE', #2830, #3451, #3178 ) ;
#2891 = CARTESIAN_POINT ( 'NONE',  ( 59.00000000000000000, 21.24999999999999645, 14.90000000000000036 ) ) ;
#2892 = LINE ( 'NONE', #2968, #1963 ) ;
#2893 = EDGE_LOOP ( 'NONE', ( #1660, #2636, #415, #4102 ) ) ;
#2894 = DIRECTION ( 'NONE',  ( 0.000000000000000000, 0.000000000000000000, 1.000000000000000000 ) ) ;
#2895 = ORIENTED_EDGE ( 'NONE', *, *, #706, .F. ) ;
#2896 = ADVANCED_FACE ( 'NONE', ( #626 ), #2874, .F. ) ;
#2897 = CIRCLE ( 'NONE', #829, 1.000000000000000000 ) ;
#2898 = CIRCLE ( 'NONE', #2759, 2.000000000000001776 ) ;
#2899 = DIRECTION ( 'NONE',  ( -0.5837694705562158637, 0.8119194573641621560, 0.000000000000000000 ) ) ;
#2900 = CARTESIAN_POINT ( 'NONE',  ( 122.7353278856376306, 2.500000000000000000, 1.000000000000000888 ) ) ;
#2901 = CARTESIAN_POINT ( 'NONE',  ( 8.097922745240230924, 89.45879312871036859, 30.00000000000000000 ) ) ;
#2902 = AXIS2_PLACEMENT_3D ( 'NONE', #63, #3532, #3191 ) ;
#2903 = DIRECTION ( 'NONE',  ( -1.000000000000000000, 9.251858538542970644E-15, 0.000000000000000000 ) ) ;
#2904 = ADVANCED_FACE ( 'NONE', ( #319 ), #2642, .T. ) ;
#2905 = EDGE_CURVE ( 'NONE', #1000, #3584, #2343, .T. ) ;
#2906 = CARTESIAN_POINT ( 'NONE',  ( 63.00000000000000000, 44.21411568847981499, 15.00000000000000000 ) ) ;
#2907 = ORIENTED_EDGE ( 'NONE', *, *, #4101, .F. ) ;
#2908 = PLANE ( 'NONE',  #3617 ) ;
#2909 = DIRECTION ( 'NONE',  ( -0.000000000000000000, -1.000000000000000000, -0.000000000000000000 ) ) ;
#2910 = ORIENTED_EDGE ( 'NONE', *, *, #1977, .T. ) ;
#2911 = CARTESIAN_POINT ( 'NONE',  ( 7.500000000000003553, 19.74999999999999645, -40.00000000000000000 ) ) ;
#2912 = PERSON_AND_ORGANIZATION_ROLE ( 'creator' ) ;
#2913 = ORIENTED_EDGE ( 'NONE', *, *, #1669, .F. ) ;
#2914 = DIRECTION ( 'NONE',  ( 1.000000000000000000, -0.000000000000000000, 0.000000000000000000 ) ) ;
#2915 = ORIENTED_EDGE ( 'NONE', *, *, #1587, .F. ) ;
#2916 = ORIENTED_EDGE ( 'NONE', *, *, #2256, .F. ) ;
#2917 = DIRECTION ( 'NONE',  ( -1.000000000000000000, 0.000000000000000000, 0.000000000000000000 ) ) ;
#2918 = ADVANCED_FACE ( 'NONE', ( #1059 ), #739, .T. ) ;
#2919 = DIRECTION ( 'NONE',  ( 1.000000000000000000, 6.938893903907221278E-15, 0.000000000000000000 ) ) ;
#2920 = DIRECTION ( 'NONE',  ( 1.000000000000000000, 0.000000000000000000, 0.000000000000000000 ) ) ;
#2921 = ORIENTED_EDGE ( 'NONE', *, *, #2407, .T. ) ;
#2922 = DIRECTION ( 'NONE',  ( 0.000000000000000000, 0.000000000000000000, 1.000000000000000000 ) ) ;
#2923 = EDGE_CURVE ( 'NONE', #3776, #281, #165, .T. ) ;
#2924 = ORIENTED_EDGE ( 'NONE', *, *, #386, .F. ) ;
#2925 = DIRECTION ( 'NONE',  ( 0.000000000000000000, -1.000000000000000000, 0.000000000000000000 ) ) ;
#2926 = VERTEX_POINT ( 'NONE', #2364 ) ;
#2927 = CARTESIAN_POINT ( 'NONE',  ( 31.24999999999998579, 53.49999999999999289, 9.400000000000000355 ) ) ;
#2928 = DATE_AND_TIME ( #3488, #2077 ) ;
#2929 = EDGE_CURVE ( 'NONE', #1210, #2146, #1487, .T. ) ;
#2930 = ORIENTED_EDGE ( 'NONE', *, *, #1995, .T. ) ;
#2931 = PLANE ( 'NONE',  #2955 ) ;
#2932 = ORIENTED_EDGE ( 'NONE', *, *, #2977, .T. ) ;
#2933 = DIRECTION ( 'NONE',  ( -1.000000000000000000, 0.000000000000000000, 0.000000000000000000 ) ) ;
#2934 = ORIENTED_EDGE ( 'NONE', *, *, #3589, .T. ) ;
#2935 = CARTESIAN_POINT ( 'NONE',  ( 15.49778434518457182, 4.963462674196393642, -0.000000000000000000 ) ) ;
#2936 = CARTESIAN_POINT ( 'NONE',  ( 2.500000000000000000, 4.000000000000000000, -13.99999999999999467 ) ) ;
#2937 = VERTEX_POINT ( 'NONE', #2723 ) ;
#2938 = ADVANCED_FACE ( 'NONE', ( #3980 ), #3306, .T. ) ;
#2939 = ORIENTED_EDGE ( 'NONE', *, *, #1938, .T. ) ;
#2940 = DIRECTION ( 'NONE',  ( -1.000000000000000000, 0.000000000000000000, 0.000000000000000000 ) ) ;
#2941 = AXIS2_PLACEMENT_3D ( 'NONE', #792, #2769, #2389 ) ;
#2942 = CYLINDRICAL_SURFACE ( 'NONE', #632, 2.249999999999995559 ) ;
#2943 = EDGE_CURVE ( 'NONE', #2864, #2500, #3201, .T. ) ;
#2944 = ORIENTED_EDGE ( 'NONE', *, *, #268, .T. ) ;
#2945 = AXIS2_PLACEMENT_3D ( 'NONE', #1032, #3576, #1635 ) ;
#2946 = VECTOR ( 'NONE', #2670, 1000.000000000000000 ) ;
#2947 = CYLINDRICAL_SURFACE ( 'NONE', #811, 5.000000000000004441 ) ;
#2948 = CARTESIAN_POINT ( 'NONE',  ( 4.999999999999993783, 44.21411568847982920, 15.00000000000000000 ) ) ;
#2949 = FACE_OUTER_BOUND ( 'NONE', #1796, .T. ) ;
#2950 = CC_DESIGN_APPROVAL ( #353, ( #3116 ) ) ;
#2951 = AXIS2_PLACEMENT_3D ( 'NONE', #2098, #3643, #148 ) ;
#2952 = AXIS2_PLACEMENT_3D ( 'NONE', #2125, #782, #3364 ) ;
#2953 = EDGE_CURVE ( 'NONE', #1917, #2352, #555, .T. ) ;
#2954 = ORIENTED_EDGE ( 'NONE', *, *, #20, .F. ) ;
#2955 = AXIS2_PLACEMENT_3D ( 'NONE', #664, #109, #680 ) ;
#2956 = VECTOR ( 'NONE', #780, 1000.000000000000000 ) ;
#2957 = DIRECTION ( 'NONE',  ( 1.000000000000000000, 0.000000000000000000, 0.000000000000000000 ) ) ;
#2958 = CYLINDRICAL_SURFACE ( 'NONE', #1436, 0.7999999999999951594 ) ;
#2959 = EDGE_LOOP ( 'NONE', ( #2398, #2296, #3169, #49 ) ) ;
#2960 = DIRECTION ( 'NONE',  ( 0.5837694705562153086, -0.8119194573641624890, 0.000000000000000000 ) ) ;
#2961 = VECTOR ( 'NONE', #3026, 1000.000000000000000 ) ;
#2962 = ORIENTED_EDGE ( 'NONE', *, *, #2953, .T. ) ;
#2963 = TOROIDAL_SURFACE ( 'NONE', #1036, 1.500000000000000000, 1.000000000000000000 ) ;
#2964 = ORIENTED_EDGE ( 'NONE', *, *, #2616, .F. ) ;
#2965 = CARTESIAN_POINT ( 'NONE',  ( 7.500000000000000000, 47.25000000000000000, -40.00000000000000000 ) ) ;
#2966 = VECTOR ( 'NONE', #3011, 1000.000000000000000 ) ;
#2967 = CYLINDRICAL_SURFACE ( 'NONE', #301, 1.000000000000000888 ) ;
#2968 = CARTESIAN_POINT ( 'NONE',  ( 60.49999999999998579, 17.75000000000000000, -40.00000000000000000 ) ) ;
#2969 = ORIENTED_EDGE ( 'NONE', *, *, #1742, .T. ) ;
#2970 = AXIS2_PLACEMENT_3D ( 'NONE', #1792, #1538, #1169 ) ;
#2971 = LINE ( 'NONE', #1639, #2615 ) ;
#2972 = LINE ( 'NONE', #1074, #748 ) ;
#2973 = CARTESIAN_POINT ( 'NONE',  ( 13.99999999999999822, 5.000000000000000000, -12.49999999999999467 ) ) ;
#2974 = EDGE_CURVE ( 'NONE', #979, #685, #1320, .T. ) ;
#2975 = VERTEX_POINT ( 'NONE', #2718 ) ;
#2976 = CARTESIAN_POINT ( 'NONE',  ( 0.000000000000000000, 4.000000000000000000, 27.50000000000000355 ) ) ;
#2977 = EDGE_CURVE ( 'NONE', #563, #3626, #3975, .T. ) ;
#2978 = LINE ( 'NONE', #3621, #2362 ) ;
#2979 = ORIENTED_EDGE ( 'NONE', *, *, #30, .T. ) ;
#2980 = CYLINDRICAL_SURFACE ( 'NONE', #2465, 1.200000000000006617 ) ;
#2981 = ADVANCED_FACE ( 'NONE', ( #925 ), #2191, .T. ) ;
#2982 = DIRECTION ( 'NONE',  ( 1.000000000000000000, -0.000000000000000000, 0.000000000000000000 ) ) ;
#2983 = ORIENTED_EDGE ( 'NONE', *, *, #1872, .F. ) ;
#2984 = ORIENTED_EDGE ( 'NONE', *, *, #2761, .F. ) ;
#2985 = CARTESIAN_POINT ( 'NONE',  ( 7.005481709269371748, 81.89925791925952581, 15.00000000000000000 ) ) ;
#2986 = LINE ( 'NONE', #3710, #1823 ) ;
#2987 = CARTESIAN_POINT ( 'NONE',  ( 2.500000000000000000, 1.000000000000000000, 30.00000000000000355 ) ) ;
#2988 = ORIENTED_EDGE ( 'NONE', *, *, #1995, .F. ) ;
#2989 = DIRECTION ( 'NONE',  ( 0.000000000000000000, 1.000000000000000000, -0.000000000000000000 ) ) ;
#2990 = CARTESIAN_POINT ( 'NONE',  ( 10.88726925421604541, 85.92190946468288359, 30.00000000000000000 ) ) ;
#2991 = ORIENTED_EDGE ( 'NONE', *, *, #1923, .T. ) ;
#2992 = CC_DESIGN_DATE_AND_TIME_ASSIGNMENT ( #2928, #993, ( #3116 ) ) ;
#2993 = CARTESIAN_POINT ( 'NONE',  ( 2.500000000000000000, 0.000000000000000000, -13.99999999999999467 ) ) ;
#2994 = CARTESIAN_POINT ( 'NONE',  ( 2.500000000000000000, 5.000000000000000000, 27.50000000000000355 ) ) ;
#2995 = ORIENTED_EDGE ( 'NONE', *, *, #176, .F. ) ;
#2996 = ADVANCED_FACE ( 'NONE', ( #1921 ), #2611, .F. ) ;
#2997 = CARTESIAN_POINT ( 'NONE',  ( 10.88726925421604541, 85.92190946468288359, 15.00000000000000000 ) ) ;
#2998 = DIRECTION ( 'NONE',  ( -1.000000000000000000, -0.000000000000000000, -0.000000000000000000 ) ) ;
#2999 = EDGE_LOOP ( 'NONE', ( #1875, #3203, #2190, #851 ) ) ;
#3000 = ORIENTED_EDGE ( 'NONE', *, *, #2735, .F. ) ;
#3001 = EDGE_CURVE ( 'NONE', #11, #2491, #2972, .T. ) ;
#3002 = PLANE ( 'NONE',  #3821 ) ;
#3003 = CARTESIAN_POINT ( 'NONE',  ( 12.49999999999999822, 0.000000000000000000, -13.99999999999999467 ) ) ;
#3004 = EDGE_LOOP ( 'NONE', ( #3048, #1616, #2991, #2451 ) ) ;
#3005 = CARTESIAN_POINT ( 'NONE',  ( 25.95387939598097304, 63.25393075382149277, 30.00000000000000000 ) ) ;
#3006 = EDGE_LOOP ( 'NONE', ( #3254, #3864, #2348, #1103 ) ) ;
#3007 = ORIENTED_EDGE ( 'NONE', *, *, #934, .T. ) ;
#3008 = FACE_BOUND ( 'NONE', #40, .T. ) ;
#3009 = CIRCLE ( 'NONE', #687, 2.499999999999998668 ) ;
#3010 = AXIS2_PLACEMENT_3D ( 'NONE', #1404, #3936, #3556 ) ;
#3011 = DIRECTION ( 'NONE',  ( -0.000000000000000000, 1.000000000000000000, -0.000000000000000000 ) ) ;
#3012 = APPROVAL_PERSON_ORGANIZATION ( #1659, #50, #16 ) ;
#3013 = VECTOR ( 'NONE', #1678, 1000.000000000000000 ) ;
#3014 = VECTOR ( 'NONE', #4039, 1000.000000000000000 ) ;
#3015 = DIRECTION ( 'NONE',  ( 0.000000000000000000, 0.000000000000000000, -1.000000000000000000 ) ) ;
#3016 = AXIS2_PLACEMENT_3D ( 'NONE', #2047, #461, #2423 ) ;
#3017 = ORIENTED_EDGE ( 'NONE', *, *, #3355, .F. ) ;
#3018 = ADVANCED_FACE ( 'NONE', ( #2949 ), #737, .F. ) ;
#3019 = CARTESIAN_POINT ( 'NONE',  ( -39.64145824895566506, 55.13421460692300258, 30.00000000000000000 ) ) ;
#3020 = ORIENTED_EDGE ( 'NONE', *, *, #357, .F. ) ;
#3021 = VECTOR ( 'NONE', #1670, 1000.000000000000000 ) ;
#3022 = DIRECTION ( 'NONE',  ( -0.000000000000000000, -0.000000000000000000, -1.000000000000000000 ) ) ;
#3023 = CIRCLE ( 'NONE', #1695, 2.499999999999998668 ) ;
#3024 = ADVANCED_FACE ( 'NONE', ( #3260, #1658, #3240, #83 ), #3613, .T. ) ;
#3025 = ADVANCED_FACE ( 'NONE', ( #2590 ), #3341, .T. ) ;
#3026 = DIRECTION ( 'NONE',  ( 0.000000000000000000, 0.000000000000000000, 1.000000000000000000 ) ) ;
#3027 = AXIS2_PLACEMENT_3D ( 'NONE', #1581, #1850, #1519 ) ;
#3028 = DIRECTION ( 'NONE',  ( 0.000000000000000000, 0.000000000000000000, -1.000000000000000000 ) ) ;
#3029 = DIRECTION ( 'NONE',  ( 0.000000000000000000, 1.000000000000000000, 0.000000000000000000 ) ) ;
#3030 = EDGE_LOOP ( 'NONE', ( #2817, #2921, #674, #3449 ) ) ;
#3031 = DIRECTION ( 'NONE',  ( 0.9428401836006544690, 0.3332452373071279617, 0.000000000000000000 ) ) ;
#3032 = AXIS2_PLACEMENT_3D ( 'NONE', #326, #413, #1898 ) ;
#3033 = ORIENTED_EDGE ( 'NONE', *, *, #3906, .T. ) ;
#3034 = AXIS2_PLACEMENT_3D ( 'NONE', #2403, #187, #3719 ) ;
#3035 = ORIENTED_EDGE ( 'NONE', *, *, #466, .T. ) ;
#3036 = CARTESIAN_POINT ( 'NONE',  ( -39.64145824895566506, 55.13421460692300258, -0.000000000000000000 ) ) ;
#3037 = CIRCLE ( 'NONE', #840, 1.500000000000000000 ) ;
#3038 = PLANE ( 'NONE',  #1897 ) ;
#3039 = CARTESIAN_POINT ( 'NONE',  ( 60.50000000000000000, 47.25000000000000000, -40.00000000000000000 ) ) ;
#3040 = ORIENTED_EDGE ( 'NONE', *, *, #251, .F. ) ;
#3041 = VERTEX_POINT ( 'NONE', #2259 ) ;
#3042 = CARTESIAN_POINT ( 'NONE',  ( 47.73938099419587644, 34.32457852178725943, 30.00000000000000000 ) ) ;
#3043 = ADVANCED_FACE ( 'NONE', ( #1640 ), #1410, .T. ) ;
#3044 = CARTESIAN_POINT ( 'NONE',  ( 11.86157260305304639, 86.62243282935034472, 15.00000000000000000 ) ) ;
#3045 = VERTEX_POINT ( 'NONE', #1010 ) ;
#3046 = DIRECTION ( 'NONE',  ( -0.8119194573641616008, -0.5837694705562165298, 0.000000000000000000 ) ) ;
#3047 = EDGE_CURVE ( 'NONE', #1780, #66, #3134, .T. ) ;
#3048 = ORIENTED_EDGE ( 'NONE', *, *, #2798, .F. ) ;
#3049 = EDGE_LOOP ( 'NONE', ( #3940, #1034, #1997, #1364 ) ) ;
#3050 = ADVANCED_FACE ( 'NONE', ( #2399 ), #822, .T. ) ;
#3051 = DIRECTION ( 'NONE',  ( -1.000000000000000000, 0.000000000000000000, 0.000000000000000000 ) ) ;
#3052 = DIRECTION ( 'NONE',  ( 0.000000000000000000, 0.000000000000000000, 1.000000000000000000 ) ) ;
#3053 = DIRECTION ( 'NONE',  ( 0.000000000000000000, 0.000000000000000000, 1.000000000000000000 ) ) ;
#3054 = DIRECTION ( 'NONE',  ( 0.000000000000000000, 0.000000000000000000, 1.000000000000000000 ) ) ;
#3055 = DIRECTION ( 'NONE',  ( -1.000000000000000000, 0.000000000000000000, 0.000000000000000000 ) ) ;
#3056 = ORIENTED_EDGE ( 'NONE', *, *, #2684, .F. ) ;
#3057 = CARTESIAN_POINT ( 'NONE',  ( 48.87606823450578020, 35.14185578056627435, 15.00000000000000000 ) ) ;
#3058 = CARTESIAN_POINT ( 'NONE',  ( 60.50000000000000000, 47.24999999999998579, -38.00000000000000000 ) ) ;
#3059 = FACE_OUTER_BOUND ( 'NONE', #3769, .T. ) ;
#3060 = EDGE_CURVE ( 'NONE', #2564, #3920, #4001, .T. ) ;
#3061 = CYLINDRICAL_SURFACE ( 'NONE', #2743, 1.000000000000000000 ) ;
#3062 = VERTEX_POINT ( 'NONE', #2533 ) ;
#3063 = CARTESIAN_POINT ( 'NONE',  ( 63.00000000000001421, 22.78588431152018501, 14.90000000000000036 ) ) ;
#3064 = DIRECTION ( 'NONE',  ( 0.7882269819968962254, -0.6153846153846102007, 0.000000000000000000 ) ) ;
#3065 = ORIENTED_EDGE ( 'NONE', *, *, #2977, .F. ) ;
#3066 = ADVANCED_FACE ( 'NONE', ( #3808 ), #2558, .T. ) ;
#3067 = ORIENTED_EDGE ( 'NONE', *, *, #3535, .T. ) ;
#3068 = DIRECTION ( 'NONE',  ( 0.000000000000000000, 0.000000000000000000, -1.000000000000000000 ) ) ;
#3069 = DIRECTION ( 'NONE',  ( 0.000000000000000000, 1.000000000000000000, 0.000000000000000000 ) ) ;
#3070 = AXIS2_PLACEMENT_3D ( 'NONE', #3019, #1162, #2728 ) ;
#3071 = CARTESIAN_POINT ( 'NONE',  ( 13.99999999999999822, 0.000000000000000000, -12.49999999999999467 ) ) ;
#3072 = EDGE_CURVE ( 'NONE', #2656, #1694, #1612, .T. ) ;
#3073 = ORIENTED_EDGE ( 'NONE', *, *, #934, .F. ) ;
#3074 = LINE ( 'NONE', #1493, #3935 ) ;
#3075 = CIRCLE ( 'NONE', #491, 1.000000000000000888 ) ;
#3076 = CARTESIAN_POINT ( 'NONE',  ( 0.000000000000000000, 4.000000000000000000, 13.99999999999999822 ) ) ;
#3077 = SECURITY_CLASSIFICATION ( '', '', #84 ) ;
#3078 = AXIS2_PLACEMENT_3D ( 'NONE', #3039, #1134, #3622 ) ;
#3079 = AXIS2_PLACEMENT_3D ( 'NONE', #304, #1565, #2841 ) ;
#3080 = DIRECTION ( 'NONE',  ( -0.8119194573641626000, -0.5837694705562151976, 0.000000000000000000 ) ) ;
#3081 = ORIENTED_EDGE ( 'NONE', *, *, #463, .T. ) ;
#3082 = AXIS2_PLACEMENT_3D ( 'NONE', #3780, #621, #4069 ) ;
#3083 = CYLINDRICAL_SURFACE ( 'NONE', #2828, 1.800000000000002931 ) ;
#3084 = CARTESIAN_POINT ( 'NONE',  ( 27.07043053831729651, 63.07141076437513050, 0.000000000000000000 ) ) ;
#3085 = LINE ( 'NONE', #208, #2339 ) ;
#3086 = VERTEX_POINT ( 'NONE', #2053 ) ;
#3087 = CARTESIAN_POINT ( 'NONE',  ( 34.00000000000000000, 33.49999999999999289, -38.00000000000000000 ) ) ;
#3088 = VECTOR ( 'NONE', #528, 1000.000000000000000 ) ;
#3089 = ORIENTED_EDGE ( 'NONE', *, *, #136, .T. ) ;
#3090 = ORIENTED_EDGE ( 'NONE', *, *, #2204, .F. ) ;
#3091 = VECTOR ( 'NONE', #547, 1000.000000000000000 ) ;
#3092 = EDGE_CURVE ( 'NONE', #3295, #3143, #2706, .T. ) ;
#3093 = AXIS2_PLACEMENT_3D ( 'NONE', #1391, #2661, #2933 ) ;
#3094 = DIRECTION ( 'NONE',  ( -0.5837694705562170849, 0.8119194573641611568, 0.000000000000000000 ) ) ;
#3095 = ORIENTED_EDGE ( 'NONE', *, *, #2360, .F. ) ;
#3096 = DIRECTION ( 'NONE',  ( 0.8119194573641611568, 0.5837694705562169739, -0.000000000000000000 ) ) ;
#3097 = AXIS2_PLACEMENT_3D ( 'NONE', #4046, #3130, #1551 ) ;
#3098 = DIRECTION ( 'NONE',  ( 1.000000000000000000, 0.000000000000000000, 0.000000000000000000 ) ) ;
#3099 = EDGE_CURVE ( 'NONE', #1609, #2656, #3672, .T. ) ;
#3100 = FACE_OUTER_BOUND ( 'NONE', #1427, .T. ) ;
#3101 = DIRECTION ( 'NONE',  ( -0.000000000000000000, -0.000000000000000000, 1.000000000000000000 ) ) ;
#3102 = EDGE_CURVE ( 'NONE', #2030, #2168, #805, .T. ) ;
#3103 = VERTEX_POINT ( 'NONE', #3353 ) ;
#3104 = DIRECTION ( 'NONE',  ( -1.000000000000000000, 0.000000000000000000, 0.000000000000000000 ) ) ;
#3105 = ORIENTED_EDGE ( 'NONE', *, *, #146, .T. ) ;
#3106 = PLANE ( 'NONE',  #219 ) ;
#3107 = EDGE_CURVE ( 'NONE', #642, #4099, #2481, .T. ) ;
#3108 = LINE ( 'NONE', #2140, #1828 ) ;
#3109 = CARTESIAN_POINT ( 'NONE',  ( 1.000000000000000000, 1.000000000000000000, -12.49999999999999645 ) ) ;
#3110 = DIRECTION ( 'NONE',  ( 0.000000000000000000, 0.000000000000000000, -1.000000000000000000 ) ) ;
#3111 = EDGE_LOOP ( 'NONE', ( #2647, #3485, #3223, #2629 ) ) ;
#3112 = DIRECTION ( 'NONE',  ( -1.000000000000000000, 0.000000000000000000, 0.000000000000000000 ) ) ;
#3113 = ORIENTED_EDGE ( 'NONE', *, *, #1336, .F. ) ;
#3114 = ORIENTED_EDGE ( 'NONE', *, *, #2673, .T. ) ;
#3115 = CARTESIAN_POINT ( 'NONE',  ( 59.19999999999999574, 45.75000000000000000, -36.19999999999999574 ) ) ;
#3116 = PRODUCT_DEFINITION ( 'UNKNOWN', '', #2283, #3525 ) ;
#3117 = VERTEX_POINT ( 'NONE', #3403 ) ;
#3118 = DIRECTION ( 'NONE',  ( 0.000000000000000000, 1.000000000000000000, 0.000000000000000000 ) ) ;
#3119 = DIRECTION ( 'NONE',  ( 0.000000000000000000, 1.000000000000000000, 0.000000000000000000 ) ) ;
#3120 = EDGE_CURVE ( 'NONE', #1234, #330, #1195, .T. ) ;
#3121 = ORIENTED_EDGE ( 'NONE', *, *, #1443, .F. ) ;
#3122 = FACE_OUTER_BOUND ( 'NONE', #2504, .T. ) ;
#3123 = CARTESIAN_POINT ( 'NONE',  ( 59.00000000000000000, 21.05000000000000071, -36.19999999999999574 ) ) ;
#3124 = CYLINDRICAL_SURFACE ( 'NONE', #1167, 1.000000000000000000 ) ;
#3125 = ADVANCED_FACE ( 'NONE', ( #2001 ), #987, .T. ) ;
#3126 = ORIENTED_EDGE ( 'NONE', *, *, #677, .T. ) ;
#3127 = DIRECTION ( 'NONE',  ( 0.8119194573641613788, 0.5837694705562169739, 0.000000000000000000 ) ) ;
#3128 = EDGE_LOOP ( 'NONE', ( #119, #2246, #1687, #3572 ) ) ;
#3129 = ORIENTED_EDGE ( 'NONE', *, *, #1495, .T. ) ;
#3130 = DIRECTION ( 'NONE',  ( 0.000000000000000000, 0.000000000000000000, 1.000000000000000000 ) ) ;
#3131 = VERTEX_POINT ( 'NONE', #2863 ) ;
#3132 = DIRECTION ( 'NONE',  ( -0.000000000000000000, 0.000000000000000000, -1.000000000000000000 ) ) ;
#3133 = CIRCLE ( 'NONE', #3681, 1.000000000000000888 ) ;
#3134 = CIRCLE ( 'NONE', #1935, 1.199999999999996181 ) ;
#3135 = AXIS2_PLACEMENT_3D ( 'NONE', #1166, #2354, #2731 ) ;
#3136 = ORIENTED_EDGE ( 'NONE', *, *, #3832, .F. ) ;
#3137 = DIRECTION ( 'NONE',  ( -0.3332452373071282392, -0.9428401836006544690, 0.000000000000000000 ) ) ;
#3138 = EDGE_CURVE ( 'NONE', #1507, #2564, #877, .T. ) ;
#3139 = AXIS2_PLACEMENT_3D ( 'NONE', #2579, #2248, #3587 ) ;
#3140 = AXIS2_PLACEMENT_3D ( 'NONE', #940, #576, #4057 ) ;
#3141 = LINE ( 'NONE', #2838, #2297 ) ;
#3142 = CARTESIAN_POINT ( 'NONE',  ( 13.99999999999999822, 1.000000000000000000, -2.500000000000000444 ) ) ;
#3143 = VERTEX_POINT ( 'NONE', #1011 ) ;
#3144 = VECTOR ( 'NONE', #3414, 1000.000000000000000 ) ;
#3145 = CARTESIAN_POINT ( 'NONE',  ( 15.00000000000000000, 1.000000000000000000, -12.49999999999999467 ) ) ;
#3146 = EDGE_CURVE ( 'NONE', #642, #1259, #2208, .T. ) ;
#3147 = EDGE_CURVE ( 'NONE', #989, #3835, #2005, .T. ) ;
#3148 = AXIS2_PLACEMENT_3D ( 'NONE', #3676, #1453, #3656 ) ;
#3149 = ORIENTED_EDGE ( 'NONE', *, *, #662, .F. ) ;
#3150 = VERTEX_POINT ( 'NONE', #1845 ) ;
#3151 = DIRECTION ( 'NONE',  ( -0.000000000000000000, -0.000000000000000000, 1.000000000000000000 ) ) ;
#3152 = FACE_OUTER_BOUND ( 'NONE', #586, .T. ) ;
#3153 = CIRCLE ( 'NONE', #1366, 1.800000000000002931 ) ;
#3154 = EDGE_LOOP ( 'NONE', ( #2650, #1910, #814, #3716 ) ) ;
#3155 = CARTESIAN_POINT ( 'NONE',  ( 58.00000000000000000, 44.21411568847982210, 14.90000000000000036 ) ) ;
#3156 = FACE_OUTER_BOUND ( 'NONE', #1192, .T. ) ;
#3157 = AXIS2_PLACEMENT_3D ( 'NONE', #500, #2741, #1469 ) ;
#3158 = CARTESIAN_POINT ( 'NONE',  ( 4.999999999999993783, 44.21411568847982920, 14.90000000000000036 ) ) ;
#3159 = VECTOR ( 'NONE', #757, 1000.000000000000000 ) ;
#3160 = VERTEX_POINT ( 'NONE', #3158 ) ;
#3161 = CYLINDRICAL_SURFACE ( 'NONE', #951, 2.749999999999995115 ) ;
#3162 = CIRCLE ( 'NONE', #1774, 2.499999999999998668 ) ;
#3163 = DIRECTION ( 'NONE',  ( 0.000000000000000000, -1.000000000000000000, 0.000000000000000000 ) ) ;
#3164 = DIRECTION ( 'NONE',  ( -1.000000000000000000, 0.000000000000000000, 0.000000000000000000 ) ) ;
#3165 = DIRECTION ( 'NONE',  ( 1.000000000000000000, -0.000000000000000000, -0.000000000000000000 ) ) ;
#3166 = EDGE_CURVE ( 'NONE', #519, #467, #267, .T. ) ;
#3167 = ORIENTED_EDGE ( 'NONE', *, *, #1466, .F. ) ;
#3168 = DIRECTION ( 'NONE',  ( 0.000000000000000000, 0.000000000000000000, -1.000000000000000000 ) ) ;
#3169 = ORIENTED_EDGE ( 'NONE', *, *, #311, .F. ) ;
#3170 = ADVANCED_FACE ( 'NONE', ( #3853 ), #1618, .T. ) ;
#3171 = ORIENTED_EDGE ( 'NONE', *, *, #272, .T. ) ;
#3172 = DIRECTION ( 'NONE',  ( -0.8119194573641614898, -0.5837694705562167519, 0.000000000000000000 ) ) ;
#3173 = APPROVAL_DATE_TIME ( #972, #725 ) ;
#3174 = CARTESIAN_POINT ( 'NONE',  ( 124.2737894240991636, 4.470567454992231404, 1.000000000000000888 ) ) ;
#3175 = CARTESIAN_POINT ( 'NONE',  ( 0.000000000000000000, 0.000000000000000000, 0.000000000000000000 ) ) ;
#3176 = ADVANCED_FACE ( 'NONE', ( #1600 ), #1304, .F. ) ;
#3177 = ORIENTED_EDGE ( 'NONE', *, *, #3256, .F. ) ;
#3178 = DIRECTION ( 'NONE',  ( -6.938893903907222067E-15, 1.000000000000000000, 0.000000000000000000 ) ) ;
#3179 = DIRECTION ( 'NONE',  ( 0.000000000000000000, 0.000000000000000000, -1.000000000000000000 ) ) ;
#3180 = ORIENTED_EDGE ( 'NONE', *, *, #311, .T. ) ;
#3181 = CYLINDRICAL_SURFACE ( 'NONE', #1813, 2.000000000000001776 ) ;
#3182 = CARTESIAN_POINT ( 'NONE',  ( 60.50000000000000000, 47.25000000000000000, -38.00000000000000000 ) ) ;
#3183 = CARTESIAN_POINT ( 'NONE',  ( 7.500000000000000000, 47.25000000000000000, -38.00000000000000000 ) ) ;
#3184 = EDGE_LOOP ( 'NONE', ( #1431, #2091, #2895, #2003 ) ) ;
#3185 = DIRECTION ( 'NONE',  ( 0.000000000000000000, 0.000000000000000000, 1.000000000000000000 ) ) ;
#3186 = DIRECTION ( 'NONE',  ( -1.000000000000000000, 0.000000000000000000, 0.000000000000000000 ) ) ;
#3187 = DIRECTION ( 'NONE',  ( 1.000000000000000000, 0.000000000000000000, 0.000000000000000000 ) ) ;
#3188 = ORIENTED_EDGE ( 'NONE', *, *, #2506, .T. ) ;
#3189 = CARTESIAN_POINT ( 'NONE',  ( 22.29488403642772454, 62.34742484718454136, 15.00000000000000000 ) ) ;
#3190 = PERSON_AND_ORGANIZATION ( #3816, #3614 ) ;
#3191 = DIRECTION ( 'NONE',  ( -1.000000000000000000, 0.000000000000000000, 0.000000000000000000 ) ) ;
#3192 = EDGE_CURVE ( 'NONE', #1475, #3698, #2813, .T. ) ;
#3193 = CYLINDRICAL_SURFACE ( 'NONE', #3097, 2.000000000000001776 ) ;
#3194 = VERTEX_POINT ( 'NONE', #259 ) ;
#3195 = CARTESIAN_POINT ( 'NONE',  ( 59.00000000000000000, 45.75000000000000000, -36.19999999999999574 ) ) ;
#3196 = EDGE_CURVE ( 'NONE', #3330, #1412, #3009, .T. ) ;
#3197 = EDGE_CURVE ( 'NONE', #88, #1392, #509, .T. ) ;
#3198 = EDGE_LOOP ( 'NONE', ( #2277, #2770, #4061, #2727 ) ) ;
#3199 = DIRECTION ( 'NONE',  ( 0.000000000000000000, 1.000000000000000000, 0.000000000000000000 ) ) ;
#3200 = CARTESIAN_POINT ( 'NONE',  ( 63.00000000000000000, 44.21411568847981499, 14.90000000000000036 ) ) ;
#3201 = CIRCLE ( 'NONE', #876, 5.000000000000004441 ) ;
#3202 = CARTESIAN_POINT ( 'NONE',  ( 7.500000000000000000, 47.25000000000000000, -38.00000000000000000 ) ) ;
#3203 = ORIENTED_EDGE ( 'NONE', *, *, #151, .F. ) ;
#3204 = DIRECTION ( 'NONE',  ( -1.000000000000000000, 0.000000000000000000, 0.000000000000000000 ) ) ;
#3205 = CIRCLE ( 'NONE', #2409, 2.749999999999999556 ) ;
#3206 = AXIS2_PLACEMENT_3D ( 'NONE', #3529, #1274, #4104 ) ;
#3207 = AXIS2_PLACEMENT_3D ( 'NONE', #312, #3069, #1255 ) ;
#3208 = FACE_OUTER_BOUND ( 'NONE', #4095, .T. ) ;
#3209 = CIRCLE ( 'NONE', #3082, 1.000000000000000000 ) ;
#3210 = AXIS2_PLACEMENT_3D ( 'NONE', #1959, #1994, #3897 ) ;
#3211 = EDGE_LOOP ( 'NONE', ( #1852, #743, #1347, #1637 ) ) ;
#3212 = CARTESIAN_POINT ( 'NONE',  ( 33.99999999999998579, 13.49999999999999467, 9.400000000000000355 ) ) ;
#3213 = DIRECTION ( 'NONE',  ( 0.000000000000000000, -0.000000000000000000, 1.000000000000000000 ) ) ;
#3214 = CIRCLE ( 'NONE', #2147, 2.000000000000001776 ) ;
#3215 = DIRECTION ( 'NONE',  ( 0.000000000000000000, -1.000000000000000000, 0.000000000000000000 ) ) ;
#3216 = FACE_OUTER_BOUND ( 'NONE', #2397, .T. ) ;
#3217 = CARTESIAN_POINT ( 'NONE',  ( 12.49999999999999822, 0.000000000000000000, -12.49999999999999467 ) ) ;
#3218 = VERTEX_POINT ( 'NONE', #1426 ) ;
#3219 = AXIS2_PLACEMENT_3D ( 'NONE', #698, #1961, #3594 ) ;
#3220 = EDGE_CURVE ( 'NONE', #355, #1327, #2577, .T. ) ;
#3221 = CARTESIAN_POINT ( 'NONE',  ( 22.30024183784225755, 60.62696813631852422, 15.00000000000000000 ) ) ;
#3222 = AXIS2_PLACEMENT_3D ( 'NONE', #3182, #2919, #390 ) ;
#3223 = ORIENTED_EDGE ( 'NONE', *, *, #3961, .F. ) ;
#3224 = CARTESIAN_POINT ( 'NONE',  ( 43.59859176163872263, 31.34735422195080545, 30.00000000000000000 ) ) ;
#3225 = ORIENTED_EDGE ( 'NONE', *, *, #2052, .T. ) ;
#3226 = ADVANCED_FACE ( 'NONE', ( #667 ), #4073, .T. ) ;
#3227 = ADVANCED_FACE ( 'NONE', ( #1580 ), #2875, .T. ) ;
#3228 = CIRCLE ( 'NONE', #2832, 1.500000000000001332 ) ;
#3229 = FACE_OUTER_BOUND ( 'NONE', #1172, .T. ) ;
#3230 = CARTESIAN_POINT ( 'NONE',  ( 2.500000000000000000, 1.000000000000000000, 27.50000000000000355 ) ) ;
#3231 = CIRCLE ( 'NONE', #3297, 2.000000000000001776 ) ;
#3232 = DIRECTION ( 'NONE',  ( -0.8119194573641616008, -0.5837694705562165298, 0.000000000000000000 ) ) ;
#3233 = ORIENTED_EDGE ( 'NONE', *, *, #478, .T. ) ;
#3234 = ADVANCED_FACE ( 'NONE', ( #1225 ), #2836, .T. ) ;
#3235 = FACE_OUTER_BOUND ( 'NONE', #224, .T. ) ;
#3236 = VECTOR ( 'NONE', #1879, 1000.000000000000000 ) ;
#3237 = CARTESIAN_POINT ( 'NONE',  ( 12.49999999999999822, 4.000000000000000000, 27.50000000000000000 ) ) ;
#3238 = ORIENTED_EDGE ( 'NONE', *, *, #3854, .F. ) ;
#3239 = FACE_OUTER_BOUND ( 'NONE', #1606, .T. ) ;
#3240 = FACE_OUTER_BOUND ( 'NONE', #1729, .T. ) ;
#3241 = APPROVAL_STATUS ( 'not_yet_approved' ) ;
#3242 = EDGE_LOOP ( 'NONE', ( #3819, #1307, #217, #468 ) ) ;
#3243 = CARTESIAN_POINT ( 'NONE',  ( 33.99999999999998579, 53.49999999999999289, 14.90000000000000036 ) ) ;
#3244 = DIRECTION ( 'NONE',  ( -0.000000000000000000, -0.000000000000000000, 1.000000000000000000 ) ) ;
#3245 = ORIENTED_EDGE ( 'NONE', *, *, #2129, .T. ) ;
#3246 = CC_DESIGN_DATE_AND_TIME_ASSIGNMENT ( #1965, #2866, ( #3077 ) ) ;
#3247 = VERTEX_POINT ( 'NONE', #2788 ) ;
#3248 = CARTESIAN_POINT ( 'NONE',  ( 16.14107830135307964, 4.761552682458496832, -0.000000000000000000 ) ) ;
#3249 = CARTESIAN_POINT ( 'NONE',  ( 9.000000000000001776, 45.94999999999999574, -36.19999999999999574 ) ) ;
#3250 = ORIENTED_EDGE ( 'NONE', *, *, #305, .F. ) ;
#3251 = EDGE_CURVE ( 'NONE', #163, #2062, #2557, .T. ) ;
#3252 = DIRECTION ( 'NONE',  ( -0.000000000000000000, -0.000000000000000000, -1.000000000000000000 ) ) ;
#3253 = DIRECTION ( 'NONE',  ( -0.5837694705562167519, 0.8119194573641614898, 0.000000000000000000 ) ) ;
#3254 = ORIENTED_EDGE ( 'NONE', *, *, #801, .F. ) ;
#3255 = PLANE ( 'NONE',  #2808 ) ;
#3256 = EDGE_CURVE ( 'NONE', #1201, #3406, #3831, .T. ) ;
#3257 = CARTESIAN_POINT ( 'NONE',  ( 31.24999999999998579, 13.49999999999999467, 9.400000000000000355 ) ) ;
#3258 = ORIENTED_EDGE ( 'NONE', *, *, #593, .F. ) ;
#3259 = CARTESIAN_POINT ( 'NONE',  ( 59.00000000000000000, 21.05000000000000071, -38.00000000000000000 ) ) ;
#3260 = FACE_BOUND ( 'NONE', #1783, .T. ) ;
#3261 = CALENDAR_DATE ( 2024, 25, 6 ) ;
#3262 = CARTESIAN_POINT ( 'NONE',  ( 59.66622618653565269, 18.07168339351691699, 14.90000000000000036 ) ) ;
#3263 = EDGE_LOOP ( 'NONE', ( #3917, #722, #1284, #3829 ) ) ;
#3264 = DIRECTION ( 'NONE',  ( -0.7882269819968914515, 0.6153846153846163070, 0.000000000000000000 ) ) ;
#3265 = DIRECTION ( 'NONE',  ( -0.8119194573641617119, -0.5837694705562165298, 0.000000000000000000 ) ) ;
#3266 = ORIENTED_EDGE ( 'NONE', *, *, #3812, .T. ) ;
#3267 = CARTESIAN_POINT ( 'NONE',  ( -18.97601899126564007, 26.39226581623160328, 30.00000000000000000 ) ) ;
#3268 = ORIENTED_EDGE ( 'NONE', *, *, #2448, .F. ) ;
#3269 = ORIENTED_EDGE ( 'NONE', *, *, #3585, .T. ) ;
#3270 = VERTEX_POINT ( 'NONE', #4096 ) ;
#3271 = DIRECTION ( 'NONE',  ( 0.000000000000000000, 0.000000000000000000, -1.000000000000000000 ) ) ;
#3272 = ADVANCED_FACE ( 'NONE', ( #1912 ), #3181, .F. ) ;
#3273 = AXIS2_PLACEMENT_3D ( 'NONE', #2085, #3992, #4078 ) ;
#3274 = DIRECTION ( 'NONE',  ( -1.000000000000000000, 0.000000000000000000, 0.000000000000000000 ) ) ;
#3275 = ORIENTED_EDGE ( 'NONE', *, *, #1977, .F. ) ;
#3276 = VECTOR ( 'NONE', #2700, 1000.000000000000000 ) ;
#3277 = CIRCLE ( 'NONE', #1940, 2.000000000000001776 ) ;
#3278 = DIRECTION ( 'NONE',  ( 1.000000000000000000, 0.000000000000000000, 0.000000000000000000 ) ) ;
#3279 = EDGE_CURVE ( 'NONE', #1507, #3041, #2812, .T. ) ;
#3280 = DIRECTION ( 'NONE',  ( 1.000000000000000000, -8.095504689397934502E-17, 0.000000000000000000 ) ) ;
#3281 = DIRECTION ( 'NONE',  ( 1.000000000000000000, 0.000000000000000000, 0.000000000000000000 ) ) ;
#3282 = CIRCLE ( 'NONE', #2951, 2.000000000000001776 ) ;
#3283 = CIRCLE ( 'NONE', #366, 1.000000000000000888 ) ;
#3284 = DIRECTION ( 'NONE',  ( 0.000000000000000000, 0.000000000000000000, 1.000000000000000000 ) ) ;
#3285 = ORIENTED_EDGE ( 'NONE', *, *, #2429, .F. ) ;
#3286 = DIRECTION ( 'NONE',  ( 0.000000000000000000, 0.000000000000000000, 1.000000000000000000 ) ) ;
#3287 = VECTOR ( 'NONE', #3598, 1000.000000000000000 ) ;
#3288 = DIRECTION ( 'NONE',  ( 0.000000000000000000, 0.000000000000000000, -1.000000000000000000 ) ) ;
#3289 = VERTEX_POINT ( 'NONE', #2184 ) ;
#3290 = AXIS2_PLACEMENT_3D ( 'NONE', #2585, #1996, #3187 ) ;
#3291 = DIRECTION ( 'NONE',  ( -1.000000000000000000, -0.000000000000000000, -0.000000000000000000 ) ) ;
#3292 = ORIENTED_EDGE ( 'NONE', *, *, #2696, .F. ) ;
#3293 = CIRCLE ( 'NONE', #1160, 1.999999999999998224 ) ;
#3294 = DIRECTION ( 'NONE',  ( -0.5837694705562173070, 0.8119194573641610457, 0.000000000000000000 ) ) ;
#3295 = VERTEX_POINT ( 'NONE', #592 ) ;
#3296 = LINE ( 'NONE', #1668, #2748 ) ;
#3297 = AXIS2_PLACEMENT_3D ( 'NONE', #2345, #3308, #1970 ) ;
#3298 = DIRECTION ( 'NONE',  ( 0.5837694705562141984, -0.8119194573641632662, 0.000000000000000000 ) ) ;
#3299 = CARTESIAN_POINT ( 'NONE',  ( 11.58779261888350653, 84.94760611584590038, 0.000000000000000000 ) ) ;
#3300 = DIRECTION ( 'NONE',  ( 0.5837694705562170849, -0.8119194573641611568, 0.000000000000000000 ) ) ;
#3301 = ORIENTED_EDGE ( 'NONE', *, *, #1062, .F. ) ;
#3302 = AXIS2_PLACEMENT_3D ( 'NONE', #3217, #1402, #435 ) ;
#3303 = DIRECTION ( 'NONE',  ( 0.000000000000000000, 0.000000000000000000, 1.000000000000000000 ) ) ;
#3304 = EDGE_CURVE ( 'NONE', #2062, #2237, #3205, .T. ) ;
#3305 = VERTEX_POINT ( 'NONE', #296 ) ;
#3306 = PLANE ( 'NONE',  #2138 ) ;
#3307 = CARTESIAN_POINT ( 'NONE',  ( 124.2737894240991636, 4.470567454992231404, 13.99999999999999822 ) ) ;
#3308 = DIRECTION ( 'NONE',  ( -0.000000000000000000, 0.000000000000000000, -1.000000000000000000 ) ) ;
#3309 = ADVANCED_FACE ( 'NONE', ( #3456 ), #3106, .T. ) ;
#3310 = ORIENTED_EDGE ( 'NONE', *, *, #2309, .T. ) ;
#3311 = CARTESIAN_POINT ( 'NONE',  ( 33.33350952538574319, 9.235569909130907362, 14.90000000000000036 ) ) ;
#3312 = ORIENTED_EDGE ( 'NONE', *, *, #3072, .F. ) ;
#3313 = DIRECTION ( 'NONE',  ( 0.8119194573641612678, 0.5837694705562169739, -0.000000000000000000 ) ) ;
#3314 = ORIENTED_EDGE ( 'NONE', *, *, #2281, .F. ) ;
#3315 = CARTESIAN_POINT ( 'NONE',  ( 62.50000000000000000, 19.74999999999999645, -38.00000000000000000 ) ) ;
#3316 = CARTESIAN_POINT ( 'NONE',  ( 0.000000000000000000, 4.000000000000000000, -12.49999999999999645 ) ) ;
#3317 = CARTESIAN_POINT ( 'NONE',  ( 1.000000000000000000, 5.000000000000000000, 27.50000000000000355 ) ) ;
#3318 = EDGE_LOOP ( 'NONE', ( #460, #1958, #2054, #113 ) ) ;
#3319 = CARTESIAN_POINT ( 'NONE',  ( 17.49999999999999645, 1.000000000000000000, -2.500000000000000444 ) ) ;
#3320 = ORIENTED_EDGE ( 'NONE', *, *, #2526, .F. ) ;
#3321 = EDGE_LOOP ( 'NONE', ( #3845, #2329 ) ) ;
#3322 = AXIS2_PLACEMENT_3D ( 'NONE', #3249, #2982, #1048 ) ;
#3323 = DIRECTION ( 'NONE',  ( 0.000000000000000000, 0.000000000000000000, -1.000000000000000000 ) ) ;
#3324 = ADVANCED_FACE ( 'NONE', ( #2464 ), #4004, .T. ) ;
#3325 = LINE ( 'NONE', #3966, #1960 ) ;
#3326 = VERTEX_POINT ( 'NONE', #3785 ) ;
#3327 = DIRECTION ( 'NONE',  ( 0.000000000000000000, 1.000000000000000000, 0.000000000000000000 ) ) ;
#3328 = EDGE_CURVE ( 'NONE', #1223, #1917, #916, .T. ) ;
#3329 = EDGE_CURVE ( 'NONE', #3507, #3604, #1518, .T. ) ;
#3330 = VERTEX_POINT ( 'NONE', #958 ) ;
#3331 = EDGE_LOOP ( 'NONE', ( #158, #2371, #2332, #3320 ) ) ;
#3332 = LINE ( 'NONE', #174, #1342 ) ;
#3333 = ORIENTED_EDGE ( 'NONE', *, *, #1742, .F. ) ;
#3334 = LINE ( 'NONE', #487, #231 ) ;
#3335 = CARTESIAN_POINT ( 'NONE',  ( 59.00000000000000000, 45.75000000000000000, -38.00000000000000000 ) ) ;
#3336 = DIRECTION ( 'NONE',  ( 0.000000000000000000, -1.000000000000000000, 0.000000000000000000 ) ) ;
#3337 = ORIENTED_EDGE ( 'NONE', *, *, #3060, .F. ) ;
#3338 = DIRECTION ( 'NONE',  ( -0.000000000000000000, 0.000000000000000000, -1.000000000000000000 ) ) ;
#3339 = AXIS2_PLACEMENT_3D ( 'NONE', #1312, #633, #3752 ) ;
#3340 = ORIENTED_EDGE ( 'NONE', *, *, #1515, .T. ) ;
#3341 = TOROIDAL_SURFACE ( 'NONE', #1476, 1.500000000000000000, 1.000000000000000000 ) ;
#3342 = VECTOR ( 'NONE', #3096, 1000.000000000000114 ) ;
#3343 = ORIENTED_EDGE ( 'NONE', *, *, #2667, .F. ) ;
#3344 = CARTESIAN_POINT ( 'NONE',  ( 9.999999999999994671, 19.25000000000000000, 14.90000000000000036 ) ) ;
#3345 = VECTOR ( 'NONE', #3850, 1000.000000000000000 ) ;
#3346 = VECTOR ( 'NONE', #3505, 1000.000000000000000 ) ;
#3347 = FACE_OUTER_BOUND ( 'NONE', #382, .T. ) ;
#3348 = ADVANCED_FACE ( 'NONE', ( #3122 ), #271, .T. ) ;
#3349 = CIRCLE ( 'NONE', #1817, 2.000000000000001776 ) ;
#3350 = AXIS2_PLACEMENT_3D ( 'NONE', #3087, #2717, #2694 ) ;
#3351 = SPHERICAL_SURFACE ( 'NONE', #1877, 2.000000000000000000 ) ;
#3352 = CIRCLE ( 'NONE', #1360, 1.500000000000001332 ) ;
#3353 = CARTESIAN_POINT ( 'NONE',  ( 0.000000000000000000, 1.000000000000000000, 27.50000000000000355 ) ) ;
#3354 = ORIENTED_EDGE ( 'NONE', *, *, #1535, .F. ) ;
#3355 = EDGE_CURVE ( 'NONE', #4056, #66, #936, .T. ) ;
#3356 = CARTESIAN_POINT ( 'NONE',  ( 15.00000000000000000, 0.000000000000000000, -2.500000000000000444 ) ) ;
#3357 = ORIENTED_EDGE ( 'NONE', *, *, #1772, .F. ) ;
#3358 = B_SPLINE_CURVE_WITH_KNOTS ( 'NONE', 3,
 ( #713, #115, #2596, #3248, #1665, #2935, #92, #1353 ),
 .UNSPECIFIED., .F., .F.,
 ( 4, 2, 2, 4 ),
 ( -1.000000000052994359E-05, 0.001324645242886320594, 0.001991967864329750870, 0.002659290485773180713 ),
 .UNSPECIFIED. ) ;
#3359 = DIRECTION ( 'NONE',  ( 0.000000000000000000, 0.000000000000000000, 1.000000000000000000 ) ) ;
#3360 = DIRECTION ( 'NONE',  ( 1.261617073437679231E-16, -1.000000000000000000, 0.000000000000000000 ) ) ;
#3361 = ADVANCED_FACE ( 'NONE', ( #1887 ), #3161, .F. ) ;
#3362 = DIRECTION ( 'NONE',  ( -0.000000000000000000, -1.000000000000000000, -0.000000000000000000 ) ) ;
#3363 = ORIENTED_EDGE ( 'NONE', *, *, #788, .F. ) ;
#3364 = DIRECTION ( 'NONE',  ( -1.000000000000000000, 0.000000000000000000, 0.000000000000000000 ) ) ;
#3365 = AXIS2_PLACEMENT_3D ( 'NONE', #2797, #2501, #2110 ) ;
#3366 = ORIENTED_EDGE ( 'NONE', *, *, #82, .T. ) ;
#3367 = VECTOR ( 'NONE', #335, 1000.000000000000000 ) ;
#3368 = EDGE_LOOP ( 'NONE', ( #1325, #2127, #1004, #473 ) ) ;
#3369 = DIRECTION ( 'NONE',  ( 0.000000000000000000, 0.000000000000000000, -1.000000000000000000 ) ) ;
#3370 = DIRECTION ( 'NONE',  ( -1.000000000000000000, 0.000000000000000000, 0.000000000000000000 ) ) ;
#3371 = DIRECTION ( 'NONE',  ( 0.000000000000000000, 0.000000000000000000, 1.000000000000000000 ) ) ;
#3372 = VECTOR ( 'NONE', #3788, 1000.000000000000000 ) ;
#3373 = CYLINDRICAL_SURFACE ( 'NONE', #3157, 1.999999999999994893 ) ;
#3374 = LINE ( 'NONE', #1788, #1622 ) ;
#3375 = ORIENTED_EDGE ( 'NONE', *, *, #3475, .F. ) ;
#3376 = ADVANCED_FACE ( 'NONE', ( #745 ), #1001, .T. ) ;
#3377 = DIRECTION ( 'NONE',  ( 0.000000000000000000, 0.000000000000000000, 1.000000000000000000 ) ) ;
#3378 = CARTESIAN_POINT ( 'NONE',  ( 9.234609985550070732, 90.27607038748907087, 30.00000000000000000 ) ) ;
#3379 = EDGE_LOOP ( 'NONE', ( #1716, #3642, #3121, #3460 ) ) ;
#3380 = LINE ( 'NONE', #517, #2010 ) ;
#3381 = ADVANCED_FACE ( 'NONE', ( #3519 ), #619, .T. ) ;
#3382 = ORIENTED_EDGE ( 'NONE', *, *, #1374, .T. ) ;
#3383 = ORIENTED_EDGE ( 'NONE', *, *, #1238, .F. ) ;
#3384 = APPLICATION_PROTOCOL_DEFINITION ( 'international standard', 'config_control_design', 1994, #2351 ) ;
#3385 = CARTESIAN_POINT ( 'NONE',  ( 12.49999999999999822, 5.000000000000000000, 30.00000000000000355 ) ) ;
#3386 = DIRECTION ( 'NONE',  ( 0.000000000000000000, 0.000000000000000000, 1.000000000000000000 ) ) ;
#3387 = PLANE ( 'NONE',  #755 ) ;
#3388 = DIRECTION ( 'NONE',  ( -0.5837694705562151976, 0.8119194573641626000, 0.000000000000000000 ) ) ;
#3389 = LINE ( 'NONE', #1498, #819 ) ;
#3390 = DIRECTION ( 'NONE',  ( -0.000000000000000000, 1.000000000000000000, -0.000000000000000000 ) ) ;
#3391 = ORIENTED_EDGE ( 'NONE', *, *, #4012, .F. ) ;
#3392 = CARTESIAN_POINT ( 'NONE',  ( 2.500000000000000000, 1.000000000000000000, 27.50000000000000355 ) ) ;
#3393 = CARTESIAN_POINT ( 'NONE',  ( 17.49999999999999645, 1.000000000000000000, -2.500000000000000444 ) ) ;
#3394 = EDGE_CURVE ( 'NONE', #1266, #1458, #2282, .T. ) ;
#3395 = ORIENTED_EDGE ( 'NONE', *, *, #3099, .T. ) ;
#3396 = CARTESIAN_POINT ( 'NONE',  ( 59.00000000000000000, 19.25000000000000000, -8.000000000000000000 ) ) ;
#3397 = ORIENTED_EDGE ( 'NONE', *, *, #1233, .F. ) ;
#3398 = EDGE_CURVE ( 'NONE', #1967, #2519, #2885, .T. ) ;
#3399 = ORIENTED_EDGE ( 'NONE', *, *, #3709, .T. ) ;
#3400 = ADVANCED_FACE ( 'NONE', ( #1377 ), #666, .F. ) ;
#3401 = DIRECTION ( 'NONE',  ( 0.5837694705562177511, -0.8119194573641607127, 0.000000000000000000 ) ) ;
#3402 = CIRCLE ( 'NONE', #2941, 1.000000000000000888 ) ;
#3403 = CARTESIAN_POINT ( 'NONE',  ( 8.097922745240230924, 89.45879312871036859, 0.000000000000000000 ) ) ;
#3404 = LINE ( 'NONE', #3641, #899 ) ;
#3405 = EDGE_CURVE ( 'NONE', #1894, #1266, #1063, .T. ) ;
#3406 = VERTEX_POINT ( 'NONE', #3542 ) ;
#3407 = CARTESIAN_POINT ( 'NONE',  ( 3.423076923076897149, 97.55247267666298683, 0.000000000000000000 ) ) ;
#3408 = VECTOR ( 'NONE', #1739, 1000.000000000000000 ) ;
#3409 = AXIS2_PLACEMENT_3D ( 'NONE', #41, #3053, #659 ) ;
#3410 = DIRECTION ( 'NONE',  ( 0.000000000000000000, 0.000000000000000000, 1.000000000000000000 ) ) ;
#3411 = FACE_OUTER_BOUND ( 'NONE', #79, .T. ) ;
#3412 = AXIS2_PLACEMENT_3D ( 'NONE', #363, #2295, #2917 ) ;
#3413 = AXIS2_PLACEMENT_3D ( 'NONE', #348, #3127, #2538 ) ;
#3414 = DIRECTION ( 'NONE',  ( -0.000000000000000000, -0.000000000000000000, -1.000000000000000000 ) ) ;
#3415 = EDGE_LOOP ( 'NONE', ( #3114, #783, #1126, #3397 ) ) ;
#3416 = DIRECTION ( 'NONE',  ( 0.9428401836006544690, -0.3332452373071282947, -0.000000000000000000 ) ) ;
#3417 = CIRCLE ( 'NONE', #2080, 3.500000000000000000 ) ;
#3418 = DIRECTION ( 'NONE',  ( 0.000000000000000000, 0.000000000000000000, -1.000000000000000000 ) ) ;
#3419 = CARTESIAN_POINT ( 'NONE',  ( 31.24999999999998579, 13.49999999999999467, 9.400000000000000355 ) ) ;
#3420 = ORIENTED_EDGE ( 'NONE', *, *, #2662, .F. ) ;
#3421 = DIRECTION ( 'NONE',  ( 0.9428401836006544690, -0.3332452373071282947, -0.000000000000000000 ) ) ;
#3422 = PRODUCT_RELATED_PRODUCT_CATEGORY ( 'detail', '', ( #917 ) ) ;
#3423 = VERTEX_POINT ( 'NONE', #2328 ) ;
#3424 = EDGE_LOOP ( 'NONE', ( #3733, #2291, #1718, #1711 ) ) ;
#3425 = DIRECTION ( 'NONE',  ( 0.000000000000000000, -1.000000000000000000, 0.000000000000000000 ) ) ;
#3426 = DIRECTION ( 'NONE',  ( 1.000000000000000000, 0.000000000000000000, 0.000000000000000000 ) ) ;
#3427 = DIRECTION ( 'NONE',  ( -0.000000000000000000, 1.000000000000000000, -0.000000000000000000 ) ) ;
#3428 = ADVANCED_FACE ( 'NONE', ( #2271 ), #3569, .T. ) ;
#3429 = AXIS2_PLACEMENT_3D ( 'NONE', #284, #4063, #1508 ) ;
#3430 = DIRECTION ( 'NONE',  ( 0.000000000000000000, 0.000000000000000000, 1.000000000000000000 ) ) ;
#3431 = ORIENTED_EDGE ( 'NONE', *, *, #3060, .T. ) ;
#3432 = AXIS2_PLACEMENT_3D ( 'NONE', #3513, #3430, #2780 ) ;
#3433 = DIRECTION ( 'NONE',  ( 0.000000000000000000, 0.000000000000000000, 1.000000000000000000 ) ) ;
#3434 = ADVANCED_FACE ( 'NONE', ( #424 ), #3739, .T. ) ;
#3435 = CARTESIAN_POINT ( 'NONE',  ( 13.99999999999999822, 4.000000000000000000, 27.50000000000000000 ) ) ;
#3436 = ORIENTED_EDGE ( 'NONE', *, *, #2309, .F. ) ;
#3437 = EDGE_LOOP ( 'NONE', ( #1706, #143, #3862, #3225 ) ) ;
#3438 = CARTESIAN_POINT ( 'NONE',  ( 37.46169467601207970, 91.27283494010164588, 7.500000000000000000 ) ) ;
#3439 = DIRECTION ( 'NONE',  ( -0.000000000000000000, 0.000000000000000000, -1.000000000000000000 ) ) ;
#3440 = LINE ( 'NONE', #1479, #241 ) ;
#3441 = ORIENTED_EDGE ( 'NONE', *, *, #1007, .F. ) ;
#3442 = LINE ( 'NONE', #2517, #2544 ) ;
#3443 = ORIENTED_EDGE ( 'NONE', *, *, #3606, .F. ) ;
#3444 = ORIENTED_EDGE ( 'NONE', *, *, #3812, .F. ) ;
#3445 = ORIENTED_EDGE ( 'NONE', *, *, #754, .F. ) ;
#3446 = CARTESIAN_POINT ( 'NONE',  ( 58.00000000000000000, 44.21411568847982210, 14.90000000000000036 ) ) ;
#3447 = CYLINDRICAL_SURFACE ( 'NONE', #2613, 2.249999999999996447 ) ;
#3448 = DIRECTION ( 'NONE',  ( 0.000000000000000000, 0.000000000000000000, -1.000000000000000000 ) ) ;
#3449 = ORIENTED_EDGE ( 'NONE', *, *, #474, .F. ) ;
#3450 = EDGE_CURVE ( 'NONE', #2564, #1269, #3601, .T. ) ;
#3451 = DIRECTION ( 'NONE',  ( 1.000000000000000000, 6.938893903907234689E-15, 0.000000000000000000 ) ) ;
#3452 = DIRECTION ( 'NONE',  ( 0.000000000000000000, 1.000000000000000000, 0.000000000000000000 ) ) ;
#3453 = ORIENTED_EDGE ( 'NONE', *, *, #1020, .T. ) ;
#3454 = EDGE_CURVE ( 'NONE', #1327, #1219, #727, .T. ) ;
#3455 = ADVANCED_FACE ( 'NONE', ( #3229 ), #2980, .F. ) ;
#3456 = FACE_OUTER_BOUND ( 'NONE', #3321, .T. ) ;
#3457 = CARTESIAN_POINT ( 'NONE',  ( 21.59971847317478932, 61.60127148515550743, 15.00000000000000000 ) ) ;
#3458 = CARTESIAN_POINT ( 'NONE',  ( 1.000000000000000000, 5.000000000000000000, -12.49999999999999645 ) ) ;
#3459 = DIRECTION ( 'NONE',  ( 0.000000000000000000, 0.000000000000000000, 1.000000000000000000 ) ) ;
#3460 = ORIENTED_EDGE ( 'NONE', *, *, #2043, .F. ) ;
#3461 = CARTESIAN_POINT ( 'NONE',  ( 6.031178360432376095, 81.19873455459207889, 30.00000000000000000 ) ) ;
#3462 = ORIENTED_EDGE ( 'NONE', *, *, #3092, .T. ) ;
#3463 = FACE_OUTER_BOUND ( 'NONE', #3693, .T. ) ;
#3464 = EDGE_LOOP ( 'NONE', ( #1812, #2537, #3645, #1441 ) ) ;
#3465 = CARTESIAN_POINT ( 'NONE',  ( 7.500000000000000000, 47.25000000000000000, 0.000000000000000000 ) ) ;
#3466 = DIRECTION ( 'NONE',  ( 0.000000000000000000, 1.000000000000000000, 0.000000000000000000 ) ) ;
#3467 = AXIS2_PLACEMENT_3D ( 'NONE', #2038, #1051, #3590 ) ;
#3468 = EDGE_LOOP ( 'NONE', ( #2215, #3399, #3671, #3948 ) ) ;
#3469 = EDGE_CURVE ( 'NONE', #656, #1294, #1625, .T. ) ;
#3470 = VECTOR ( 'NONE', #2803, 1000.000000000000000 ) ;
#3471 = EDGE_LOOP ( 'NONE', ( #3847, #3951, #3902, #2652 ) ) ;
#3472 = CARTESIAN_POINT ( 'NONE',  ( 59.00000000000000000, 21.24999999999999645, -8.000000000000000000 ) ) ;
#3473 = CIRCLE ( 'NONE', #3807, 2.249999999999995559 ) ;
#3474 = VECTOR ( 'NONE', #1428, 1000.000000000000227 ) ;
#3475 = EDGE_CURVE ( 'NONE', #1082, #2824, #3358, .T. ) ;
#3476 = DIRECTION ( 'NONE',  ( -1.000000000000000000, 0.000000000000000000, 0.000000000000000000 ) ) ;
#3477 = DIRECTION ( 'NONE',  ( 1.000000000000000000, 0.000000000000000000, 0.000000000000000000 ) ) ;
#3478 = DIRECTION ( 'NONE',  ( 0.000000000000000000, -0.000000000000000000, -1.000000000000000000 ) ) ;
#3479 = EDGE_LOOP ( 'NONE', ( #2787, #2142, #1667, #1951 ) ) ;
#3480 = AXIS2_PLACEMENT_3D ( 'NONE', #3243, #87, #3562 ) ;
#3481 = VECTOR ( 'NONE', #2275, 1000.000000000000000 ) ;
#3482 = DIRECTION ( 'NONE',  ( -1.000000000000000000, -0.000000000000000000, -0.000000000000000000 ) ) ;
#3483 = ORIENTED_EDGE ( 'NONE', *, *, #4106, .T. ) ;
#3484 = ADVANCED_FACE ( 'NONE', ( #2627 ), #3892, .T. ) ;
#3485 = ORIENTED_EDGE ( 'NONE', *, *, #1495, .F. ) ;
#3486 = CARTESIAN_POINT ( 'NONE',  ( 12.49999999999999822, 1.000000000000000000, 27.50000000000000000 ) ) ;
#3487 = VECTOR ( 'NONE', #1714, 1000.000000000000000 ) ;
#3488 = CALENDAR_DATE ( 2024, 25, 6 ) ;
#3489 = DIRECTION ( 'NONE',  ( -0.9428401836006544690, -0.3332452373071279617, 0.000000000000000000 ) ) ;
#3490 = CARTESIAN_POINT ( 'NONE',  ( 17.49999999999999645, 4.000000000000000000, 0.000000000000000000 ) ) ;
#3491 = VECTOR ( 'NONE', #2831, 1000.000000000000000 ) ;
#3492 = ORIENTED_EDGE ( 'NONE', *, *, #2185, .T. ) ;
#3493 = DIRECTION ( 'NONE',  ( -1.000000000000000000, -0.000000000000000000, -0.000000000000000000 ) ) ;
#3494 = DIRECTION ( 'NONE',  ( 0.000000000000000000, -1.000000000000000000, 0.000000000000000000 ) ) ;
#3495 = CIRCLE ( 'NONE', #3365, 2.000000000000001776 ) ;
#3496 = ORIENTED_EDGE ( 'NONE', *, *, #2606, .F. ) ;
#3497 = VECTOR ( 'NONE', #207, 1000.000000000000000 ) ;
#3498 = VERTEX_POINT ( 'NONE', #1472 ) ;
#3499 = DIRECTION ( 'NONE',  ( 0.5837694705562170849, -0.8119194573641611568, 0.000000000000000000 ) ) ;
#3500 = ADVANCED_FACE ( 'NONE', ( #1803 ), #3387, .T. ) ;
#3501 = DIRECTION ( 'NONE',  ( 0.000000000000000000, 0.000000000000000000, 1.000000000000000000 ) ) ;
#3502 = CARTESIAN_POINT ( 'NONE',  ( 17.49999999999999645, 4.000000000000000000, 15.00000000000000000 ) ) ;
#3503 = DIRECTION ( 'NONE',  ( 0.000000000000000000, 0.000000000000000000, -1.000000000000000000 ) ) ;
#3504 = ORIENTED_EDGE ( 'NONE', *, *, #1623, .F. ) ;
#3505 = DIRECTION ( 'NONE',  ( 0.000000000000000000, 0.000000000000000000, 1.000000000000000000 ) ) ;
#3506 = EDGE_CURVE ( 'NONE', #2737, #318, #2745, .T. ) ;
#3507 = VERTEX_POINT ( 'NONE', #170 ) ;
#3508 = ORIENTED_EDGE ( 'NONE', *, *, #1165, .F. ) ;
#3509 = EDGE_LOOP ( 'NONE', ( #2316, #2171, #2156, #1527 ) ) ;
#3510 = CARTESIAN_POINT ( 'NONE',  ( -21.95324329110233563, 30.53305504878868248, -0.000000000000000000 ) ) ;
#3511 = EDGE_CURVE ( 'NONE', #328, #175, #226, .T. ) ;
#3512 = DIRECTION ( 'NONE',  ( 0.000000000000000000, 0.000000000000000000, -1.000000000000000000 ) ) ;
#3513 = CARTESIAN_POINT ( 'NONE',  ( 7.500000000000003553, 19.74999999999999645, -40.00000000000000000 ) ) ;
#3514 = ORIENTED_EDGE ( 'NONE', *, *, #3633, .F. ) ;
#3515 = DIRECTION ( 'NONE',  ( 1.000000000000000000, -0.000000000000000000, 0.000000000000000000 ) ) ;
#3516 = ORIENTED_EDGE ( 'NONE', *, *, #3047, .T. ) ;
#3517 = CARTESIAN_POINT ( 'NONE',  ( 0.000000000000000000, 1.000000000000000000, 1.000000000000000888 ) ) ;
#3518 = ORIENTED_EDGE ( 'NONE', *, *, #1896, .F. ) ;
#3519 = FACE_OUTER_BOUND ( 'NONE', #375, .T. ) ;
#3520 = DIRECTION ( 'NONE',  ( 1.000000000000000000, 0.000000000000000000, 0.000000000000000000 ) ) ;
#3521 = DIRECTION ( 'NONE',  ( -0.000000000000000000, -1.000000000000000000, -0.000000000000000000 ) ) ;
#3522 = DIRECTION ( 'NONE',  ( 0.000000000000000000, 0.000000000000000000, -1.000000000000000000 ) ) ;
#3523 = VERTEX_POINT ( 'NONE', #2349 ) ;
#3524 = CYLINDRICAL_SURFACE ( 'NONE', #4008, 1.000000000000000888 ) ;
#3525 = DESIGN_CONTEXT ( 'detailed design', #2351, 'design' ) ;
#3526 = CYLINDRICAL_SURFACE ( 'NONE', #42, 1.000000000000000000 ) ;
#3527 = EDGE_CURVE ( 'NONE', #318, #1121, #3282, .T. ) ;
#3528 = ORIENTED_EDGE ( 'NONE', *, *, #766, .T. ) ;
#3529 = CARTESIAN_POINT ( 'NONE',  ( 60.50000000000000000, 47.24999999999998579, -38.00000000000000000 ) ) ;
#3530 = PERSON_AND_ORGANIZATION_ROLE ( 'creator' ) ;
#3531 = FACE_OUTER_BOUND ( 'NONE', #2252, .T. ) ;
#3532 = DIRECTION ( 'NONE',  ( -0.000000000000000000, -0.000000000000000000, -1.000000000000000000 ) ) ;
#3533 = DIRECTION ( 'NONE',  ( 0.000000000000000000, 0.000000000000000000, 1.000000000000000000 ) ) ;
#3534 = EDGE_CURVE ( 'NONE', #3131, #1451, #188, .T. ) ;
#3535 = EDGE_CURVE ( 'NONE', #1761, #483, #3473, .T. ) ;
#3536 = VERTEX_POINT ( 'NONE', #1455 ) ;
#3537 = DIRECTION ( 'NONE',  ( 0.000000000000000000, 0.000000000000000000, 1.000000000000000000 ) ) ;
#3538 = FACE_OUTER_BOUND ( 'NONE', #3479, .T. ) ;
#3539 = ADVANCED_FACE ( 'NONE', ( #543, #3660 ), #2428, .T. ) ;
#3540 = DIRECTION ( 'NONE',  ( 0.000000000000000000, 0.000000000000000000, -1.000000000000000000 ) ) ;
#3541 = EDGE_LOOP ( 'NONE', ( #3567, #1840, #1530, #103 ) ) ;
#3542 = CARTESIAN_POINT ( 'NONE',  ( 11.86157260305304639, 86.62243282935034472, 0.000000000000000000 ) ) ;
#3543 = PLANE ( 'NONE',  #3611 ) ;
#3544 = AXIS2_PLACEMENT_3D ( 'NONE', #920, #4019, #1523 ) ;
#3545 = DIRECTION ( 'NONE',  ( -1.000000000000000000, 0.000000000000000000, 0.000000000000000000 ) ) ;
#3546 = CYLINDRICAL_SURFACE ( 'NONE', #1568, 2.749999999999995115 ) ;
#3547 = DIRECTION ( 'NONE',  ( 0.9428401836006544690, 0.3332452373071280172, -0.000000000000000000 ) ) ;
#3548 = ORIENTED_EDGE ( 'NONE', *, *, #909, .T. ) ;
#3549 = DIRECTION ( 'NONE',  ( 0.000000000000000000, 0.000000000000000000, 1.000000000000000000 ) ) ;
#3550 = VECTOR ( 'NONE', #2228, 1000.000000000000000 ) ;
#3551 = AXIS2_PLACEMENT_3D ( 'NONE', #1589, #3172, #3721 ) ;
#3552 =( GEOMETRIC_REPRESENTATION_CONTEXT ( 3 ) GLOBAL_UNCERTAINTY_ASSIGNED_CONTEXT ( ( #39 ) ) GLOBAL_UNIT_ASSIGNED_CONTEXT ( ( #2505, #885, #2152 ) ) REPRESENTATION_CONTEXT ( 'NONE', 'WORKASPACE' ) );
#3553 = DIRECTION ( 'NONE',  ( 1.000000000000000000, 0.000000000000000000, 0.000000000000000000 ) ) ;
#3554 = VECTOR ( 'NONE', #2445, 1000.000000000000114 ) ;
#3555 = ORIENTED_EDGE ( 'NONE', *, *, #2204, .T. ) ;
#3556 = DIRECTION ( 'NONE',  ( 0.000000000000000000, 0.000000000000000000, -1.000000000000000000 ) ) ;
#3557 = COORDINATED_UNIVERSAL_TIME_OFFSET ( 5, 30, .AHEAD. ) ;
#3558 = AXIS2_PLACEMENT_3D ( 'NONE', #444, #1468, #786 ) ;
#3559 = PLANE ( 'NONE',  #2209 ) ;
#3560 = ORIENTED_EDGE ( 'NONE', *, *, #2943, .F. ) ;
#3561 = AXIS2_PLACEMENT_3D ( 'NONE', #3237, #2909, #1070 ) ;
#3562 = DIRECTION ( 'NONE',  ( 1.000000000000000000, 0.000000000000000000, 0.000000000000000000 ) ) ;
#3563 = EDGE_CURVE ( 'NONE', #4099, #2380, #1280, .T. ) ;
#3564 = AXIS2_PLACEMENT_3D ( 'NONE', #931, #3466, #1262 ) ;
#3565 = ORIENTED_EDGE ( 'NONE', *, *, #712, .F. ) ;
#3566 = CYLINDRICAL_SURFACE ( 'NONE', #239, 2.499999999999998668 ) ;
#3567 = ORIENTED_EDGE ( 'NONE', *, *, #1521, .F. ) ;
#3568 = CIRCLE ( 'NONE', #1227, 1.000000000000002665 ) ;
#3569 = CYLINDRICAL_SURFACE ( 'NONE', #3412, 1.000000000000000000 ) ;
#3570 = ADVANCED_FACE ( 'NONE', ( #2705 ), #465, .T. ) ;
#3571 = CARTESIAN_POINT ( 'NONE',  ( 17.49999999999999645, 5.000000000000000000, -2.500000000000000444 ) ) ;
#3572 = ORIENTED_EDGE ( 'NONE', *, *, #3107, .F. ) ;
#3573 = ORIENTED_EDGE ( 'NONE', *, *, #3405, .F. ) ;
#3574 = DIRECTION ( 'NONE',  ( -1.000000000000000000, 0.000000000000000000, 0.000000000000000000 ) ) ;
#3575 = AXIS2_PLACEMENT_3D ( 'NONE', #54, #391, #3164 ) ;
#3576 = DIRECTION ( 'NONE',  ( -0.8119194573641626000, -0.5837694705562151976, 0.000000000000000000 ) ) ;
#3577 = CARTESIAN_POINT ( 'NONE',  ( 59.00000000000000000, 45.75000000000000000, 14.90000000000000036 ) ) ;
#3578 = ORIENTED_EDGE ( 'NONE', *, *, #2588, .T. ) ;
#3579 = LINE ( 'NONE', #720, #2679 ) ;
#3580 = APPROVAL_ROLE ( '' ) ;
#3581 = DIRECTION ( 'NONE',  ( -1.000000000000000000, 0.000000000000000000, 0.000000000000000000 ) ) ;
#3582 = EDGE_LOOP ( 'NONE', ( #6, #3654, #1776, #3149 ) ) ;
#3583 = CARTESIAN_POINT ( 'NONE',  ( 15.00000000000000000, 4.000000000000000000, 17.49999999999999645 ) ) ;
#3584 = VERTEX_POINT ( 'NONE', #1722 ) ;
#3585 = EDGE_CURVE ( 'NONE', #3987, #1507, #502, .T. ) ;
#3586 = ORIENTED_EDGE ( 'NONE', *, *, #1829, .T. ) ;
#3587 = DIRECTION ( 'NONE',  ( 1.000000000000000000, 0.000000000000000000, 0.000000000000000000 ) ) ;
#3588 = FACE_OUTER_BOUND ( 'NONE', #246, .T. ) ;
#3589 = EDGE_CURVE ( 'NONE', #3270, #1392, #1685, .T. ) ;
#3590 = DIRECTION ( 'NONE',  ( 0.7882269819968922286, -0.6153846153846153078, 0.000000000000000000 ) ) ;
#3591 = ORIENTED_EDGE ( 'NONE', *, *, #3197, .T. ) ;
#3592 = DIRECTION ( 'NONE',  ( 1.000000000000000000, 0.000000000000000000, 0.000000000000000000 ) ) ;
#3593 = DIRECTION ( 'NONE',  ( -0.000000000000000000, 0.000000000000000000, -1.000000000000000000 ) ) ;
#3594 = DIRECTION ( 'NONE',  ( 0.000000000000000000, 0.000000000000000000, -1.000000000000000000 ) ) ;
#3595 = VERTEX_POINT ( 'NONE', #4010 ) ;
#3596 = CARTESIAN_POINT ( 'NONE',  ( 9.999999999999994671, 47.75000000000000000, 14.90000000000000036 ) ) ;
#3597 = VERTEX_POINT ( 'NONE', #3945 ) ;
#3598 = DIRECTION ( 'NONE',  ( 0.000000000000000000, 0.000000000000000000, 1.000000000000000000 ) ) ;
#3599 = FACE_OUTER_BOUND ( 'NONE', #2959, .T. ) ;
#3600 = ORIENTED_EDGE ( 'NONE', *, *, #1181, .F. ) ;
#3601 = LINE ( 'NONE', #2314, #2543 ) ;
#3602 = ADVANCED_FACE ( 'NONE', ( #1102 ), #3351, .T. ) ;
#3603 = ORIENTED_EDGE ( 'NONE', *, *, #3887, .T. ) ;
#3604 = VERTEX_POINT ( 'NONE', #790 ) ;
#3605 = CARTESIAN_POINT ( 'NONE',  ( 15.00000000000000000, 1.000000000000000000, 17.49999999999999645 ) ) ;
#3606 = EDGE_CURVE ( 'NONE', #2774, #3326, #1425, .T. ) ;
#3607 = TOROIDAL_SURFACE ( 'NONE', #1610, 0.2000000000000018152, 1.800000000000000044 ) ;
#3608 = LINE ( 'NONE', #678, #3159 ) ;
#3609 = VERTEX_POINT ( 'NONE', #3684 ) ;
#3610 = CIRCLE ( 'NONE', #1871, 2.750000000000002665 ) ;
#3611 = AXIS2_PLACEMENT_3D ( 'NONE', #2014, #3624, #692 ) ;
#3612 = CARTESIAN_POINT ( 'NONE',  ( 0.000000000000000000, 5.000000000000000000, -14.99999999999999645 ) ) ;
#3613 = PLANE ( 'NONE',  #2676 ) ;
#3614 = ORGANIZATION ( 'UNSPECIFIED', 'UNSPECIFIED', '' ) ;
#3615 = EDGE_CURVE ( 'NONE', #1599, #1505, #3374, .T. ) ;
#3616 = AXIS2_PLACEMENT_3D ( 'NONE', #523, #3703, #1439 ) ;
#3617 = AXIS2_PLACEMENT_3D ( 'NONE', #74, #984, #1932 ) ;
#3618 = ORIENTED_EDGE ( 'NONE', *, *, #3398, .T. ) ;
#3619 = CIRCLE ( 'NONE', #1484, 1.800000000000002931 ) ;
#3620 = CARTESIAN_POINT ( 'NONE',  ( 10.14111589218697596, 86.61707502793581170, 15.00000000000000000 ) ) ;
#3621 = CARTESIAN_POINT ( 'NONE',  ( 12.49999999999999822, 5.000000000000000000, -14.99999999999999645 ) ) ;
#3622 = DIRECTION ( 'NONE',  ( -1.000000000000000000, 0.000000000000000000, 0.000000000000000000 ) ) ;
#3623 = TOROIDAL_SURFACE ( 'NONE', #2553, 0.2000000000000018152, 1.800000000000000044 ) ;
#3624 = DIRECTION ( 'NONE',  ( 0.000000000000000000, 0.000000000000000000, 1.000000000000000000 ) ) ;
#3625 = VERTEX_POINT ( 'NONE', #202 ) ;
#3626 = VERTEX_POINT ( 'NONE', #2527 ) ;
#3627 = AXIS2_PLACEMENT_3D ( 'NONE', #3810, #2597, #3545 ) ;
#3628 = ORIENTED_EDGE ( 'NONE', *, *, #1772, .T. ) ;
#3629 = CARTESIAN_POINT ( 'NONE',  ( 122.7353278856376306, 1.000000000000000000, 0.000000000000000000 ) ) ;
#3630 = CIRCLE ( 'NONE', #2424, 6.499999999999999112 ) ;
#3631 = DIRECTION ( 'NONE',  ( -0.9428401836006544690, 0.3332452373071279617, 0.000000000000000000 ) ) ;
#3632 = DIRECTION ( 'NONE',  ( 0.5837694705562177511, -0.8119194573641607127, 0.000000000000000000 ) ) ;
#3633 = EDGE_CURVE ( 'NONE', #2441, #3979, #3209, .T. ) ;
#3634 = ORIENTED_EDGE ( 'NONE', *, *, #2761, .T. ) ;
#3635 = VECTOR ( 'NONE', #275, 1000.000000000000000 ) ;
#3636 = CARTESIAN_POINT ( 'NONE',  ( 1.000000000000000000, 96.37013220366763733, 0.000000000000000000 ) ) ;
#3637 = EDGE_CURVE ( 'NONE', #2103, #3194, #2782, .T. ) ;
#3638 = ORIENTED_EDGE ( 'NONE', *, *, #1521, .T. ) ;
#3639 = ADVANCED_FACE ( 'NONE', ( #2850 ), #1419, .T. ) ;
#3640 = PLANE ( 'NONE',  #3016 ) ;
#3641 = CARTESIAN_POINT ( 'NONE',  ( 10.82667378073769093, 65.96402892503458304, 7.500000000000000000 ) ) ;
#3642 = ORIENTED_EDGE ( 'NONE', *, *, #3861, .F. ) ;
#3643 = DIRECTION ( 'NONE',  ( -0.000000000000000000, 0.000000000000000000, -1.000000000000000000 ) ) ;
#3644 = ORIENTED_EDGE ( 'NONE', *, *, #2355, .T. ) ;
#3645 = ORIENTED_EDGE ( 'NONE', *, *, #466, .F. ) ;
#3646 = DIRECTION ( 'NONE',  ( 0.000000000000000000, 0.000000000000000000, -1.000000000000000000 ) ) ;
#3647 = ORIENTED_EDGE ( 'NONE', *, *, #2079, .T. ) ;
#3648 = FACE_OUTER_BOUND ( 'NONE', #3714, .T. ) ;
#3649 = FACE_OUTER_BOUND ( 'NONE', #490, .T. ) ;
#3650 = CARTESIAN_POINT ( 'NONE',  ( 4.038461538461518785, 98.34069965865990071, 1.000000000000000888 ) ) ;
#3651 = ORIENTED_EDGE ( 'NONE', *, *, #3102, .F. ) ;
#3652 = CARTESIAN_POINT ( 'NONE',  ( 33.33350952538574319, 57.76443009086911928, 14.90000000000000036 ) ) ;
#3653 = ADVANCED_FACE ( 'NONE', ( #248 ), #339, .F. ) ;
#3654 = ORIENTED_EDGE ( 'NONE', *, *, #4036, .T. ) ;
#3655 = ORIENTED_EDGE ( 'NONE', *, *, #2974, .T. ) ;
#3656 = DIRECTION ( 'NONE',  ( -1.000000000000000000, 0.000000000000000000, 0.000000000000000000 ) ) ;
#3657 = EDGE_CURVE ( 'NONE', #3086, #2519, #1241, .T. ) ;
#3658 = EDGE_CURVE ( 'NONE', #2607, #1780, #865, .T. ) ;
#3659 = DIRECTION ( 'NONE',  ( 0.000000000000000000, 0.000000000000000000, 1.000000000000000000 ) ) ;
#3660 = FACE_BOUND ( 'NONE', #2078, .T. ) ;
#3661 = EDGE_CURVE ( 'NONE', #342, #882, #294, .T. ) ;
#3662 = ORIENTED_EDGE ( 'NONE', *, *, #3166, .T. ) ;
#3663 = CARTESIAN_POINT ( 'NONE',  ( 17.49999999999999645, 1.000000000000000000, 0.000000000000000000 ) ) ;
#3664 = EDGE_LOOP ( 'NONE', ( #2668, #1962, #550, #3391 ) ) ;
#3665 = LINE ( 'NONE', #1423, #3088 ) ;
#3666 = DIRECTION ( 'NONE',  ( 0.000000000000000000, 0.000000000000000000, 1.000000000000000000 ) ) ;
#3667 = CARTESIAN_POINT ( 'NONE',  ( 7.000000000000000888, 21.24999999999999645, 14.90000000000000036 ) ) ;
#3668 = ORIENTED_EDGE ( 'NONE', *, *, #1065, .F. ) ;
#3669 = FACE_OUTER_BOUND ( 'NONE', #3814, .T. ) ;
#3670 = VECTOR ( 'NONE', #228, 1000.000000000000000 ) ;
#3671 = ORIENTED_EDGE ( 'NONE', *, *, #2790, .F. ) ;
#3672 = CIRCLE ( 'NONE', #2462, 1.000000000000000000 ) ;
#3673 = AXIS2_PLACEMENT_3D ( 'NONE', #1180, #3101, #249 ) ;
#3674 = VERTEX_POINT ( 'NONE', #4093 ) ;
#3675 = EDGE_CURVE ( 'NONE', #3041, #330, #562, .T. ) ;
#3676 = CARTESIAN_POINT ( 'NONE',  ( 13.99999999999999822, 4.000000000000000000, 17.49999999999999645 ) ) ;
#3677 = VECTOR ( 'NONE', #3499, 1000.000000000000114 ) ;
#3678 = VECTOR ( 'NONE', #3168, 1000.000000000000000 ) ;
#3679 = DIRECTION ( 'NONE',  ( 0.000000000000000000, 0.000000000000000000, -1.000000000000000000 ) ) ;
#3680 = VECTOR ( 'NONE', #1198, 1000.000000000000114 ) ;
#3681 = AXIS2_PLACEMENT_3D ( 'NONE', #750, #1710, #3104 ) ;
#3682 = EDGE_LOOP ( 'NONE', ( #2576, #438, #2132, #2578 ) ) ;
#3683 = ADVANCED_FACE ( 'NONE', ( #2222 ), #1179, .F. ) ;
#3684 = CARTESIAN_POINT ( 'NONE',  ( 15.00000000000000000, 1.000000000000000000, -2.500000000000000444 ) ) ;
#3685 = CIRCLE ( 'NONE', #3748, 1.000000000000000888 ) ;
#3686 = CARTESIAN_POINT ( 'NONE',  ( 29.29199724987868692, 78.62475778427555895, 7.500000000000000000 ) ) ;
#3687 = ORIENTED_EDGE ( 'NONE', *, *, #3394, .F. ) ;
#3688 = EDGE_CURVE ( 'NONE', #2353, #1889, #2196, .T. ) ;
#3689 = VECTOR ( 'NONE', #3631, 1000.000000000000227 ) ;
#3690 = DIRECTION ( 'NONE',  ( 1.000000000000000000, 0.000000000000000000, 0.000000000000000000 ) ) ;
#3691 = AXIS2_PLACEMENT_3D ( 'NONE', #2936, #367, #1913 ) ;
#3692 = DIRECTION ( 'NONE',  ( 0.000000000000000000, 0.000000000000000000, 1.000000000000000000 ) ) ;
#3693 = EDGE_LOOP ( 'NONE', ( #2954, #19, #1240, #1463 ) ) ;
#3694 = DIRECTION ( 'NONE',  ( 0.000000000000000000, 0.000000000000000000, 1.000000000000000000 ) ) ;
#3695 = AXIS2_PLACEMENT_3D ( 'NONE', #85, #1985, #1075 ) ;
#3696 = EDGE_LOOP ( 'NONE', ( #1499, #2622, #2461, #86 ) ) ;
#3697 = CIRCLE ( 'NONE', #2489, 0.7999999999999951594 ) ;
#3698 = VERTEX_POINT ( 'NONE', #647 ) ;
#3699 = DIRECTION ( 'NONE',  ( 0.000000000000000000, 0.000000000000000000, -1.000000000000000000 ) ) ;
#3700 = CIRCLE ( 'NONE', #316, 2.000000000000001776 ) ;
#3701 = CYLINDRICAL_SURFACE ( 'NONE', #3034, 1.800000000000002931 ) ;
#3702 = PLANE ( 'NONE',  #3551 ) ;
#3703 = DIRECTION ( 'NONE',  ( 0.000000000000000000, 1.000000000000000000, 0.000000000000000000 ) ) ;
#3704 = EDGE_CURVE ( 'NONE', #2352, #2500, #2459, .T. ) ;
#3705 = CARTESIAN_POINT ( 'NONE',  ( 15.00000000000000000, 1.000000000000000000, 17.49999999999998579 ) ) ;
#3706 = ORIENTED_EDGE ( 'NONE', *, *, #2023, .F. ) ;
#3707 = CARTESIAN_POINT ( 'NONE',  ( 13.99999999999999822, 1.000000000000000000, 27.50000000000000000 ) ) ;
#3708 = EDGE_CURVE ( 'NONE', #2829, #3289, #3214, .T. ) ;
#3709 = EDGE_CURVE ( 'NONE', #189, #327, #101, .T. ) ;
#3710 = CARTESIAN_POINT ( 'NONE',  ( 47.73938099419588355, 34.32457852178725943, 15.00000000000000000 ) ) ;
#3711 = DIRECTION ( 'NONE',  ( 0.000000000000000000, 0.000000000000000000, 1.000000000000000000 ) ) ;
#3712 = DIRECTION ( 'NONE',  ( -1.000000000000000000, 0.000000000000000000, 0.000000000000000000 ) ) ;
#3713 = DIRECTION ( 'NONE',  ( -1.000000000000000000, -1.156482317317869871E-14, 0.000000000000000000 ) ) ;
#3714 = EDGE_LOOP ( 'NONE', ( #3017, #536, #2710, #2907 ) ) ;
#3715 = CARTESIAN_POINT ( 'NONE',  ( 20.41138607136470284, 79.01367605842111175, 7.500000000000000000 ) ) ;
#3716 = ORIENTED_EDGE ( 'NONE', *, *, #1422, .F. ) ;
#3717 = ORIENTED_EDGE ( 'NONE', *, *, #1184, .T. ) ;
#3718 = CARTESIAN_POINT ( 'NONE',  ( 0.000000000000000000, 0.000000000000000000, 0.000000000000000000 ) ) ;
#3719 = DIRECTION ( 'NONE',  ( 0.000000000000000000, 0.000000000000000000, -1.000000000000000000 ) ) ;
#3720 = ORIENTED_EDGE ( 'NONE', *, *, #1368, .F. ) ;
#3721 = DIRECTION ( 'NONE',  ( 0.5837694705562167519, -0.8119194573641614898, 0.000000000000000000 ) ) ;
#3722 = DIRECTION ( 'NONE',  ( -1.000000000000000000, 0.000000000000000000, 0.000000000000000000 ) ) ;
#3723 = CARTESIAN_POINT ( 'NONE',  ( 12.49999999999999822, 4.000000000000000000, 27.50000000000000000 ) ) ;
#3724 = ORIENTED_EDGE ( 'NONE', *, *, #605, .F. ) ;
#3725 = CC_DESIGN_PERSON_AND_ORGANIZATION_ASSIGNMENT ( #1590, #3530, ( #3116 ) ) ;
#3726 = CARTESIAN_POINT ( 'NONE',  ( 61.00000000000000000, 21.24999999999999645, -36.19999999999999574 ) ) ;
#3727 = CARTESIAN_POINT ( 'NONE',  ( 6.031178360432376095, 81.19873455459207889, 15.00000000000000000 ) ) ;
#3728 = DIRECTION ( 'NONE',  ( 1.000000000000000000, 0.000000000000000000, 0.000000000000000000 ) ) ;
#3729 = ORIENTED_EDGE ( 'NONE', *, *, #1374, .F. ) ;
#3730 = DIRECTION ( 'NONE',  ( 0.000000000000000000, 0.000000000000000000, -1.000000000000000000 ) ) ;
#3731 = EDGE_CURVE ( 'NONE', #330, #3962, #1220, .T. ) ;
#3732 = EDGE_LOOP ( 'NONE', ( #3746, #443, #3644, #1553 ) ) ;
#3733 = ORIENTED_EDGE ( 'NONE', *, *, #883, .T. ) ;
#3734 = EDGE_CURVE ( 'NONE', #1381, #1889, #1944, .T. ) ;
#3735 = CARTESIAN_POINT ( 'NONE',  ( 59.00000000000000000, 47.75000000000000000, -36.19999999999999574 ) ) ;
#3736 = VECTOR ( 'NONE', #2600, 1000.000000000000000 ) ;
#3737 = DIRECTION ( 'NONE',  ( 0.000000000000000000, 0.000000000000000000, -1.000000000000000000 ) ) ;
#3738 = ORIENTED_EDGE ( 'NONE', *, *, #3734, .F. ) ;
#3739 = TOROIDAL_SURFACE ( 'NONE', #1087, 1.500000000000000000, 1.000000000000000000 ) ;
#3740 = CIRCLE ( 'NONE', #3409, 2.750000000000002665 ) ;
#3741 = DIRECTION ( 'NONE',  ( 1.000000000000000000, 0.000000000000000000, 0.000000000000000000 ) ) ;
#3742 = CARTESIAN_POINT ( 'NONE',  ( 1.000000000000000000, 0.000000000000000000, 13.99999999999999822 ) ) ;
#3743 = VECTOR ( 'NONE', #1908, 1000.000000000000000 ) ;
#3744 = AXIS2_PLACEMENT_3D ( 'NONE', #3652, #1189, #3031 ) ;
#3745 = DIRECTION ( 'NONE',  ( 0.000000000000000000, 0.000000000000000000, 1.000000000000000000 ) ) ;
#3746 = ORIENTED_EDGE ( 'NONE', *, *, #1470, .F. ) ;
#3747 = DIRECTION ( 'NONE',  ( 1.000000000000000000, 0.000000000000000000, 0.000000000000000000 ) ) ;
#3748 = AXIS2_PLACEMENT_3D ( 'NONE', #1784, #2739, #3323 ) ;
#3749 = CARTESIAN_POINT ( 'NONE',  ( 21.17833289409140818, 62.52994483663091074, 15.00000000000000000 ) ) ;
#3750 = CARTESIAN_POINT ( 'NONE',  ( 21.17833289409140818, 62.52994483663091074, 0.000000000000000000 ) ) ;
#3751 = CIRCLE ( 'NONE', #1491, 2.499999999999998668 ) ;
#3752 = DIRECTION ( 'NONE',  ( -1.000000000000000000, 2.602085213965208275E-15, 0.000000000000000000 ) ) ;
#3753 = ORIENTED_EDGE ( 'NONE', *, *, #126, .F. ) ;
#3754 = CIRCLE ( 'NONE', #2092, 1.800000000000002931 ) ;
#3755 = ORIENTED_EDGE ( 'NONE', *, *, #4031, .T. ) ;
#3756 = ADVANCED_FACE ( 'NONE', ( #2486 ), #1512, .F. ) ;
#3757 = ORIENTED_EDGE ( 'NONE', *, *, #3657, .T. ) ;
#3758 = CIRCLE ( 'NONE', #1768, 1.800000000000002931 ) ;
#3759 = DIRECTION ( 'NONE',  ( 0.8119194573641608237, 0.5837694705562175290, 0.000000000000000000 ) ) ;
#3760 = AXIS2_PLACEMENT_3D ( 'NONE', #2692, #1758, #3666 ) ;
#3761 = CARTESIAN_POINT ( 'NONE',  ( 7.500000000000003553, 19.74999999999999645, -38.00000000000000000 ) ) ;
#3762 = ADVANCED_FACE ( 'NONE', ( #587 ), #2180, .T. ) ;
#3763 = EDGE_CURVE ( 'NONE', #656, #3962, #2685, .T. ) ;
#3764 = ORIENTED_EDGE ( 'NONE', *, *, #4101, .T. ) ;
#3765 = AXIS2_PLACEMENT_3D ( 'NONE', #2847, #3737, #1593 ) ;
#3766 = CARTESIAN_POINT ( 'NONE',  ( 9.999999999999994671, 44.21411568847982920, 14.90000000000000036 ) ) ;
#3767 = DIRECTION ( 'NONE',  ( -0.000000000000000000, -1.000000000000000000, -0.000000000000000000 ) ) ;
#3768 = DIRECTION ( 'NONE',  ( 0.000000000000000000, 1.000000000000000000, -0.000000000000000000 ) ) ;
#3769 = EDGE_LOOP ( 'NONE', ( #3090, #123, #3628, #3065 ) ) ;
#3770 = DIRECTION ( 'NONE',  ( 1.000000000000000000, 0.000000000000000000, -0.000000000000000000 ) ) ;
#3771 = CARTESIAN_POINT ( 'NONE',  ( 25.94852159456643292, 64.97438746468752413, -0.000000000000000000 ) ) ;
#3772 = CARTESIAN_POINT ( 'NONE',  ( 36.74999999999999289, 53.49999999999999289, 9.400000000000000355 ) ) ;
#3773 = VERTEX_POINT ( 'NONE', #383 ) ;
#3774 = CARTESIAN_POINT ( 'NONE',  ( 2.500000000000000000, 0.000000000000000000, 29.00000000000000355 ) ) ;
#3775 = CARTESIAN_POINT ( 'NONE',  ( 60.49999999999998579, 49.25000000000000000, -38.00000000000000000 ) ) ;
#3776 = VERTEX_POINT ( 'NONE', #65 ) ;
#3777 = EDGE_CURVE ( 'NONE', #3625, #2975, #2285, .T. ) ;
#3778 = LINE ( 'NONE', #1278, #510 ) ;
#3779 = EDGE_LOOP ( 'NONE', ( #2173, #3167 ) ) ;
#3780 = CARTESIAN_POINT ( 'NONE',  ( 17.49999999999999645, 1.000000000000000000, 1.000000000000000000 ) ) ;
#3781 = EDGE_CURVE ( 'NONE', #2168, #190, #3619, .T. ) ;
#3782 = DIRECTION ( 'NONE',  ( -0.8119194573641616008, -0.5837694705562165298, 0.000000000000000000 ) ) ;
#3783 = ORIENTED_EDGE ( 'NONE', *, *, #478, .F. ) ;
#3784 = EDGE_LOOP ( 'NONE', ( #2432, #198, #3504, #2805 ) ) ;
#3785 = CARTESIAN_POINT ( 'NONE',  ( 8.799999999999998934, 45.75000000000000000, -38.00000000000000000 ) ) ;
#3786 = EDGE_CURVE ( 'NONE', #3979, #2656, #2245, .T. ) ;
#3787 = DIRECTION ( 'NONE',  ( 1.000000000000000000, 0.000000000000000000, 0.000000000000000000 ) ) ;
#3788 = DIRECTION ( 'NONE',  ( 1.000000000000000000, -0.000000000000000000, 0.000000000000000000 ) ) ;
#3789 = ORIENTED_EDGE ( 'NONE', *, *, #418, .T. ) ;
#3790 = DIRECTION ( 'NONE',  ( 0.000000000000000000, 0.000000000000000000, 1.000000000000000000 ) ) ;
#3791 = LINE ( 'NONE', #941, #1763 ) ;
#3792 = ORIENTED_EDGE ( 'NONE', *, *, #3120, .T. ) ;
#3793 = FACE_OUTER_BOUND ( 'NONE', #791, .T. ) ;
#3794 = DIRECTION ( 'NONE',  ( -1.000000000000000000, 0.000000000000000000, 0.000000000000000000 ) ) ;
#3795 = DIRECTION ( 'NONE',  ( 0.000000000000000000, 0.000000000000000000, -1.000000000000000000 ) ) ;
#3796 = CARTESIAN_POINT ( 'NONE',  ( 7.005481709269371748, 81.89925791925952581, 15.00000000000000000 ) ) ;
#3797 = EDGE_CURVE ( 'NONE', #1223, #210, #2643, .T. ) ;
#3798 = ORIENTED_EDGE ( 'NONE', *, *, #386, .T. ) ;
#3799 = CARTESIAN_POINT ( 'NONE',  ( 2.500000000000000000, 96.37013220366763733, 13.99999999999999822 ) ) ;
#3800 = DIRECTION ( 'NONE',  ( 0.8119194573641613788, 0.5837694705562169739, 0.000000000000000000 ) ) ;
#3801 = AXIS2_PLACEMENT_3D ( 'NONE', #838, #302, #3713 ) ;
#3802 = ORIENTED_EDGE ( 'NONE', *, *, #2381, .T. ) ;
#3803 = EDGE_CURVE ( 'NONE', #175, #3996, #356, .T. ) ;
#3804 = AXIS2_PLACEMENT_3D ( 'NONE', #2900, #3922, #2370 ) ;
#3805 = DIRECTION ( 'NONE',  ( 1.000000000000000000, 0.000000000000000000, 0.000000000000000000 ) ) ;
#3806 = LOCAL_TIME ( 22, 54, 30.00000000000000000, #1984 ) ;
#3807 = AXIS2_PLACEMENT_3D ( 'NONE', #1117, #2386, #479 ) ;
#3808 = FACE_OUTER_BOUND ( 'NONE', #3211, .T. ) ;
#3809 = ORIENTED_EDGE ( 'NONE', *, *, #1151, .F. ) ;
#3810 = CARTESIAN_POINT ( 'NONE',  ( 34.00000000000000000, 11.12125027633221208, 15.00000000000000000 ) ) ;
#3811 = CARTESIAN_POINT ( 'NONE',  ( 122.7353278856376306, 1.000000000000000000, 15.00000000000000000 ) ) ;
#3812 = EDGE_CURVE ( 'NONE', #3150, #2187, #2350, .T. ) ;
#3813 = CARTESIAN_POINT ( 'NONE',  ( 33.99999999999998579, 53.49999999999999289, 9.400000000000000355 ) ) ;
#3814 = EDGE_LOOP ( 'NONE', ( #671, #2674, #1481, #1175 ) ) ;
#3815 = DIRECTION ( 'NONE',  ( 0.000000000000000000, 0.000000000000000000, 1.000000000000000000 ) ) ;
#3816 = PERSON ( 'UNSPECIFIED', 'UNSPECIFIED', 'UNSPECIFIED', ('UNSPECIFIED'), ('UNSPECIFIED'), ('UNSPECIFIED') ) ;
#3817 = CYLINDRICAL_SURFACE ( 'NONE', #3032, 2.500000000000000444 ) ;
#3818 = ORIENTED_EDGE ( 'NONE', *, *, #609, .F. ) ;
#3819 = ORIENTED_EDGE ( 'NONE', *, *, #966, .T. ) ;
#3820 = CARTESIAN_POINT ( 'NONE',  ( 8.799999999999998934, 47.25000000000000000, -38.00000000000000000 ) ) ;
#3821 = AXIS2_PLACEMENT_3D ( 'NONE', #2415, #3690, #155 ) ;
#3822 = CALENDAR_DATE ( 2024, 25, 6 ) ;
#3823 = DIRECTION ( 'NONE',  ( -0.000000000000000000, 1.000000000000000000, -0.000000000000000000 ) ) ;
#3824 = CIRCLE ( 'NONE', #3627, 1.999999999999994893 ) ;
#3825 = ORIENTED_EDGE ( 'NONE', *, *, #2330, .T. ) ;
#3826 = LINE ( 'NONE', #1968, #3877 ) ;
#3827 = CARTESIAN_POINT ( 'NONE',  ( 6.999999999999999112, 45.75000000000000000, -8.000000000000000000 ) ) ;
#3828 = TOROIDAL_SURFACE ( 'NONE', #3954, 1.500000000000000000, 1.000000000000000000 ) ;
#3829 = ORIENTED_EDGE ( 'NONE', *, *, #2330, .F. ) ;
#3830 = AXIS2_PLACEMENT_3D ( 'NONE', #1099, #168, #1437 ) ;
#3831 = LINE ( 'NONE', #1245, #3677 ) ;
#3832 = EDGE_CURVE ( 'NONE', #995, #591, #1215, .T. ) ;
#3833 = CARTESIAN_POINT ( 'NONE',  ( 27.62334830807091279, 64.70060748051797361, 0.000000000000000000 ) ) ;
#3834 = CARTESIAN_POINT ( 'NONE',  ( 15.00000000000000000, 4.000000000000000000, -14.99999999999999645 ) ) ;
#3835 = VERTEX_POINT ( 'NONE', #2870 ) ;
#3836 = FACE_OUTER_BOUND ( 'NONE', #1230, .T. ) ;
#3837 = EDGE_CURVE ( 'NONE', #3536, #1787, #2413, .T. ) ;
#3838 = EDGE_CURVE ( 'NONE', #2090, #1782, #624, .T. ) ;
#3839 = FACE_OUTER_BOUND ( 'NONE', #1150, .T. ) ;
#3840 = ORIENTED_EDGE ( 'NONE', *, *, #2953, .F. ) ;
#3841 = DIRECTION ( 'NONE',  ( 0.000000000000000000, 0.000000000000000000, 1.000000000000000000 ) ) ;
#3842 = EDGE_CURVE ( 'NONE', #190, #1943, #420, .T. ) ;
#3843 = APPLICATION_CONTEXT ( 'configuration controlled 3d designs of mechanical parts and assemblies' ) ;
#3844 = CARTESIAN_POINT ( 'NONE',  ( 23.33023342414577783, 74.95407877160032228, 7.500000000000000000 ) ) ;
#3845 = ORIENTED_EDGE ( 'NONE', *, *, #1399, .T. ) ;
#3846 = CARTESIAN_POINT ( 'NONE',  ( 2.500000000000000000, 96.37013220366763733, 0.000000000000000000 ) ) ;
#3847 = ORIENTED_EDGE ( 'NONE', *, *, #4083, .T. ) ;
#3848 = CARTESIAN_POINT ( 'NONE',  ( 2.500000000000000000, 96.37013220366763733, 13.99999999999999822 ) ) ;
#3849 = ORIENTED_EDGE ( 'NONE', *, *, #2766, .T. ) ;
#3850 = DIRECTION ( 'NONE',  ( 0.5837694705562167519, -0.8119194573641613788, 0.000000000000000000 ) ) ;
#3851 = DIRECTION ( 'NONE',  ( 0.000000000000000000, 1.000000000000000000, 0.000000000000000000 ) ) ;
#3852 = CARTESIAN_POINT ( 'NONE',  ( 2.500000000000000000, 96.37013220366763733, 15.00000000000000000 ) ) ;
#3853 = FACE_OUTER_BOUND ( 'NONE', #3154, .T. ) ;
#3854 = EDGE_CURVE ( 'NONE', #747, #1599, #3349, .T. ) ;
#3855 = ORIENTED_EDGE ( 'NONE', *, *, #762, .T. ) ;
#3856 = LINE ( 'NONE', #1005, #3481 ) ;
#3857 = LINE ( 'NONE', #673, #3021 ) ;
#3858 = EDGE_CURVE ( 'NONE', #1967, #3884, #3826, .T. ) ;
#3859 = ORIENTED_EDGE ( 'NONE', *, *, #2317, .F. ) ;
#3860 = DIRECTION ( 'NONE',  ( 0.000000000000000000, -1.000000000000000000, 0.000000000000000000 ) ) ;
#3861 = EDGE_CURVE ( 'NONE', #3045, #3979, #3417, .T. ) ;
#3862 = ORIENTED_EDGE ( 'NONE', *, *, #1062, .T. ) ;
#3863 = DIRECTION ( 'NONE',  ( -0.8119194573641607127, -0.5837694705562177511, 0.000000000000000000 ) ) ;
#3864 = ORIENTED_EDGE ( 'NONE', *, *, #3803, .F. ) ;
#3865 = CARTESIAN_POINT ( 'NONE',  ( 1.000000000000000000, 0.000000000000000000, -12.49999999999999645 ) ) ;
#3866 = VERTEX_POINT ( 'NONE', #1039 ) ;
#3867 = AXIS2_PLACEMENT_3D ( 'NONE', #2232, #3503, #9 ) ;
#3868 = DIRECTION ( 'NONE',  ( -0.000000000000000000, -0.000000000000000000, -1.000000000000000000 ) ) ;
#3869 = CARTESIAN_POINT ( 'NONE',  ( 1.000000000000000000, 4.000000000000000000, -12.49999999999999645 ) ) ;
#3870 = CIRCLE ( 'NONE', #2006, 2.750000000000002665 ) ;
#3871 = DIRECTION ( 'NONE',  ( -1.000000000000000000, 0.000000000000000000, 0.000000000000000000 ) ) ;
#3872 = ORIENTED_EDGE ( 'NONE', *, *, #1114, .F. ) ;
#3873 = DIRECTION ( 'NONE',  ( 0.000000000000000000, 0.000000000000000000, 1.000000000000000000 ) ) ;
#3874 = VECTOR ( 'NONE', #729, 1000.000000000000000 ) ;
#3875 = VECTOR ( 'NONE', #258, 1000.000000000000000 ) ;
#3876 = DIRECTION ( 'NONE',  ( -1.000000000000000000, 0.000000000000000000, 0.000000000000000000 ) ) ;
#3877 = VECTOR ( 'NONE', #3863, 1000.000000000000114 ) ;
#3878 = AXIS2_PLACEMENT_3D ( 'NONE', #2708, #2076, #3055 ) ;
#3879 = ORIENTED_EDGE ( 'NONE', *, *, #3708, .T. ) ;
#3880 = DIRECTION ( 'NONE',  ( 1.000000000000000000, 0.000000000000000000, 0.000000000000000000 ) ) ;
#3881 = COORDINATED_UNIVERSAL_TIME_OFFSET ( 5, 30, .AHEAD. ) ;
#3882 = VECTOR ( 'NONE', #3981, 1000.000000000000000 ) ;
#3883 = ADVANCED_FACE ( 'NONE', ( #46 ), #2931, .T. ) ;
#3884 = VERTEX_POINT ( 'NONE', #3221 ) ;
#3885 = DIRECTION ( 'NONE',  ( -0.8119194573641616008, -0.5837694705562165298, 0.000000000000000000 ) ) ;
#3886 = EDGE_CURVE ( 'NONE', #2041, #3597, #1148, .T. ) ;
#3887 = EDGE_CURVE ( 'NONE', #3926, #1259, #1644, .T. ) ;
#3888 = VECTOR ( 'NONE', #3893, 1000.000000000000000 ) ;
#3889 = ORIENTED_EDGE ( 'NONE', *, *, #1421, .T. ) ;
#3890 = DIRECTION ( 'NONE',  ( 0.000000000000000000, 0.000000000000000000, -1.000000000000000000 ) ) ;
#3891 = EDGE_LOOP ( 'NONE', ( #2932, #2244, #3033, #4084, #2529, #770, #1631, #3105 ) ) ;
#3892 = CYLINDRICAL_SURFACE ( 'NONE', #886, 2.500000000000000444 ) ;
#3893 = DIRECTION ( 'NONE',  ( -0.000000000000000000, 1.000000000000000000, -0.000000000000000000 ) ) ;
#3894 = VECTOR ( 'NONE', #3823, 1000.000000000000000 ) ;
#3895 = ORIENTED_EDGE ( 'NONE', *, *, #2360, .T. ) ;
#3896 = VERTEX_POINT ( 'NONE', #1016 ) ;
#3897 = DIRECTION ( 'NONE',  ( -0.5837694705562173070, 0.8119194573641610457, 0.000000000000000000 ) ) ;
#3898 = TOROIDAL_SURFACE ( 'NONE', #3575, 1.500000000000000000, 1.000000000000000000 ) ;
#3899 = CARTESIAN_POINT ( 'NONE',  ( 59.19999999999999574, 21.24999999999999645, -36.19999999999999574 ) ) ;
#3900 = ORIENTED_EDGE ( 'NONE', *, *, #2241, .T. ) ;
#3901 = DIRECTION ( 'NONE',  ( 0.000000000000000000, 0.000000000000000000, -1.000000000000000000 ) ) ;
#3902 = ORIENTED_EDGE ( 'NONE', *, *, #3763, .F. ) ;
#3903 = EDGE_CURVE ( 'NONE', #3103, #3987, #1345, .T. ) ;
#3904 = DIRECTION ( 'NONE',  ( -0.000000000000000000, -1.000000000000000000, -0.000000000000000000 ) ) ;
#3905 = VERTEX_POINT ( 'NONE', #3583 ) ;
#3906 = EDGE_CURVE ( 'NONE', #968, #3866, #723, .T. ) ;
#3907 = DIRECTION ( 'NONE',  ( -1.000000000000000000, 5.782411586589358033E-15, 0.000000000000000000 ) ) ;
#3908 = EDGE_LOOP ( 'NONE', ( #3560, #2417, #2962, #2542 ) ) ;
#3909 = ORIENTED_EDGE ( 'NONE', *, *, #505, .T. ) ;
#3910 = EDGE_CURVE ( 'NONE', #3698, #2024, #2093, .T. ) ;
#3911 = CARTESIAN_POINT ( 'NONE',  ( 59.66622618653565269, 18.07168339351690989, 14.90000000000000036 ) ) ;
#3912 = LINE ( 'NONE', #1069, #309 ) ;
#3913 = CARTESIAN_POINT ( 'NONE',  ( 13.99999999999999822, 1.000000000000000000, 15.00000000000000000 ) ) ;
#3914 = CYLINDRICAL_SURFACE ( 'NONE', #3760, 2.000000000000001776 ) ;
#3915 = ORIENTED_EDGE ( 'NONE', *, *, #1185, .T. ) ;
#3916 = CARTESIAN_POINT ( 'NONE',  ( 9.000000000000001776, 47.75000000000000000, -36.19999999999999574 ) ) ;
#3917 = ORIENTED_EDGE ( 'NONE', *, *, #272, .F. ) ;
#3918 = DIRECTION ( 'NONE',  ( 1.000000000000000000, -0.000000000000000000, 0.000000000000000000 ) ) ;
#3919 = LINE ( 'NONE', #2034, #2095 ) ;
#3920 = VERTEX_POINT ( 'NONE', #199 ) ;
#3921 = DIRECTION ( 'NONE',  ( 0.3332452373071280172, 0.9428401836006545800, -0.000000000000000000 ) ) ;
#3922 = DIRECTION ( 'NONE',  ( -0.000000000000000000, -0.000000000000000000, 1.000000000000000000 ) ) ;
#3923 = EDGE_LOOP ( 'NONE', ( #1250, #3383, #2438, #3720 ) ) ;
#3924 = EDGE_CURVE ( 'NONE', #1447, #3625, #498, .T. ) ;
#3925 = CYLINDRICAL_SURFACE ( 'NONE', #2135, 2.249999999999995559 ) ;
#3926 = VERTEX_POINT ( 'NONE', #2993 ) ;
#3927 = PLANE ( 'NONE',  #1808 ) ;
#3928 = AXIS2_PLACEMENT_3D ( 'NONE', #3813, #2858, #1605 ) ;
#3929 = EDGE_CURVE ( 'NONE', #1787, #3536, #1760, .T. ) ;
#3930 = EDGE_CURVE ( 'NONE', #3776, #1388, #3685, .T. ) ;
#3931 = DIRECTION ( 'NONE',  ( 0.000000000000000000, 0.000000000000000000, 1.000000000000000000 ) ) ;
#3932 = CYLINDRICAL_SURFACE ( 'NONE', #118, 2.249999999999996447 ) ;
#3933 = ORIENTED_EDGE ( 'NONE', *, *, #4027, .T. ) ;
#3934 = AXIS2_PLACEMENT_3D ( 'NONE', #3517, #1287, #2834 ) ;
#3935 = VECTOR ( 'NONE', #2845, 1000.000000000000000 ) ;
#3936 = DIRECTION ( 'NONE',  ( 1.000000000000000000, 0.000000000000000000, -0.000000000000000000 ) ) ;
#3937 = CARTESIAN_POINT ( 'NONE',  ( 9.999999999999994671, 44.21411568847982920, 14.90000000000000036 ) ) ;
#3938 = VECTOR ( 'NONE', #3300, 1000.000000000000114 ) ;
#3939 = AXIS2_PLACEMENT_3D ( 'NONE', #2965, #3549, #2318 ) ;
#3940 = ORIENTED_EDGE ( 'NONE', *, *, #459, .T. ) ;
#3941 = DIRECTION ( 'NONE',  ( -1.000000000000000000, 0.000000000000000000, 0.000000000000000000 ) ) ;
#3942 = LINE ( 'NONE', #222, #2301 ) ;
#3943 = CLOSED_SHELL ( 'NONE', ( #2821, #4090, #1673, #2361, #2530, #2996, #2048, #3361, #1449, #1014, #836, #3272, #2848, #2896, #2938, #3176, #1888, #1821, #1316, #3024, #150, #1777, #2567, #2017, #3050, #3756, #1999, #2149, #3348, #3653, #3066, #1847, #1693, #959, #3500, #733, #1720, #3883, #3762, #4059, #1953, #2326, #534, #2479, #511, #653, #3484, #873, #1157, #106, #3025, #1842, #1452, #2904, #2470, #484, #4058, #2918, #3434, #3428, #428, #2401, #1759, #29, #3043, #337, #826, #197, #527, #3170, #2789, #602, #3226, #2649, #3227, #3639, #3381, #131, #2265, #3570, #3324, #1309, #2181, #2385, #1135, #2502, #1132, #3234, #2313, #1128, #3539, #2484, #297, #583, #2981, #637, #2029, #1500, #193, #1214, #3602, #784, #365, #100, #992, #2365, #2876, #991, #247, #3400, #1574, #3683, #3309, #858, #4003, #1617, #1749, #683, #1991, #2236, #1750, #3376, #3125, #3455, #4052, #1569, #853, #728, #4011, #3018, #985, #2689, #1649, #3964, #1256, #81, #512 ) ) ;
#3944 = ORIENTED_EDGE ( 'NONE', *, *, #3930, .T. ) ;
#3945 = CARTESIAN_POINT ( 'NONE',  ( 31.24999999999998579, 53.49999999999999289, 14.90000000000000036 ) ) ;
#3946 = CARTESIAN_POINT ( 'NONE',  ( 7.000000000000000888, 21.24999999999999645, -36.19999999999999574 ) ) ;
#3947 = AXIS2_PLACEMENT_3D ( 'NONE', #3577, #2302, #121 ) ;
#3948 = ORIENTED_EDGE ( 'NONE', *, *, #3563, .T. ) ;
#3949 = CIRCLE ( 'NONE', #380, 2.750000000000002665 ) ;
#3950 = CARTESIAN_POINT ( 'NONE',  ( 12.49999999999999822, 0.000000000000000000, 29.00000000000000000 ) ) ;
#3951 = ORIENTED_EDGE ( 'NONE', *, *, #3978, .F. ) ;
#3952 = EDGE_CURVE ( 'NONE', #2266, #979, #2625, .T. ) ;
#3953 = CARTESIAN_POINT ( 'NONE',  ( 9.000000000000001776, 21.24999999999999645, 14.90000000000000036 ) ) ;
#3954 = AXIS2_PLACEMENT_3D ( 'NONE', #1663, #2325, #145 ) ;
#3955 = CARTESIAN_POINT ( 'NONE',  ( 33.33350952538574319, 57.76443009086911928, 14.90000000000000036 ) ) ;
#3956 = DIRECTION ( 'NONE',  ( -0.000000000000000000, -0.000000000000000000, -1.000000000000000000 ) ) ;
#3957 = EDGE_LOOP ( 'NONE', ( #1656, #2811, #1880, #1686 ) ) ;
#3958 = VECTOR ( 'NONE', #140, 1000.000000000000000 ) ;
#3959 = DIRECTION ( 'NONE',  ( 1.000000000000000000, 0.000000000000000000, 0.000000000000000000 ) ) ;
#3960 = EDGE_CURVE ( 'NONE', #3625, #60, #4002, .T. ) ;
#3961 = EDGE_CURVE ( 'NONE', #545, #3905, #1218, .T. ) ;
#3962 = VERTEX_POINT ( 'NONE', #3307 ) ;
#3963 = ORIENTED_EDGE ( 'NONE', *, *, #2281, .T. ) ;
#3964 = ADVANCED_FACE ( 'NONE', ( #3008, #843 ), #3640, .F. ) ;
#3965 = DIRECTION ( 'NONE',  ( -0.8119194573641620449, -0.5837694705562159747, 0.000000000000000000 ) ) ;
#3966 = CARTESIAN_POINT ( 'NONE',  ( 42.46190452132888282, 30.53007696317211384, 15.00000000000000000 ) ) ;
#3967 = CARTESIAN_POINT ( 'NONE',  ( 0.000000000000000000, 1.000000000000000000, 15.00000000000000000 ) ) ;
#3968 = CARTESIAN_POINT ( 'NONE',  ( 36.74999999999999289, 13.49999999999999467, 9.400000000000000355 ) ) ;
#3969 = ORIENTED_EDGE ( 'NONE', *, *, #890, .T. ) ;
#3970 = VERTEX_POINT ( 'NONE', #1703 ) ;
#3971 = LINE ( 'NONE', #454, #3487 ) ;
#3972 = CARTESIAN_POINT ( 'NONE',  ( 34.66649047461425681, 57.76443009086911928, 14.90000000000000036 ) ) ;
#3973 = VERTEX_POINT ( 'NONE', #130 ) ;
#3974 = FACE_OUTER_BOUND ( 'NONE', #1989, .T. ) ;
#3975 = LINE ( 'NONE', #2088, #1083 ) ;
#3976 = DIRECTION ( 'NONE',  ( 8.095504689397934502E-17, 1.000000000000000000, 0.000000000000000000 ) ) ;
#3977 = EDGE_LOOP ( 'NONE', ( #2651, #64, #2545, #942 ) ) ;
#3978 = EDGE_CURVE ( 'NONE', #3962, #3507, #1552, .T. ) ;
#3979 = VERTEX_POINT ( 'NONE', #167 ) ;
#3980 = FACE_OUTER_BOUND ( 'NONE', #3509, .T. ) ;
#3981 = DIRECTION ( 'NONE',  ( -1.000000000000000000, 0.000000000000000000, -0.000000000000000000 ) ) ;
#3982 = DIRECTION ( 'NONE',  ( 1.000000000000000000, 0.000000000000000000, 0.000000000000000000 ) ) ;
#3983 = EDGE_CURVE ( 'NONE', #4033, #519, #1390, .T. ) ;
#3984 = DIRECTION ( 'NONE',  ( -0.000000000000000000, 1.000000000000000000, 0.000000000000000000 ) ) ;
#3985 = VERTEX_POINT ( 'NONE', #3620 ) ;
#3986 = CARTESIAN_POINT ( 'NONE',  ( 0.4142135623730954230, 5.000000000000000000, 1.012464023903132450E-15 ) ) ;
#3987 = VERTEX_POINT ( 'NONE', #2976 ) ;
#3988 = DIRECTION ( 'NONE',  ( 0.8119194573641632662, 0.5837694705562141984, -0.000000000000000000 ) ) ;
#3989 = DIRECTION ( 'NONE',  ( 0.000000000000000000, 0.000000000000000000, 1.000000000000000000 ) ) ;
#3990 = CARTESIAN_POINT ( 'NONE',  ( 22.01675211539429355, 76.78089755066967825, 7.500000000000000000 ) ) ;
#3991 = CARTESIAN_POINT ( 'NONE',  ( 17.49999999999999645, 1.000000000000000000, 0.000000000000000000 ) ) ;
#3992 = DIRECTION ( 'NONE',  ( -0.000000000000000000, -0.000000000000000000, 1.000000000000000000 ) ) ;
#3993 = ORIENTED_EDGE ( 'NONE', *, *, #3861, .T. ) ;
#3994 = LINE ( 'NONE', #2042, #1216 ) ;
#3995 = VECTOR ( 'NONE', #1416, 1000.000000000000000 ) ;
#3996 = VERTEX_POINT ( 'NONE', #2724 ) ;
#3997 = AXIS2_PLACEMENT_3D ( 'NONE', #1532, #341, #3286 ) ;
#3998 = CIRCLE ( 'NONE', #616, 2.500000000000000444 ) ;
#3999 = ORIENTED_EDGE ( 'NONE', *, *, #3837, .F. ) ;
#4000 = LOCAL_TIME ( 22, 54, 30.00000000000000000, #1321 ) ;
#4001 = LINE ( 'NONE', #2422, #3408 ) ;
#4002 = LINE ( 'NONE', #1097, #1950 ) ;
#4003 = ADVANCED_FACE ( 'NONE', ( #1407 ), #144, .T. ) ;
#4004 = TOROIDAL_SURFACE ( 'NONE', #1350, 1.500000000000000000, 1.000000000000000000 ) ;
#4005 = CIRCLE ( 'NONE', #1874, 6.499999999999999112 ) ;
#4006 = CARTESIAN_POINT ( 'NONE',  ( 48.87606823450578020, 35.14185578056627435, 30.00000000000000000 ) ) ;
#4007 = VECTOR ( 'NONE', #2914, 1000.000000000000000 ) ;
#4008 = AXIS2_PLACEMENT_3D ( 'NONE', #672, #372, #1633 ) ;
#4009 = DIRECTION ( 'NONE',  ( 1.000000000000000000, 0.000000000000000000, 0.000000000000000000 ) ) ;
#4010 = CARTESIAN_POINT ( 'NONE',  ( 27.62334830807091279, 64.70060748051797361, 15.00000000000000000 ) ) ;
#4011 = ADVANCED_FACE ( 'NONE', ( #1131 ), #1719, .T. ) ;
#4012 = EDGE_CURVE ( 'NONE', #281, #989, #3352, .T. ) ;
#4013 = CARTESIAN_POINT ( 'NONE',  ( 0.000000000000000000, 96.37013220366763733, 15.00000000000000000 ) ) ;
#4014 = EDGE_LOOP ( 'NONE', ( #1079, #695, #2665, #2719 ) ) ;
#4015 = VECTOR ( 'NONE', #2503, 1000.000000000000000 ) ;
#4016 = CIRCLE ( 'NONE', #3691, 1.000000000000000888 ) ;
#4017 = DIRECTION ( 'NONE',  ( 0.5837694705562177511, -0.8119194573641607127, 0.000000000000000000 ) ) ;
#4018 = CARTESIAN_POINT ( 'NONE',  ( 17.49999999999999645, 0.000000000000000000, 17.49999999999999645 ) ) ;
#4019 = DIRECTION ( 'NONE',  ( -0.000000000000000000, -0.000000000000000000, 1.000000000000000000 ) ) ;
#4020 = ORIENTED_EDGE ( 'NONE', *, *, #881, .T. ) ;
#4021 = DIRECTION ( 'NONE',  ( -0.000000000000000000, -1.000000000000000000, -0.000000000000000000 ) ) ;
#4022 = CIRCLE ( 'NONE', #904, 1.000000000000000888 ) ;
#4023 = EDGE_LOOP ( 'NONE', ( #2778, #939, #3900, #1738 ) ) ;
#4024 = AXIS2_PLACEMENT_3D ( 'NONE', #3335, #2022, #1614 ) ;
#4025 = ORIENTED_EDGE ( 'NONE', *, *, #2747, .F. ) ;
#4026 = CARTESIAN_POINT ( 'NONE',  ( 33.33350952538574319, 9.235569909130907362, 14.90000000000000036 ) ) ;
#4027 = EDGE_CURVE ( 'NONE', #618, #3773, #800, .T. ) ;
#4028 = ORIENTED_EDGE ( 'NONE', *, *, #3, .T. ) ;
#4029 = FACE_OUTER_BOUND ( 'NONE', #1188, .T. ) ;
#4030 = CARTESIAN_POINT ( 'NONE',  ( -37.13124952556402292, 51.64296094025676354, -0.000000000000000000 ) ) ;
#4031 = EDGE_CURVE ( 'NONE', #1201, #3117, #1767, .T. ) ;
#4032 = CARTESIAN_POINT ( 'NONE',  ( 9.958595902740626116, 85.50052388559950600, -0.000000000000000000 ) ) ;
#4033 = VERTEX_POINT ( 'NONE', #823 ) ;
#4034 = DIRECTION ( 'NONE',  ( 8.673617379884040205E-15, 1.000000000000000000, 0.000000000000000000 ) ) ;
#4035 = CARTESIAN_POINT ( 'NONE',  ( 33.99999999999998579, 53.49999999999999289, 9.400000000000000355 ) ) ;
#4036 = EDGE_CURVE ( 'NONE', #2168, #1664, #298, .T. ) ;
#4037 = CARTESIAN_POINT ( 'NONE',  ( 122.7353278856376306, 2.500000000000000000, 0.000000000000000000 ) ) ;
#4038 = EDGE_LOOP ( 'NONE', ( #3357, #3366, #2930, #2682 ) ) ;
#4039 = DIRECTION ( 'NONE',  ( 0.7882269819968921176, -0.6153846153846153078, -0.000000000000000000 ) ) ;
#4040 = ORIENTED_EDGE ( 'NONE', *, *, #3777, .F. ) ;
#4041 = DIRECTION ( 'NONE',  ( -1.000000000000000000, 0.000000000000000000, 0.000000000000000000 ) ) ;
#4042 = ORIENTED_EDGE ( 'NONE', *, *, #3731, .F. ) ;
#4043 = DIRECTION ( 'NONE',  ( -1.000000000000000000, 0.000000000000000000, 0.000000000000000000 ) ) ;
#4044 = DIRECTION ( 'NONE',  ( 0.000000000000000000, 0.000000000000000000, 1.000000000000000000 ) ) ;
#4045 = CARTESIAN_POINT ( 'NONE',  ( 60.50000000000000000, 19.74999999999999645, -38.00000000000000000 ) ) ;
#4046 = CARTESIAN_POINT ( 'NONE',  ( 60.50000000000000000, 19.74999999999999645, -40.00000000000000000 ) ) ;
#4047 = ORIENTED_EDGE ( 'NONE', *, *, #3138, .T. ) ;
#4048 = CARTESIAN_POINT ( 'NONE',  ( 63.00000000000001421, 22.78588431152018501, 14.90000000000000036 ) ) ;
#4049 = DIRECTION ( 'NONE',  ( 0.000000000000000000, 0.000000000000000000, 1.000000000000000000 ) ) ;
#4050 = ORIENTED_EDGE ( 'NONE', *, *, #3589, .F. ) ;
#4051 = CARTESIAN_POINT ( 'NONE',  ( 22.01675211539429355, 76.78089755066967825, 7.500000000000000000 ) ) ;
#4052 = ADVANCED_FACE ( 'NONE', ( #1528 ), #243, .T. ) ;
#4053 = CARTESIAN_POINT ( 'NONE',  ( 34.00000000000000000, 55.87874972366780213, 14.90000000000000036 ) ) ;
#4054 = CARTESIAN_POINT ( 'NONE',  ( 20.62541512433778124, 60.90074812048805342, 15.00000000000000000 ) ) ;
#4055 = DIRECTION ( 'NONE',  ( 0.000000000000000000, -0.000000000000000000, 1.000000000000000000 ) ) ;
#4056 = VERTEX_POINT ( 'NONE', #2130 ) ;
#4057 = DIRECTION ( 'NONE',  ( 0.000000000000000000, 0.000000000000000000, 1.000000000000000000 ) ) ;
#4058 = ADVANCED_FACE ( 'NONE', ( #558 ), #751, .T. ) ;
#4059 = ADVANCED_FACE ( 'NONE', ( #908 ), #1194, .T. ) ;
#4060 = ORIENTED_EDGE ( 'NONE', *, *, #1292, .T. ) ;
#4061 = ORIENTED_EDGE ( 'NONE', *, *, #761, .F. ) ;
#4062 = APPLICATION_PROTOCOL_DEFINITION ( 'international standard', 'config_control_design', 1994, #3843 ) ;
#4063 = DIRECTION ( 'NONE',  ( -0.000000000000000000, -0.000000000000000000, -1.000000000000000000 ) ) ;
#4064 = VECTOR ( 'NONE', #2442, 1000.000000000000000 ) ;
#4065 = LINE ( 'NONE', #1217, #2097 ) ;
#4066 = ORIENTED_EDGE ( 'NONE', *, *, #414, .F. ) ;
#4067 = AXIS2_PLACEMENT_3D ( 'NONE', #3267, #2899, #407 ) ;
#4068 = CIRCLE ( 'NONE', #3673, 0.2000000000000005107 ) ;
#4069 = DIRECTION ( 'NONE',  ( 0.000000000000000000, 0.000000000000000000, 1.000000000000000000 ) ) ;
#4070 = AXIS2_PLACEMENT_3D ( 'NONE', #291, #2509, #604 ) ;
#4071 = AXIS2_PLACEMENT_3D ( 'NONE', #1795, #3338, #3959 ) ;
#4072 = ORIENTED_EDGE ( 'NONE', *, *, #538, .T. ) ;
#4073 = CYLINDRICAL_SURFACE ( 'NONE', #1681, 1.000000000000000888 ) ;
#4074 = AXIS2_PLACEMENT_3D ( 'NONE', #186, #499, #767 ) ;
#4075 = DIRECTION ( 'NONE',  ( -0.8119194573641616008, -0.5837694705562165298, 0.000000000000000000 ) ) ;
#4076 = DIRECTION ( 'NONE',  ( 0.000000000000000000, 1.000000000000000000, 0.000000000000000000 ) ) ;
#4077 = CIRCLE ( 'NONE', #3561, 2.499999999999998668 ) ;
#4078 = DIRECTION ( 'NONE',  ( -1.000000000000000000, -5.551115123125782702E-15, 0.000000000000000000 ) ) ;
#4079 = EDGE_CURVE ( 'NONE', #1901, #3625, #1572, .T. ) ;
#4080 = ORIENTED_EDGE ( 'NONE', *, *, #1535, .T. ) ;
#4081 = CARTESIAN_POINT ( 'NONE',  ( 2.500000000000000000, 1.000000000000000000, -13.99999999999999467 ) ) ;
#4082 = LINE ( 'NONE', #2518, #4015 ) ;
#4083 = EDGE_CURVE ( 'NONE', #1451, #3507, #1615, .T. ) ;
#4084 = ORIENTED_EDGE ( 'NONE', *, *, #662, .T. ) ;
#4085 = AXIS2_PLACEMENT_3D ( 'NONE', #2114, #3052, #1133 ) ;
#4086 = CARTESIAN_POINT ( 'NONE',  ( 2.500000000000000000, 1.000000000000000000, -14.99999999999999645 ) ) ;
#4087 = FACE_OUTER_BOUND ( 'NONE', #2659, .T. ) ;
#4088 = VECTOR ( 'NONE', #3360, 1000.000000000000000 ) ;
#4089 = DIRECTION ( 'NONE',  ( -1.000000000000000000, 0.000000000000000000, 0.000000000000000000 ) ) ;
#4090 = ADVANCED_FACE ( 'NONE', ( #539 ), #3447, .F. ) ;
#4091 = ORIENTED_EDGE ( 'NONE', *, *, #2923, .T. ) ;
#4092 = VECTOR ( 'NONE', #871, 1000.000000000000000 ) ;
#4093 = CARTESIAN_POINT ( 'NONE',  ( 60.50000000000000000, 47.25000000000000000, -40.00000000000000000 ) ) ;
#4094 = CARTESIAN_POINT ( 'NONE',  ( 0.000000000000000000, 4.000000000000000000, 1.000000000000000888 ) ) ;
#4095 = EDGE_LOOP ( 'NONE', ( #726, #1112, #3565, #796 ) ) ;
#4096 = CARTESIAN_POINT ( 'NONE',  ( 11.58779261888350653, 84.94760611584590038, 15.00000000000000000 ) ) ;
#4097 = CARTESIAN_POINT ( 'NONE',  ( 22.30024183784225755, 60.62696813631852422, 30.00000000000000000 ) ) ;
#4098 = DIRECTION ( 'NONE',  ( 0.000000000000000000, 0.000000000000000000, -1.000000000000000000 ) ) ;
#4099 = VERTEX_POINT ( 'NONE', #4086 ) ;
#4100 = CARTESIAN_POINT ( 'NONE',  ( 0.000000000000000000, 4.000000000000000000, -12.49999999999999645 ) ) ;
#4101 = EDGE_CURVE ( 'NONE', #66, #1894, #2008, .T. ) ;
#4102 = ORIENTED_EDGE ( 'NONE', *, *, #462, .F. ) ;
#4103 = ORIENTED_EDGE ( 'NONE', *, *, #2684, .T. ) ;
#4104 = DIRECTION ( 'NONE',  ( 0.000000000000000000, -6.938893903907222067E-15, 1.000000000000000000 ) ) ;
#4105 = MECHANICAL_CONTEXT ( 'NONE', #3843, 'mechanical' ) ;
#4106 = EDGE_CURVE ( 'NONE', #1943, #3423, #1752, .T. ) ;
#4107 = CARTESIAN_POINT ( 'NONE',  ( 7.500000000000013323, 49.25000000000000000, -40.00000000000000000 ) ) ;
#4108 = CARTESIAN_POINT ( 'NONE',  ( 34.00000000000000000, 33.49999999999999289, -38.00000000000000000 ) ) ;
#4109 = ORIENTED_EDGE ( 'NONE', *, *, #3983, .T. ) ;
ENDSEC;
END-ISO-10303-21;
