ISO-10303-21;
HEADER;
FILE_DESCRIPTION (( 'STEP AP203' ),
    '1' );
FILE_NAME ('SIDE SUPPORT_RH_06-25-24.STEP',
    '2024-06-25T17:25:17',
    ( '' ),
    ( '' ),
    'SwSTEP 2.0',
    'SolidWorks 2019',
    '' );
FILE_SCHEMA (( 'CONFIG_CONTROL_DESIGN' ));
ENDSEC;

DATA;
#1 = DIRECTION ( 'NONE',  ( 1.000000000000000000, 0.000000000000000000, 0.000000000000000000 ) ) ;
#2 = ORIENTED_EDGE ( 'NONE', *, *, #1665, .F. ) ;
#3 = DIRECTION ( 'NONE',  ( -0.000000000000000000, -0.000000000000000000, 1.000000000000000000 ) ) ;
#4 = CARTESIAN_POINT ( 'NONE',  ( 14.70947699911731199, 71.52697231566401115, 7.500000000000000888 ) ) ;
#5 = CARTESIAN_POINT ( 'NONE',  ( 9.234609985550044087, 90.27607038748995194, 15.00000000000000000 ) ) ;
#6 = CARTESIAN_POINT ( 'NONE',  ( 24.77510468360895857, 82.15118641221421569, 7.500000000000000888 ) ) ;
#7 = ORIENTED_EDGE ( 'NONE', *, *, #386, .T. ) ;
#8 = ORIENTED_EDGE ( 'NONE', *, *, #1610, .F. ) ;
#9 = ORIENTED_EDGE ( 'NONE', *, *, #1665, .T. ) ;
#10 = EDGE_CURVE ( 'NONE', #1789, #192, #1391, .T. ) ;
#11 = DIRECTION ( 'NONE',  ( 0.7882269819968962254, -0.6153846153846102007, 0.000000000000000000 ) ) ;
#12 = DIRECTION ( 'NONE',  ( 0.8119194573641601576, 0.5837694705562185282, 0.000000000000000000 ) ) ;
#13 = EDGE_CURVE ( 'NONE', #2341, #1005, #1028, .T. ) ;
#14 = ORIENTED_EDGE ( 'NONE', *, *, #380, .T. ) ;
#15 = AXIS2_PLACEMENT_3D ( 'NONE', #2250, #153, #1868 ) ;
#16 = CARTESIAN_POINT ( 'NONE',  ( 122.7353278856376306, 0.000000000000000000, 15.00000000000000000 ) ) ;
#17 = DIRECTION ( 'NONE',  ( 0.8119194573641598245, 0.5837694705562191944, 0.000000000000000000 ) ) ;
#18 = CIRCLE ( 'NONE', #2172, 0.9999999999999990008 ) ;
#19 = ORIENTED_EDGE ( 'NONE', *, *, #2348, .F. ) ;
#20 = VECTOR ( 'NONE', #769, 1000.000000000000000 ) ;
#21 = CARTESIAN_POINT ( 'NONE',  ( 7.005481709269287371, 81.89925791926036425, -5.000000000000000888 ) ) ;
#22 = CARTESIAN_POINT ( 'NONE',  ( 13.99999999999999822, 4.000000000000000000, -2.999999999999999112 ) ) ;
#23 = ORIENTED_EDGE ( 'NONE', *, *, #1238, .T. ) ;
#24 = ORIENTED_EDGE ( 'NONE', *, *, #526, .F. ) ;
#25 = AXIS2_PLACEMENT_3D ( 'NONE', #2048, #346, #156 ) ;
#26 = EDGE_LOOP ( 'NONE', ( #1596, #2015, #1390, #1039, #803, #574, #1628, #1296, #1447, #1356, #311, #251, #2174, #991, #1200, #2413, #874, #1757, #464, #1437, #1191, #2365 ) ) ;
#27 = ORIENTED_EDGE ( 'NONE', *, *, #948, .F. ) ;
#28 = DIRECTION ( 'NONE',  ( -0.000000000000000000, -0.000000000000000000, 1.000000000000000000 ) ) ;
#29 = DIRECTION ( 'NONE',  ( 0.000000000000000000, -0.000000000000000000, 1.000000000000000000 ) ) ;
#30 = TOROIDAL_SURFACE ( 'NONE', #65, 1.500000000000000000, 1.000000000000000000 ) ;
#31 = DIRECTION ( 'NONE',  ( 0.000000000000000000, 0.000000000000000000, 1.000000000000000000 ) ) ;
#32 = ADVANCED_FACE ( 'NONE', ( #1029 ), #2175, .T. ) ;
#33 = CIRCLE ( 'NONE', #150, 1.000000000000000888 ) ;
#34 = ORIENTED_EDGE ( 'NONE', *, *, #1958, .F. ) ;
#35 = LINE ( 'NONE', #578, #2138 ) ;
#36 = CYLINDRICAL_SURFACE ( 'NONE', #2471, 0.7999999999999535261 ) ;
#37 = ORIENTED_EDGE ( 'NONE', *, *, #133, .T. ) ;
#38 = EDGE_LOOP ( 'NONE', ( #1912, #230, #690, #701 ) ) ;
#39 = ORIENTED_EDGE ( 'NONE', *, *, #470, .F. ) ;
#40 = DIRECTION ( 'NONE',  ( -1.000000000000000000, 0.000000000000000000, 0.000000000000000000 ) ) ;
#41 = DIRECTION ( 'NONE',  ( -0.000000000000000000, -1.000000000000000000, -0.000000000000000000 ) ) ;
#42 = CARTESIAN_POINT ( 'NONE',  ( 43.59859176163919869, 31.34735422195134547, 0.000000000000000000 ) ) ;
#43 = EDGE_CURVE ( 'NONE', #1971, #2268, #1966, .T. ) ;
#44 = CARTESIAN_POINT ( 'NONE',  ( 12.00000000000000000, 1.000000000000000000, -12.00000000000000000 ) ) ;
#45 = CARTESIAN_POINT ( 'NONE',  ( 20.70327080664325692, 78.60771632973934686, 7.500000000000000888 ) ) ;
#46 = EDGE_CURVE ( 'NONE', #631, #857, #900, .T. ) ;
#47 = ORIENTED_EDGE ( 'NONE', *, *, #114, .T. ) ;
#48 = EDGE_LOOP ( 'NONE', ( #24, #2220, #742, #2325 ) ) ;
#49 = LINE ( 'NONE', #2038, #921 ) ;
#50 = DIRECTION ( 'NONE',  ( -1.734723475976807094E-15, 0.000000000000000000, 1.000000000000000000 ) ) ;
#51 = CARTESIAN_POINT ( 'NONE',  ( 13.57278975880739758, 70.70969505688526624, 7.500000000000000888 ) ) ;
#52 = ORIENTED_EDGE ( 'NONE', *, *, #1893, .T. ) ;
#53 = CARTESIAN_POINT ( 'NONE',  ( -21.13596603232407389, 29.39636780847942532, -0.000000000000000000 ) ) ;
#54 = CIRCLE ( 'NONE', #2131, 3.000000000000000000 ) ;
#55 = FACE_BOUND ( 'NONE', #1944, .T. ) ;
#56 = CC_DESIGN_PERSON_AND_ORGANIZATION_ASSIGNMENT ( #1310, #1870, ( #1700 ) ) ;
#57 = VECTOR ( 'NONE', #1255, 1000.000000000000000 ) ;
#58 = CIRCLE ( 'NONE', #955, 1.000000000000000888 ) ;
#59 = EDGE_CURVE ( 'NONE', #286, #513, #1227, .T. ) ;
#60 = ORIENTED_EDGE ( 'NONE', *, *, #1638, .T. ) ;
#61 = DIRECTION ( 'NONE',  ( -0.000000000000000000, -0.000000000000000000, 1.000000000000000000 ) ) ;
#62 = FACE_OUTER_BOUND ( 'NONE', #1535, .T. ) ;
#63 = CARTESIAN_POINT ( 'NONE',  ( 12.25930845005590619, 72.53651383595462221, 7.500000000000000888 ) ) ;
#64 = ORIENTED_EDGE ( 'NONE', *, *, #1621, .T. ) ;
#65 = AXIS2_PLACEMENT_3D ( 'NONE', #2052, #1862, #40 ) ;
#66 = DIRECTION ( 'NONE',  ( 1.000000000000000000, 0.000000000000000000, -0.000000000000000000 ) ) ;
#67 = DIRECTION ( 'NONE',  ( -1.000000000000000000, 0.000000000000000000, -0.000000000000000000 ) ) ;
#68 = AXIS2_PLACEMENT_3D ( 'NONE', #157, #2490, #142 ) ;
#69 = AXIS2_PLACEMENT_3D ( 'NONE', #2282, #726, #697 ) ;
#70 = ORIENTED_EDGE ( 'NONE', *, *, #1610, .T. ) ;
#71 = VERTEX_POINT ( 'NONE', #2392 ) ;
#72 = EDGE_CURVE ( 'NONE', #801, #2127, #448, .T. ) ;
#73 = CARTESIAN_POINT ( 'NONE',  ( 13.99999999999999822, 0.000000000000000000, -2.999999999999999112 ) ) ;
#74 = EDGE_CURVE ( 'NONE', #476, #830, #1504, .T. ) ;
#75 = DIRECTION ( 'NONE',  ( 0.5837694705562201936, -0.8119194573641589363, 0.000000000000000000 ) ) ;
#76 = EDGE_LOOP ( 'NONE', ( #1370, #981 ) ) ;
#77 = CARTESIAN_POINT ( 'NONE',  ( 0.000000000000000000, 4.000000000000000000, -12.00000000000000000 ) ) ;
#78 = DIRECTION ( 'NONE',  ( -1.000000000000000000, 0.000000000000000000, 0.000000000000000000 ) ) ;
#79 = EDGE_LOOP ( 'NONE', ( #1251, #205, #1379, #1071 ) ) ;
#80 = ORIENTED_EDGE ( 'NONE', *, *, #1787, .T. ) ;
#81 = CARTESIAN_POINT ( 'NONE',  ( 6.031178360432300600, 81.19873455459288891, 0.000000000000000000 ) ) ;
#82 = APPROVAL ( #1675, 'UNSPECIFIED' ) ;
#83 = AXIS2_PLACEMENT_3D ( 'NONE', #1713, #584, #2165 ) ;
#84 = DIRECTION ( 'NONE',  ( 0.000000000000000000, -0.000000000000000000, 1.000000000000000000 ) ) ;
#85 = EDGE_CURVE ( 'NONE', #1723, #1006, #1934, .T. ) ;
#86 = ORIENTED_EDGE ( 'NONE', *, *, #1753, .F. ) ;
#87 = LINE ( 'NONE', #641, #1885 ) ;
#88 = DIRECTION ( 'NONE',  ( 0.8119194573641599355, 0.5837694705562189723, 0.000000000000000000 ) ) ;
#89 = TOROIDAL_SURFACE ( 'NONE', #1229, 1.500000000000000000, 1.000000000000000000 ) ;
#90 = FACE_OUTER_BOUND ( 'NONE', #364, .T. ) ;
#91 = EDGE_LOOP ( 'NONE', ( #106, #1559, #1204, #70 ) ) ;
#92 = VERTEX_POINT ( 'NONE', #1533 ) ;
#93 = AXIS2_PLACEMENT_3D ( 'NONE', #207, #765, #1534 ) ;
#94 = TOROIDAL_SURFACE ( 'NONE', #1933, 2.000000000000000000, 1.000000000000000000 ) ;
#95 = DIRECTION ( 'NONE',  ( -0.6153846153846153078, -0.7882269819968922286, 0.000000000000000000 ) ) ;
#96 = DIRECTION ( 'NONE',  ( -0.000000000000000000, -0.000000000000000000, 1.000000000000000000 ) ) ;
#97 = CARTESIAN_POINT ( 'NONE',  ( 14.00000000000000000, 5.000000000000000000, 26.99999999999999645 ) ) ;
#98 = ORIENTED_EDGE ( 'NONE', *, *, #691, .T. ) ;
#99 = DIRECTION ( 'NONE',  ( -0.000000000000000000, -0.000000000000000000, 1.000000000000000000 ) ) ;
#100 = ADVANCED_FACE ( 'NONE', ( #189 ), #2124, .F. ) ;
#101 = DIRECTION ( 'NONE',  ( 0.000000000000000000, 0.000000000000000000, -1.000000000000000000 ) ) ;
#102 = DIRECTION ( 'NONE',  ( -0.000000000000000000, -0.000000000000000000, 1.000000000000000000 ) ) ;
#103 = EDGE_CURVE ( 'NONE', #664, #1974, #1360, .T. ) ;
#104 = CARTESIAN_POINT ( 'NONE',  ( 1.000000000000000000, 4.000000000000000000, 15.00000000000000000 ) ) ;
#105 = EDGE_LOOP ( 'NONE', ( #1744, #1749, #862, #2286 ) ) ;
#106 = ORIENTED_EDGE ( 'NONE', *, *, #1804, .T. ) ;
#107 = VECTOR ( 'NONE', #2078, 1000.000000000000000 ) ;
#108 = VECTOR ( 'NONE', #304, 1000.000000000000000 ) ;
#109 = DIRECTION ( 'NONE',  ( 0.000000000000000000, 1.000000000000000000, 0.000000000000000000 ) ) ;
#110 = CARTESIAN_POINT ( 'NONE',  ( 1.000000000000000000, 0.000000000000000000, 1.000000000000000888 ) ) ;
#111 = ORIENTED_EDGE ( 'NONE', *, *, #812, .T. ) ;
#112 = DIRECTION ( 'NONE',  ( 0.000000000000000000, 0.000000000000000000, 1.000000000000000000 ) ) ;
#113 = FACE_OUTER_BOUND ( 'NONE', #472, .T. ) ;
#114 = EDGE_CURVE ( 'NONE', #238, #689, #1771, .T. ) ;
#115 = DIRECTION ( 'NONE',  ( -0.000000000000000000, -1.000000000000000000, -0.000000000000000000 ) ) ;
#116 = DIRECTION ( 'NONE',  ( 0.000000000000000000, 0.000000000000000000, 1.000000000000000000 ) ) ;
#117 = ORIENTED_EDGE ( 'NONE', *, *, #10, .F. ) ;
#118 = EDGE_LOOP ( 'NONE', ( #1892, #39 ) ) ;
#119 = EDGE_CURVE ( 'NONE', #324, #1425, #175, .T. ) ;
#120 = CARTESIAN_POINT ( 'NONE',  ( 9.958595902740626116, 85.50052388560040129, 15.00000000000000000 ) ) ;
#121 = CARTESIAN_POINT ( 'NONE',  ( 0.000000000000000000, 1.000000000000000000, 13.99999999999999822 ) ) ;
#122 = CARTESIAN_POINT ( 'NONE',  ( 18.00000000000000000, 1.000000000000000000, 13.99999999999999822 ) ) ;
#123 = ORIENTED_EDGE ( 'NONE', *, *, #834, .T. ) ;
#124 = DIRECTION ( 'NONE',  ( 0.000000000000000000, 0.000000000000000000, 1.000000000000000000 ) ) ;
#125 = LINE ( 'NONE', #1106, #1526 ) ;
#126 = CARTESIAN_POINT ( 'NONE',  ( 7.005481709269287371, 81.89925791926036425, 15.00000000000000000 ) ) ;
#127 = CLOSED_SHELL ( 'NONE', ( #1720, #605, #1689, #100, #1445, #1346, #2316, #2099, #305, #860, #2032, #1210, #474, #1613, #1708, #1084, #218, #1286, #1023, #403, #1751, #1826, #1860, #233, #1147, #1000, #275, #757, #2179, #278, #1213, #1463, #2410, #1423, #1581, #705, #1685, #2233, #1297, #32, #2288, #1079, #1545, #354, #458, #796, #1703, #2510, #936, #300, #2406, #1431, #878, #1321, #2147, #169, #1737, #321, #2153, #1857, #2176, #1052, #1063, #1362, #610, #591, #1594, #894, #370, #573, #2191, #761, #1160, #1668, #1241, #2204, #1915, #416, #542, #2034, #261, #1813 ) ) ;
#128 = DIRECTION ( 'NONE',  ( 0.8119194573641600465, 0.5837694705562188613, 0.000000000000000000 ) ) ;
#129 = CARTESIAN_POINT ( 'NONE',  ( 1.000000000000000000, 0.000000000000000000, 15.00000000000000000 ) ) ;
#130 = VERTEX_POINT ( 'NONE', #941 ) ;
#131 = VERTEX_POINT ( 'NONE', #613 ) ;
#132 = VECTOR ( 'NONE', #1839, 1000.000000000000000 ) ;
#133 = EDGE_CURVE ( 'NONE', #422, #1603, #2469, .T. ) ;
#134 = AXIS2_PLACEMENT_3D ( 'NONE', #600, #1323, #1562 ) ;
#135 = CARTESIAN_POINT ( 'NONE',  ( 122.7353278856376306, 2.500000000000000000, 1.000000000000000888 ) ) ;
#136 = VECTOR ( 'NONE', #2387, 1000.000000000000000 ) ;
#137 = DIRECTION ( 'NONE',  ( 1.000000000000000000, -0.000000000000000000, 0.000000000000000000 ) ) ;
#138 = CARTESIAN_POINT ( 'NONE',  ( 9.958595902740633221, 85.50052388560038708, 0.000000000000000000 ) ) ;
#139 = TOROIDAL_SURFACE ( 'NONE', #1888, 2.000000000000000000, 1.000000000000000000 ) ;
#140 = ORIENTED_EDGE ( 'NONE', *, *, #2366, .T. ) ;
#141 =( LENGTH_UNIT ( ) NAMED_UNIT ( * ) SI_UNIT ( .MILLI., .METRE. ) );
#142 = DIRECTION ( 'NONE',  ( 0.000000000000000000, -0.000000000000000000, 1.000000000000000000 ) ) ;
#143 = DIRECTION ( 'NONE',  ( -1.000000000000000000, 0.000000000000000000, 0.000000000000000000 ) ) ;
#144 = DIRECTION ( 'NONE',  ( 0.000000000000000000, 0.000000000000000000, 1.000000000000000000 ) ) ;
#145 = DIRECTION ( 'NONE',  ( 0.000000000000000000, 1.000000000000000000, 0.000000000000000000 ) ) ;
#146 = ORIENTED_EDGE ( 'NONE', *, *, #318, .T. ) ;
#147 = VERTEX_POINT ( 'NONE', #2345 ) ;
#148 = TOROIDAL_SURFACE ( 'NONE', #2386, 2.000000000000000000, 1.000000000000000000 ) ;
#149 = CARTESIAN_POINT ( 'NONE',  ( 15.00000000000000000, 4.000000000000000000, 18.00000000000000355 ) ) ;
#150 = AXIS2_PLACEMENT_3D ( 'NONE', #2005, #846, #445 ) ;
#151 = EDGE_CURVE ( 'NONE', #1252, #504, #2498, .T. ) ;
#152 = CARTESIAN_POINT ( 'NONE',  ( 15.00000000000000000, 5.000000000000000000, -15.00000000000000000 ) ) ;
#153 = DIRECTION ( 'NONE',  ( 0.000000000000000000, 1.000000000000000000, 0.000000000000000000 ) ) ;
#154 = EDGE_CURVE ( 'NONE', #939, #1150, #365, .T. ) ;
#155 = ORIENTED_EDGE ( 'NONE', *, *, #632, .F. ) ;
#156 = DIRECTION ( 'NONE',  ( 0.000000000000000000, 0.000000000000000000, 1.000000000000000000 ) ) ;
#157 = CARTESIAN_POINT ( 'NONE',  ( 0.000000000000000000, 0.000000000000000000, 15.00000000000000000 ) ) ;
#158 = CYLINDRICAL_SURFACE ( 'NONE', #1440, 2.500000000000000000 ) ;
#159 = CARTESIAN_POINT ( 'NONE',  ( 12.00000000000000000, 1.000000000000000000, 30.00000000000000000 ) ) ;
#160 = CARTESIAN_POINT ( 'NONE',  ( 18.00000000000000000, 5.000000000000000000, -2.999999999999999112 ) ) ;
#161 = EDGE_LOOP ( 'NONE', ( #909, #783, #895, #2146 ) ) ;
#162 = EDGE_LOOP ( 'NONE', ( #374, #1059, #80, #1941 ) ) ;
#163 = DIRECTION ( 'NONE',  ( 0.000000000000000000, 0.000000000000000000, 1.000000000000000000 ) ) ;
#164 = DIRECTION ( 'NONE',  ( 0.8119194573641598245, 0.5837694705562190833, -0.000000000000000000 ) ) ;
#165 = EDGE_CURVE ( 'NONE', #336, #1459, #431, .T. ) ;
#166 = EDGE_LOOP ( 'NONE', ( #86, #1087, #437, #47 ) ) ;
#167 = DIRECTION ( 'NONE',  ( 0.000000000000000000, 0.000000000000000000, -1.000000000000000000 ) ) ;
#168 = CARTESIAN_POINT ( 'NONE',  ( 6.031178360432300600, 81.19873455459288891, -5.000000000000000888 ) ) ;
#169 = ADVANCED_FACE ( 'NONE', ( #1727 ), #1561, .T. ) ;
#170 = DIRECTION ( 'NONE',  ( 1.000000000000000000, 0.000000000000000000, -0.000000000000000000 ) ) ;
#171 = DIRECTION ( 'NONE',  ( 0.000000000000000000, -1.000000000000000000, 0.000000000000000000 ) ) ;
#172 = ORIENTED_EDGE ( 'NONE', *, *, #290, .T. ) ;
#173 = VERTEX_POINT ( 'NONE', #2303 ) ;
#174 = AXIS2_PLACEMENT_3D ( 'NONE', #2405, #84, #859 ) ;
#175 = LINE ( 'NONE', #1383, #2347 ) ;
#176 = FACE_OUTER_BOUND ( 'NONE', #751, .T. ) ;
#177 = AXIS2_PLACEMENT_3D ( 'NONE', #2086, #1836, #1073 ) ;
#178 = ORIENTED_EDGE ( 'NONE', *, *, #1143, .T. ) ;
#179 = AXIS2_PLACEMENT_3D ( 'NONE', #2081, #128, #1680 ) ;
#180 = CARTESIAN_POINT ( 'NONE',  ( 10.29158032629563735, 86.15005945149171396, -5.000000000000000888 ) ) ;
#181 = CARTESIAN_POINT ( 'NONE',  ( 12.00000000000000000, 0.000000000000000000, 28.99999999999999645 ) ) ;
#182 = EDGE_CURVE ( 'NONE', #198, #130, #2114, .T. ) ;
#183 = DIRECTION ( 'NONE',  ( 0.8119194573641593804, 0.5837694705562195274, 0.000000000000000000 ) ) ;
#184 = CARTESIAN_POINT ( 'NONE',  ( 18.00000000000000000, 4.000000000000000000, 0.000000000000000000 ) ) ;
#185 = EDGE_LOOP ( 'NONE', ( #2356, #917, #172, #438 ) ) ;
#186 = ORIENTED_EDGE ( 'NONE', *, *, #619, .T. ) ;
#187 = EDGE_CURVE ( 'NONE', #1416, #173, #465, .T. ) ;
#188 = AXIS2_PLACEMENT_3D ( 'NONE', #1336, #2512, #1169 ) ;
#189 = FACE_OUTER_BOUND ( 'NONE', #229, .T. ) ;
#190 = AXIS2_PLACEMENT_3D ( 'NONE', #2432, #1225, #2028 ) ;
#191 = CYLINDRICAL_SURFACE ( 'NONE', #134, 2.999999999999999112 ) ;
#192 = VERTEX_POINT ( 'NONE', #599 ) ;
#193 = VECTOR ( 'NONE', #2433, 1000.000000000000000 ) ;
#194 = APPROVAL_ROLE ( '' ) ;
#195 = CARTESIAN_POINT ( 'NONE',  ( 28.76336200293028611, 60.71684433801993919, 15.00000000000000000 ) ) ;
#196 = CARTESIAN_POINT ( 'NONE',  ( 12.00000000000000000, 1.000000000000000000, -13.99999999999999822 ) ) ;
#197 = CIRCLE ( 'NONE', #515, 2.249999999999999556 ) ;
#198 = VERTEX_POINT ( 'NONE', #571 ) ;
#199 = CYLINDRICAL_SURFACE ( 'NONE', #1768, 1.200000000000000622 ) ;
#200 = CARTESIAN_POINT ( 'NONE',  ( 22.01675211539474830, 76.78089755066997668, 7.500000000000000888 ) ) ;
#201 = EDGE_CURVE ( 'NONE', #1907, #2110, #804, .T. ) ;
#202 = ORIENTED_EDGE ( 'NONE', *, *, #2302, .F. ) ;
#203 = EDGE_LOOP ( 'NONE', ( #1986, #677, #1003, #2368, #1086, #404, #776, #1140 ) ) ;
#204 = EDGE_CURVE ( 'NONE', #1655, #1823, #1344, .T. ) ;
#205 = ORIENTED_EDGE ( 'NONE', *, *, #1026, .F. ) ;
#206 = DIRECTION ( 'NONE',  ( -0.8119194573641598245, -0.5837694705562189723, 0.000000000000000000 ) ) ;
#207 = CARTESIAN_POINT ( 'NONE',  ( 3.423076923076906031, 97.55247267666298683, 13.99999999999999822 ) ) ;
#208 = VERTEX_POINT ( 'NONE', #1948 ) ;
#209 = PERSON_AND_ORGANIZATION_ROLE ( 'classification_officer' ) ;
#210 = DIRECTION ( 'NONE',  ( -0.000000000000000000, -0.000000000000000000, 1.000000000000000000 ) ) ;
#211 = ORIENTED_EDGE ( 'NONE', *, *, #1461, .T. ) ;
#212 = FACE_BOUND ( 'NONE', #993, .T. ) ;
#213 = CARTESIAN_POINT ( 'NONE',  ( 7.751635071298434099, 81.20409235600749298, 0.000000000000000000 ) ) ;
#214 = ORIENTED_EDGE ( 'NONE', *, *, #2441, .T. ) ;
#215 = ORIENTED_EDGE ( 'NONE', *, *, #1380, .T. ) ;
#216 = ORIENTED_EDGE ( 'NONE', *, *, #526, .T. ) ;
#217 = ORIENTED_EDGE ( 'NONE', *, *, #2116, .T. ) ;
#218 = ADVANCED_FACE ( 'NONE', ( #376 ), #983, .T. ) ;
#219 = DIRECTION ( 'NONE',  ( 1.000000000000000000, 0.000000000000000000, 0.000000000000000000 ) ) ;
#220 = CARTESIAN_POINT ( 'NONE',  ( 1.000000000000000000, 5.000000000000000000, 0.000000000000000000 ) ) ;
#221 = AXIS2_PLACEMENT_3D ( 'NONE', #1953, #1579, #2362 ) ;
#222 = EDGE_CURVE ( 'NONE', #257, #1624, #1243, .T. ) ;
#223 = DIRECTION ( 'NONE',  ( -1.000000000000000000, 0.000000000000000000, 0.000000000000000000 ) ) ;
#224 = AXIS2_PLACEMENT_3D ( 'NONE', #1341, #399, #1175 ) ;
#225 = CARTESIAN_POINT ( 'NONE',  ( 3.423076923076906031, 97.55247267666298683, 15.00000000000000000 ) ) ;
#226 = DIRECTION ( 'NONE',  ( 0.000000000000000000, 0.000000000000000000, 1.000000000000000000 ) ) ;
#227 = ORIENTED_EDGE ( 'NONE', *, *, #2420, .T. ) ;
#228 = VERTEX_POINT ( 'NONE', #2242 ) ;
#229 = EDGE_LOOP ( 'NONE', ( #2495, #779, #1793, #657 ) ) ;
#230 = ORIENTED_EDGE ( 'NONE', *, *, #1623, .F. ) ;
#231 = CARTESIAN_POINT ( 'NONE',  ( 12.00000000000000000, 5.000000000000000000, 26.99999999999999645 ) ) ;
#232 = CARTESIAN_POINT ( 'NONE',  ( 48.87606823450616389, 35.14185578056656567, 0.000000000000000000 ) ) ;
#233 = ADVANCED_FACE ( 'NONE', ( #1395 ), #2029, .T. ) ;
#234 = AXIS2_PLACEMENT_3D ( 'NONE', #1444, #2449, #294 ) ;
#235 = CARTESIAN_POINT ( 'NONE',  ( 27.07043053831722901, 63.07141076437602578, 0.000000000000000000 ) ) ;
#236 = EDGE_CURVE ( 'NONE', #857, #979, #49, .T. ) ;
#237 = AXIS2_PLACEMENT_3D ( 'NONE', #1692, #2446, #331 ) ;
#238 = VERTEX_POINT ( 'NONE', #1260 ) ;
#239 = CARTESIAN_POINT ( 'NONE',  ( 122.7353278856376306, 0.000000000000000000, 1.000000000000000888 ) ) ;
#240 = AXIS2_PLACEMENT_3D ( 'NONE', #794, #2516, #2349 ) ;
#241 = DIRECTION ( 'NONE',  ( -1.000000000000000000, 0.000000000000000000, 0.000000000000000000 ) ) ;
#242 = VERTEX_POINT ( 'NONE', #1976 ) ;
#243 = ORIENTED_EDGE ( 'NONE', *, *, #1566, .F. ) ;
#244 = DIRECTION ( 'NONE',  ( 1.000000000000000000, 0.000000000000000000, 0.000000000000000000 ) ) ;
#245 = CARTESIAN_POINT ( 'NONE',  ( 10.14111589218697418, 86.61707502793670699, 15.00000000000000000 ) ) ;
#246 = CYLINDRICAL_SURFACE ( 'NONE', #1358, 2.999999999999999112 ) ;
#247 = DIRECTION ( 'NONE',  ( -0.000000000000000000, -0.000000000000000000, 1.000000000000000000 ) ) ;
#248 = CARTESIAN_POINT ( 'NONE',  ( 25.95387939598094107, 63.25393075382236674, 0.000000000000000000 ) ) ;
#249 = EDGE_CURVE ( 'NONE', #1490, #1957, #1606, .T. ) ;
#250 = DIRECTION ( 'NONE',  ( 0.000000000000000000, -1.000000000000000000, 0.000000000000000000 ) ) ;
#251 = ORIENTED_EDGE ( 'NONE', *, *, #1840, .F. ) ;
#252 = DIRECTION ( 'NONE',  ( -1.000000000000000000, 0.000000000000000000, 0.000000000000000000 ) ) ;
#253 = CARTESIAN_POINT ( 'NONE',  ( 3.000000000000000000, 0.000000000000000000, 28.99999999999999645 ) ) ;
#254 = AXIS2_PLACEMENT_3D ( 'NONE', #824, #1608, #2164 ) ;
#255 = CARTESIAN_POINT ( 'NONE',  ( 1.000000000000000000, 1.000000000000000000, -12.00000000000000000 ) ) ;
#256 = AXIS2_PLACEMENT_3D ( 'NONE', #196, #974, #31 ) ;
#257 = VERTEX_POINT ( 'NONE', #1008 ) ;
#258 = CARTESIAN_POINT ( 'NONE',  ( 18.00000000000000000, 5.000000000000000000, -2.999999999999999112 ) ) ;
#259 = AXIS2_PLACEMENT_3D ( 'NONE', #2234, #704, #1684 ) ;
#260 = CARTESIAN_POINT ( 'NONE',  ( 0.000000000000000000, 5.000000000000000000, 28.99999999999999645 ) ) ;
#261 = ADVANCED_FACE ( 'NONE', ( #1085 ), #2382, .F. ) ;
#262 = VECTOR ( 'NONE', #1894, 1000.000000000000000 ) ;
#263 = AXIS2_PLACEMENT_3D ( 'NONE', #780, #1916, #2363 ) ;
#264 = VERTEX_POINT ( 'NONE', #1639 ) ;
#265 = DIRECTION ( 'NONE',  ( 0.000000000000000000, -1.000000000000000000, 0.000000000000000000 ) ) ;
#266 = EDGE_CURVE ( 'NONE', #519, #1556, #2057, .T. ) ;
#267 = CARTESIAN_POINT ( 'NONE',  ( 13.99999999999999822, 5.000000000000000000, -2.999999999999999112 ) ) ;
#268 = FACE_OUTER_BOUND ( 'NONE', #2194, .T. ) ;
#269 = ORIENTED_EDGE ( 'NONE', *, *, #503, .T. ) ;
#270 = AXIS2_PLACEMENT_3D ( 'NONE', #2506, #1501, #1890 ) ;
#271 = CARTESIAN_POINT ( 'NONE',  ( 13.99999999999999822, 4.000000000000000000, -15.00000000000000000 ) ) ;
#272 = LINE ( 'NONE', #1822, #2262 ) ;
#273 = AXIS2_PLACEMENT_3D ( 'NONE', #890, #1706, #535 ) ;
#274 = AXIS2_PLACEMENT_3D ( 'NONE', #1707, #1081, #1107 ) ;
#275 = ADVANCED_FACE ( 'NONE', ( #1785 ), #30, .T. ) ;
#276 = ORIENTED_EDGE ( 'NONE', *, *, #43, .F. ) ;
#277 = ORIENTED_EDGE ( 'NONE', *, *, #2369, .F. ) ;
#278 = ADVANCED_FACE ( 'NONE', ( #1989 ), #494, .T. ) ;
#279 = DIRECTION ( 'NONE',  ( -0.5837694705562190833, 0.8119194573641597135, 0.000000000000000000 ) ) ;
#280 = DIRECTION ( 'NONE',  ( 1.000000000000000000, 0.000000000000000000, 0.000000000000000000 ) ) ;
#281 = ORIENTED_EDGE ( 'NONE', *, *, #1828, .T. ) ;
#282 = DIRECTION ( 'NONE',  ( 0.000000000000000000, -0.000000000000000000, 1.000000000000000000 ) ) ;
#283 = DIRECTION ( 'NONE',  ( -0.7882269819968921176, 0.6153846153846153078, 0.000000000000000000 ) ) ;
#284 = DIRECTION ( 'NONE',  ( 1.000000000000000000, 0.000000000000000000, -0.000000000000000000 ) ) ;
#285 = ORIENTED_EDGE ( 'NONE', *, *, #103, .F. ) ;
#286 = VERTEX_POINT ( 'NONE', #1207 ) ;
#287 = DIRECTION ( 'NONE',  ( -0.000000000000000000, 1.000000000000000000, -0.000000000000000000 ) ) ;
#288 = EDGE_CURVE ( 'NONE', #1403, #130, #1122, .T. ) ;
#289 = CARTESIAN_POINT ( 'NONE',  ( 42.46190452132929494, 30.53007696317260056, 0.000000000000000000 ) ) ;
#290 = EDGE_CURVE ( 'NONE', #1151, #2341, #2422, .T. ) ;
#291 = ORIENTED_EDGE ( 'NONE', *, *, #1253, .T. ) ;
#292 = DATE_TIME_ROLE ( 'creation_date' ) ;
#293 = CARTESIAN_POINT ( 'NONE',  ( 3.000000000000000000, 0.000000000000000000, 27.00000000000000000 ) ) ;
#294 = DIRECTION ( 'NONE',  ( -0.5837694705562193054, 0.8119194573641596024, 0.000000000000000000 ) ) ;
#295 = ORIENTED_EDGE ( 'NONE', *, *, #151, .T. ) ;
#296 = ORIENTED_EDGE ( 'NONE', *, *, #1828, .F. ) ;
#297 = AXIS2_PLACEMENT_3D ( 'NONE', #775, #164, #393 ) ;
#298 = CARTESIAN_POINT ( 'NONE',  ( 20.62541512433775281, 60.90074812048893449, 15.00000000000000000 ) ) ;
#299 = DIRECTION ( 'NONE',  ( 0.7882269819968921176, -0.6153846153846153078, -0.000000000000000000 ) ) ;
#300 = ADVANCED_FACE ( 'NONE', ( #309 ), #148, .T. ) ;
#301 = EDGE_LOOP ( 'NONE', ( #1476, #1667, #2198, #1361 ) ) ;
#302 = DIRECTION ( 'NONE',  ( 0.000000000000000000, 0.000000000000000000, -1.000000000000000000 ) ) ;
#303 = LINE ( 'NONE', #875, #2389 ) ;
#304 = DIRECTION ( 'NONE',  ( -0.000000000000000000, -0.000000000000000000, 1.000000000000000000 ) ) ;
#305 = ADVANCED_FACE ( 'NONE', ( #700 ), #1406, .F. ) ;
#306 = VECTOR ( 'NONE', #362, 1000.000000000000000 ) ;
#307 = DIRECTION ( 'NONE',  ( -0.8119194573641598245, -0.5837694705562188613, 0.000000000000000000 ) ) ;
#308 = CIRCLE ( 'NONE', #1852, 1.000000000000000888 ) ;
#309 = FACE_OUTER_BOUND ( 'NONE', #640, .T. ) ;
#310 = ORIENTED_EDGE ( 'NONE', *, *, #470, .T. ) ;
#311 = ORIENTED_EDGE ( 'NONE', *, *, #72, .F. ) ;
#312 = CIRCLE ( 'NONE', #763, 2.250000000000000444 ) ;
#313 = CIRCLE ( 'NONE', #69, 1.000000000000000888 ) ;
#314 = CARTESIAN_POINT ( 'NONE',  ( 18.00000000000000000, 1.000000000000000000, 0.000000000000000000 ) ) ;
#315 = DIRECTION ( 'NONE',  ( 0.000000000000000000, 0.000000000000000000, 1.000000000000000000 ) ) ;
#316 = DIRECTION ( 'NONE',  ( -0.5837694705562191944, 0.8119194573641597135, 0.000000000000000000 ) ) ;
#317 = VERTEX_POINT ( 'NONE', #1588 ) ;
#318 = EDGE_CURVE ( 'NONE', #329, #1351, #2102, .T. ) ;
#319 = FACE_OUTER_BOUND ( 'NONE', #1543, .T. ) ;
#320 = DIRECTION ( 'NONE',  ( 0.5837694705562181952, -0.8119194573641604906, 0.000000000000000000 ) ) ;
#321 = ADVANCED_FACE ( 'NONE', ( #90 ), #1070, .T. ) ;
#322 = DIRECTION ( 'NONE',  ( 1.000000000000000000, -0.000000000000000000, 0.000000000000000000 ) ) ;
#323 = DIRECTION ( 'NONE',  ( 0.000000000000000000, 0.000000000000000000, -1.000000000000000000 ) ) ;
#324 = VERTEX_POINT ( 'NONE', #938 ) ;
#325 = EDGE_LOOP ( 'NONE', ( #2359, #1217, #2514, #2482 ) ) ;
#326 = CARTESIAN_POINT ( 'NONE',  ( 16.29406507739591703, 4.843807377881644172, 15.00000000000000000 ) ) ;
#327 = LINE ( 'NONE', #355, #718 ) ;
#328 = PLANE ( 'NONE',  #492 ) ;
#329 = VERTEX_POINT ( 'NONE', #1681 ) ;
#330 = PERSON_AND_ORGANIZATION_ROLE ( 'creator' ) ;
#331 = DIRECTION ( 'NONE',  ( 1.000000000000000000, 0.000000000000000000, 0.000000000000000000 ) ) ;
#332 = CARTESIAN_POINT ( 'NONE',  ( 8.097922745240218489, 89.45879312871126388, 0.000000000000000000 ) ) ;
#333 = DIRECTION ( 'NONE',  ( -1.000000000000000000, 0.000000000000000000, 0.000000000000000000 ) ) ;
#334 = DIRECTION ( 'NONE',  ( 0.000000000000000000, 0.000000000000000000, -1.000000000000000000 ) ) ;
#335 = EDGE_CURVE ( 'NONE', #689, #238, #1570, .T. ) ;
#336 = VERTEX_POINT ( 'NONE', #962 ) ;
#337 = ORIENTED_EDGE ( 'NONE', *, *, #13, .F. ) ;
#338 = VECTOR ( 'NONE', #1044, 1000.000000000000000 ) ;
#339 = VECTOR ( 'NONE', #2470, 1000.000000000000000 ) ;
#340 = DIRECTION ( 'NONE',  ( -1.000000000000000000, -0.000000000000000000, -0.000000000000000000 ) ) ;
#341 = EDGE_CURVE ( 'NONE', #569, #562, #756, .T. ) ;
#342 = CIRCLE ( 'NONE', #263, 0.8000000000000160316 ) ;
#343 = DIRECTION ( 'NONE',  ( 0.000000000000000000, 0.000000000000000000, -1.000000000000000000 ) ) ;
#344 = LINE ( 'NONE', #2265, #2206 ) ;
#345 = VERTEX_POINT ( 'NONE', #1917 ) ;
#346 = DIRECTION ( 'NONE',  ( -0.000000000000000000, -1.000000000000000000, -0.000000000000000000 ) ) ;
#347 = CARTESIAN_POINT ( 'NONE',  ( 27.07043053831722901, 63.07141076437602578, 15.00000000000000000 ) ) ;
#348 = DIRECTION ( 'NONE',  ( -1.000000000000000000, 0.000000000000000000, -0.000000000000000000 ) ) ;
#349 = CARTESIAN_POINT ( 'NONE',  ( 9.958595902740626116, 85.50052388560040129, -5.000000000000000888 ) ) ;
#350 = CARTESIAN_POINT ( 'NONE',  ( 22.01675211539474830, 76.78089755066997668, 7.500000000000000888 ) ) ;
#351 = ORIENTED_EDGE ( 'NONE', *, *, #2489, .T. ) ;
#352 = ORIENTED_EDGE ( 'NONE', *, *, #1350, .T. ) ;
#353 = VECTOR ( 'NONE', #2327, 1000.000000000000000 ) ;
#354 = ADVANCED_FACE ( 'NONE', ( #908 ), #1330, .T. ) ;
#355 = CARTESIAN_POINT ( 'NONE',  ( 3.000000000000000000, 0.000000000000000000, 30.00000000000000000 ) ) ;
#356 = CARTESIAN_POINT ( 'NONE',  ( 21.59971847317475024, 61.60127148515639561, -5.000000000000000888 ) ) ;
#357 = ORIENTED_EDGE ( 'NONE', *, *, #2221, .F. ) ;
#358 = PERSON_AND_ORGANIZATION ( #673, #2434 ) ;
#359 = CYLINDRICAL_SURFACE ( 'NONE', #237, 0.7999999999999951594 ) ;
#360 = DIRECTION ( 'NONE',  ( -0.8119194573641597135, -0.5837694705562191944, 0.000000000000000000 ) ) ;
#361 = PLANE ( 'NONE',  #662 ) ;
#362 = DIRECTION ( 'NONE',  ( -1.000000000000000000, 0.000000000000000000, -0.000000000000000000 ) ) ;
#363 = ORIENTED_EDGE ( 'NONE', *, *, #1038, .F. ) ;
#364 = EDGE_LOOP ( 'NONE', ( #1157, #1371, #211, #608 ) ) ;
#365 = LINE ( 'NONE', #764, #1007 ) ;
#366 = EDGE_CURVE ( 'NONE', #2009, #883, #1368, .T. ) ;
#367 = VERTEX_POINT ( 'NONE', #184 ) ;
#368 = DIRECTION ( 'NONE',  ( 0.000000000000000000, 0.000000000000000000, -1.000000000000000000 ) ) ;
#369 = CARTESIAN_POINT ( 'NONE',  ( 12.00000000000000000, 1.000000000000000000, 26.99999999999999645 ) ) ;
#370 = ADVANCED_FACE ( 'NONE', ( #1097 ), #1316, .F. ) ;
#371 = PLANE ( 'NONE',  #1601 ) ;
#372 = DIRECTION ( 'NONE',  ( 0.000000000000000000, 1.000000000000000000, 0.000000000000000000 ) ) ;
#373 = ORIENTED_EDGE ( 'NONE', *, *, #1366, .T. ) ;
#374 = ORIENTED_EDGE ( 'NONE', *, *, #1895, .T. ) ;
#375 = CIRCLE ( 'NONE', #2411, 1.000000000000000000 ) ;
#376 = FACE_OUTER_BOUND ( 'NONE', #772, .T. ) ;
#377 = FACE_OUTER_BOUND ( 'NONE', #1931, .T. ) ;
#378 = AXIS2_PLACEMENT_3D ( 'NONE', #2289, #928, #2297 ) ;
#379 = ORIENTED_EDGE ( 'NONE', *, *, #1264, .T. ) ;
#380 = EDGE_CURVE ( 'NONE', #1490, #1586, #1643, .T. ) ;
#381 = CIRCLE ( 'NONE', #911, 1.000000000000000000 ) ;
#382 = DIRECTION ( 'NONE',  ( -1.000000000000000000, -0.000000000000000000, -0.000000000000000000 ) ) ;
#383 = CARTESIAN_POINT ( 'NONE',  ( 9.234609985550044087, 90.27607038748995194, 15.00000000000000000 ) ) ;
#384 = EDGE_LOOP ( 'NONE', ( #577, #1959, #1240, #782 ) ) ;
#385 = DIRECTION ( 'NONE',  ( -0.000000000000000000, -0.000000000000000000, 1.000000000000000000 ) ) ;
#386 = EDGE_CURVE ( 'NONE', #797, #208, #1710, .T. ) ;
#387 = DIRECTION ( 'NONE',  ( 0.5837694705562189723, -0.8119194573641599355, 0.000000000000000000 ) ) ;
#388 = ORIENTED_EDGE ( 'NONE', *, *, #2396, .F. ) ;
#389 = ORIENTED_EDGE ( 'NONE', *, *, #1435, .T. ) ;
#390 = VECTOR ( 'NONE', #2370, 1000.000000000000000 ) ;
#391 = DIRECTION ( 'NONE',  ( 0.000000000000000000, -0.000000000000000000, 1.000000000000000000 ) ) ;
#392 = AXIS2_PLACEMENT_3D ( 'NONE', #617, #408, #241 ) ;
#393 = DIRECTION ( 'NONE',  ( -0.5837694705562193054, 0.8119194573641596024, 0.000000000000000000 ) ) ;
#394 = VERTEX_POINT ( 'NONE', #2273 ) ;
#395 = CARTESIAN_POINT ( 'NONE',  ( 6.304958344601829801, 82.87356126809736168, 15.00000000000000000 ) ) ;
#396 = DIRECTION ( 'NONE',  ( -0.5837694705562193054, 0.8119194573641596024, 0.000000000000000000 ) ) ;
#397 = EDGE_CURVE ( 'NONE', #943, #401, #2466, .T. ) ;
#398 = ORIENTED_EDGE ( 'NONE', *, *, #648, .T. ) ;
#399 = DIRECTION ( 'NONE',  ( 0.000000000000000000, 1.000000000000000000, 0.000000000000000000 ) ) ;
#400 = LINE ( 'NONE', #1798, #2425 ) ;
#401 = VERTEX_POINT ( 'NONE', #527 ) ;
#402 = ORIENTED_EDGE ( 'NONE', *, *, #1636, .T. ) ;
#403 = ADVANCED_FACE ( 'NONE', ( #2109 ), #1696, .F. ) ;
#404 = ORIENTED_EDGE ( 'NONE', *, *, #2019, .T. ) ;
#405 = CARTESIAN_POINT ( 'NONE',  ( 18.00000000000000000, 1.000000000000000000, -2.999999999999999112 ) ) ;
#406 = DIRECTION ( 'NONE',  ( -0.000000000000000000, 0.000000000000000000, -1.000000000000000000 ) ) ;
#407 = CARTESIAN_POINT ( 'NONE',  ( 3.000000000000000000, 4.000000000000000000, 27.00000000000000000 ) ) ;
#408 = DIRECTION ( 'NONE',  ( 0.000000000000000000, 0.000000000000000000, -1.000000000000000000 ) ) ;
#409 = EDGE_LOOP ( 'NONE', ( #926, #618 ) ) ;
#410 = ORIENTED_EDGE ( 'NONE', *, *, #442, .T. ) ;
#411 = VECTOR ( 'NONE', #956, 1000.000000000000000 ) ;
#412 = EDGE_CURVE ( 'NONE', #2430, #1459, #2096, .T. ) ;
#413 = ORIENTED_EDGE ( 'NONE', *, *, #182, .F. ) ;
#414 = DIRECTION ( 'NONE',  ( -1.000000000000000000, 0.000000000000000000, 0.000000000000000000 ) ) ;
#415 =( BOUNDED_CURVE ( )  B_SPLINE_CURVE ( 3, ( #220, #998, #1990, #449 ),
 .UNSPECIFIED., .F., .T. ) 
 B_SPLINE_CURVE_WITH_KNOTS ( ( 4, 4 ),
 ( 3.141592653589793116, 4.712388980384689674 ),
 .UNSPECIFIED. ) 
 CURVE ( )  GEOMETRIC_REPRESENTATION_ITEM ( )  RATIONAL_B_SPLINE_CURVE ( ( 1.000000000000000000, 0.8047378541243649375, 0.8047378541243649375, 1.000000000000000000 ) ) 
 REPRESENTATION_ITEM ( '' )  );
#416 = ADVANCED_FACE ( 'NONE', ( #1111 ), #2494, .T. ) ;
#417 = CARTESIAN_POINT ( 'NONE',  ( 24.77510468360896212, 82.15118641221421569, 12.99999999999999289 ) ) ;
#418 = LINE ( 'NONE', #232, #1927 ) ;
#419 = AXIS2_PLACEMENT_3D ( 'NONE', #1773, #957, #1 ) ;
#420 = LINE ( 'NONE', #168, #1353 ) ;
#421 = VECTOR ( 'NONE', #858, 1000.000000000000000 ) ;
#422 = VERTEX_POINT ( 'NONE', #1514 ) ;
#423 = AXIS2_PLACEMENT_3D ( 'NONE', #2027, #1433, #1055 ) ;
#424 = CYLINDRICAL_SURFACE ( 'NONE', #2294, 1.000000000000000888 ) ;
#425 = LINE ( 'NONE', #1982, #2058 ) ;
#426 = ORIENTED_EDGE ( 'NONE', *, *, #1845, .F. ) ;
#427 = ORIENTED_EDGE ( 'NONE', *, *, #204, .F. ) ;
#428 = DIRECTION ( 'NONE',  ( 0.000000000000000000, 0.000000000000000000, -1.000000000000000000 ) ) ;
#429 = CARTESIAN_POINT ( 'NONE',  ( 0.000000000000000000, 1.000000000000000000, -12.00000000000000000 ) ) ;
#430 = EDGE_CURVE ( 'NONE', #2009, #835, #2298, .T. ) ;
#431 = CIRCLE ( 'NONE', #2018, 1.000000000000002665 ) ;
#432 = CARTESIAN_POINT ( 'NONE',  ( 3.000000000000000000, 1.000000000000000000, -13.99999999999999822 ) ) ;
#433 = CIRCLE ( 'NONE', #2222, 1.200000000000001510 ) ;
#434 = CARTESIAN_POINT ( 'NONE',  ( 8.199711163235104294, 69.61766648317352235, 7.500000000000000888 ) ) ;
#435 = VECTOR ( 'NONE', #1896, 1000.000000000000000 ) ;
#436 = CYLINDRICAL_SURFACE ( 'NONE', #966, 2.250000000000000444 ) ;
#437 = ORIENTED_EDGE ( 'NONE', *, *, #1500, .T. ) ;
#438 = ORIENTED_EDGE ( 'NONE', *, *, #849, .F. ) ;
#439 = DIRECTION ( 'NONE',  ( 0.000000000000000000, 0.000000000000000000, -1.000000000000000000 ) ) ;
#440 = FACE_OUTER_BOUND ( 'NONE', #1848, .T. ) ;
#441 = DIRECTION ( 'NONE',  ( 0.000000000000000000, 0.000000000000000000, 1.000000000000000000 ) ) ;
#442 = EDGE_CURVE ( 'NONE', #2237, #1347, #2069, .T. ) ;
#443 = VERTEX_POINT ( 'NONE', #949 ) ;
#444 = CARTESIAN_POINT ( 'NONE',  ( 9.491580326295622427, 86.15005945149171396, 0.000000000000000000 ) ) ;
#445 = DIRECTION ( 'NONE',  ( -1.000000000000000000, 0.000000000000000000, 0.000000000000000000 ) ) ;
#446 = EDGE_CURVE ( 'NONE', #847, #1268, #1722, .T. ) ;
#447 = ORIENTED_EDGE ( 'NONE', *, *, #1095, .T. ) ;
#448 = LINE ( 'NONE', #1815, #1185 ) ;
#449 = CARTESIAN_POINT ( 'NONE',  ( 0.000000000000000000, 4.000000000000000000, 1.000000000000000888 ) ) ;
#450 = CARTESIAN_POINT ( 'NONE',  ( 20.62541512433775281, 60.90074812048893449, 15.00000000000000000 ) ) ;
#451 = CIRCLE ( 'NONE', #786, 1.000000000000000000 ) ;
#452 = ORIENTED_EDGE ( 'NONE', *, *, #1518, .F. ) ;
#453 = APPROVAL ( #1298, 'UNSPECIFIED' ) ;
#454 = DIRECTION ( 'NONE',  ( -0.000000000000000000, -0.000000000000000000, -1.000000000000000000 ) ) ;
#455 = VECTOR ( 'NONE', #287, 1000.000000000000000 ) ;
#456 = CARTESIAN_POINT ( 'NONE',  ( 20.41138607136515049, 79.01367605842141018, 7.500000000000000888 ) ) ;
#457 = AXIS2_PLACEMENT_3D ( 'NONE', #258, #1604, #854 ) ;
#458 = ADVANCED_FACE ( 'NONE', ( #1527 ), #1730, .T. ) ;
#459 = CIRCLE ( 'NONE', #25, 2.000000000000000000 ) ;
#460 = ORIENTED_EDGE ( 'NONE', *, *, #1656, .T. ) ;
#461 = ORIENTED_EDGE ( 'NONE', *, *, #837, .T. ) ;
#462 = DIRECTION ( 'NONE',  ( 0.000000000000000000, 0.000000000000000000, -1.000000000000000000 ) ) ;
#463 = CARTESIAN_POINT ( 'NONE',  ( 2.500000000000000000, 96.37013220366763733, 15.00000000000000000 ) ) ;
#464 = ORIENTED_EDGE ( 'NONE', *, *, #691, .F. ) ;
#465 = CIRCLE ( 'NONE', #2511, 2.250000000000000444 ) ;
#466 = LINE ( 'NONE', #1981, #1807 ) ;
#467 = DIRECTION ( 'NONE',  ( -1.000000000000000000, 0.000000000000000000, 0.000000000000000000 ) ) ;
#468 = CIRCLE ( 'NONE', #1329, 1.500000000000001332 ) ;
#469 = AXIS2_PLACEMENT_3D ( 'NONE', #126, #904, #2296 ) ;
#470 = EDGE_CURVE ( 'NONE', #443, #1072, #839, .T. ) ;
#471 = ORIENTED_EDGE ( 'NONE', *, *, #2524, .T. ) ;
#472 = EDGE_LOOP ( 'NONE', ( #2301, #1489, #800, #277 ) ) ;
#473 = CARTESIAN_POINT ( 'NONE',  ( 16.52028644834166826, 4.761065722605140493, 15.00000000000000000 ) ) ;
#474 = ADVANCED_FACE ( 'NONE', ( #1188 ), #2323, .T. ) ;
#475 = CARTESIAN_POINT ( 'NONE',  ( 32.55323219043010141, 80.96958321903696287, 7.500000000000000888 ) ) ;
#476 = VERTEX_POINT ( 'NONE', #1583 ) ;
#477 = DIRECTION ( 'NONE',  ( -0.000000000000000000, -0.000000000000000000, 1.000000000000000000 ) ) ;
#478 = DIRECTION ( 'NONE',  ( 0.000000000000000000, 0.000000000000000000, 1.000000000000000000 ) ) ;
#479 = ORIENTED_EDGE ( 'NONE', *, *, #1180, .F. ) ;
#480 = ORIENTED_EDGE ( 'NONE', *, *, #1585, .F. ) ;
#481 = EDGE_CURVE ( 'NONE', #1402, #2300, #1202, .T. ) ;
#482 = CARTESIAN_POINT ( 'NONE',  ( 17.17491869040853558, 4.477189038106251573, 15.00000000000000000 ) ) ;
#483 = AXIS2_PLACEMENT_3D ( 'NONE', #2380, #61, #836 ) ;
#484 = EDGE_CURVE ( 'NONE', #611, #264, #2022, .T. ) ;
#485 = DIRECTION ( 'NONE',  ( -0.000000000000000000, -0.000000000000000000, 1.000000000000000000 ) ) ;
#486 = DIRECTION ( 'NONE',  ( -0.7882269819968921176, 0.6153846153846153078, 0.000000000000000000 ) ) ;
#487 = ORIENTED_EDGE ( 'NONE', *, *, #866, .F. ) ;
#488 = APPROVAL_DATE_TIME ( #505, #453 ) ;
#489 = LINE ( 'NONE', #1080, #2515 ) ;
#490 = LINE ( 'NONE', #1272, #108 ) ;
#491 = B_SPLINE_CURVE_WITH_KNOTS ( 'NONE', 3,
 ( #1462, #913, #1878, #326, #473, #482, #2033, #2455 ),
 .UNSPECIFIED., .F., .F.,
 ( 4, 2, 2, 4 ),
 ( 0.000000000000000000, 0.0007145302208748476047, 0.001429060441749695209, 0.002858120883499399960 ),
 .UNSPECIFIED. ) ;
#492 = AXIS2_PLACEMENT_3D ( 'NONE', #1295, #1256, #2044 ) ;
#493 = LINE ( 'NONE', #1274, #999 ) ;
#494 = CYLINDRICAL_SURFACE ( 'NONE', #2181, 1.000000000000000000 ) ;
#495 = ORIENTED_EDGE ( 'NONE', *, *, #288, .T. ) ;
#496 = ORIENTED_EDGE ( 'NONE', *, *, #1177, .T. ) ;
#497 = AXIS2_PLACEMENT_3D ( 'NONE', #1612, #462, #1242 ) ;
#498 = CIRCLE ( 'NONE', #867, 0.7999999999999535261 ) ;
#499 = LINE ( 'NONE', #1438, #339 ) ;
#500 = CC_DESIGN_DATE_AND_TIME_ASSIGNMENT ( #1468, #292, ( #809 ) ) ;
#501 = LINE ( 'NONE', #1074, #967 ) ;
#502 = CARTESIAN_POINT ( 'NONE',  ( 29.29199724987867981, 78.62475778427557316, 7.500000000000000888 ) ) ;
#503 = EDGE_CURVE ( 'NONE', #1006, #611, #1816, .T. ) ;
#504 = VERTEX_POINT ( 'NONE', #1592 ) ;
#505 = DATE_AND_TIME ( #2253, #976 ) ;
#506 = LINE ( 'NONE', #919, #1043 ) ;
#507 = CARTESIAN_POINT ( 'NONE',  ( 3.000000000000000000, 0.000000000000000000, 28.99999999999999645 ) ) ;
#508 = AXIS2_PLACEMENT_3D ( 'NONE', #1930, #323, #1791 ) ;
#509 = CARTESIAN_POINT ( 'NONE',  ( 12.00000000000000000, 1.000000000000000000, -15.00000000000000000 ) ) ;
#510 = VECTOR ( 'NONE', #865, 1000.000000000000114 ) ;
#511 = CARTESIAN_POINT ( 'NONE',  ( 11.58779261888350121, 84.94760611584679566, -5.000000000000000888 ) ) ;
#512 = ORIENTED_EDGE ( 'NONE', *, *, #1840, .T. ) ;
#513 = VERTEX_POINT ( 'NONE', #213 ) ;
#514 = AXIS2_PLACEMENT_3D ( 'NONE', #4, #1775, #603 ) ;
#515 = AXIS2_PLACEMENT_3D ( 'NONE', #2504, #17, #396 ) ;
#516 = CARTESIAN_POINT ( 'NONE',  ( 1.000000000000000000, 96.37013220366763733, 0.000000000000000000 ) ) ;
#517 = DIRECTION ( 'NONE',  ( -0.000000000000000000, 1.000000000000000000, 0.000000000000000000 ) ) ;
#518 = FACE_OUTER_BOUND ( 'NONE', #301, .T. ) ;
#519 = VERTEX_POINT ( 'NONE', #6 ) ;
#520 = DIRECTION ( 'NONE',  ( -1.000000000000000000, -5.551115123125782702E-15, 0.000000000000000000 ) ) ;
#521 = EDGE_CURVE ( 'NONE', #2127, #1415, #425, .T. ) ;
#522 = CARTESIAN_POINT ( 'NONE',  ( 1.000000000000000000, 0.000000000000000000, 13.99999999999999822 ) ) ;
#523 = DIRECTION ( 'NONE',  ( 0.000000000000000000, -1.000000000000000000, 0.000000000000000000 ) ) ;
#524 = AXIS2_PLACEMENT_3D ( 'NONE', #1454, #1092, #1105 ) ;
#525 = FACE_BOUND ( 'NONE', #26, .T. ) ;
#526 = EDGE_CURVE ( 'NONE', #92, #1624, #400, .T. ) ;
#527 = CARTESIAN_POINT ( 'NONE',  ( 0.000000000000000000, 4.000000000000000000, 13.99999999999999822 ) ) ;
#528 = VERTEX_POINT ( 'NONE', #607 ) ;
#529 = ORIENTED_EDGE ( 'NONE', *, *, #1548, .T. ) ;
#530 = CARTESIAN_POINT ( 'NONE',  ( 15.83096897826069238, 4.963041224073418078, 1.283953296258158695E-31 ) ) ;
#531 = B_SPLINE_CURVE_WITH_KNOTS ( 'NONE', 3,
 ( #2404, #1426, #2211, #623, #1850, #530, #2261, #2224 ),
 .UNSPECIFIED., .F., .F.,
 ( 4, 2, 2, 4 ),
 ( -1.095445115016632671E-05, 0.001414893125827124945, 0.002127816914315771354, 0.002840740702804417546 ),
 .UNSPECIFIED. ) ;
#532 = DIRECTION ( 'NONE',  ( 0.000000000000000000, 0.000000000000000000, -1.000000000000000000 ) ) ;
#533 = DIRECTION ( 'NONE',  ( 0.000000000000000000, 0.000000000000000000, 1.000000000000000000 ) ) ;
#534 = ORIENTED_EDGE ( 'NONE', *, *, #1845, .T. ) ;
#535 = DIRECTION ( 'NONE',  ( 0.000000000000000000, 0.000000000000000000, -1.000000000000000000 ) ) ;
#536 = CARTESIAN_POINT ( 'NONE',  ( 122.7353278856376306, 2.500000000000000000, 15.00000000000000000 ) ) ;
#537 = VECTOR ( 'NONE', #265, 1000.000000000000000 ) ;
#538 = DIRECTION ( 'NONE',  ( 0.000000000000000000, 0.000000000000000000, -1.000000000000000000 ) ) ;
#539 = DIRECTION ( 'NONE',  ( -0.8119194573641598245, -0.5837694705562189723, 0.000000000000000000 ) ) ;
#540 = ORIENTED_EDGE ( 'NONE', *, *, #2283, .T. ) ;
#541 = ORIENTED_EDGE ( 'NONE', *, *, #851, .F. ) ;
#542 = ADVANCED_FACE ( 'NONE', ( #55, #2150 ), #1216, .F. ) ;
#543 = VECTOR ( 'NONE', #486, 1000.000000000000000 ) ;
#544 = CIRCLE ( 'NONE', #259, 2.999999999999999112 ) ;
#545 = AXIS2_PLACEMENT_3D ( 'NONE', #1664, #880, #2448 ) ;
#546 = DIRECTION ( 'NONE',  ( 0.8119194573641598245, 0.5837694705562191944, 0.000000000000000000 ) ) ;
#547 = CYLINDRICAL_SURFACE ( 'NONE', #419, 0.8000000000000160316 ) ;
#548 = ORIENTED_EDGE ( 'NONE', *, *, #1394, .F. ) ;
#549 = DIRECTION ( 'NONE',  ( 0.000000000000000000, 1.000000000000000000, 0.000000000000000000 ) ) ;
#550 = CARTESIAN_POINT ( 'NONE',  ( 27.62334830807086661, 64.70060748051888311, -5.000000000000000888 ) ) ;
#551 = DIRECTION ( 'NONE',  ( 0.6153846153846060929, 0.7882269819968994451, 0.000000000000000000 ) ) ;
#552 = CARTESIAN_POINT ( 'NONE',  ( 0.000000000000000000, 5.000000000000000000, -13.99999999999999822 ) ) ;
#553 = ORIENTED_EDGE ( 'NONE', *, *, #2266, .F. ) ;
#554 = ORIENTED_EDGE ( 'NONE', *, *, #2221, .T. ) ;
#555 = VECTOR ( 'NONE', #334, 1000.000000000000000 ) ;
#556 = EDGE_CURVE ( 'NONE', #1814, #92, #308, .T. ) ;
#557 = VECTOR ( 'NONE', #2463, 1000.000000000000000 ) ;
#558 = VECTOR ( 'NONE', #899, 1000.000000000000000 ) ;
#559 = EDGE_CURVE ( 'NONE', #1792, #883, #1015, .T. ) ;
#560 = DIRECTION ( 'NONE',  ( -0.000000000000000000, 1.000000000000000000, -0.000000000000000000 ) ) ;
#561 = CARTESIAN_POINT ( 'NONE',  ( 11.58779261888349588, 84.94760611584679566, 15.00000000000000000 ) ) ;
#562 = VERTEX_POINT ( 'NONE', #1162 ) ;
#563 = FACE_OUTER_BOUND ( 'NONE', #161, .T. ) ;
#564 = LINE ( 'NONE', #2225, #338 ) ;
#565 = DIRECTION ( 'NONE',  ( -1.000000000000000000, 0.000000000000000000, 0.000000000000000000 ) ) ;
#566 = CC_DESIGN_APPROVAL ( #453, ( #1700 ) ) ;
#567 = DIRECTION ( 'NONE',  ( -0.6153846153846164180, -0.7882269819968914515, 0.000000000000000000 ) ) ;
#568 = ORIENTED_EDGE ( 'NONE', *, *, #2113, .T. ) ;
#569 = VERTEX_POINT ( 'NONE', #45 ) ;
#570 = EDGE_CURVE ( 'NONE', #1574, #2020, #821, .T. ) ;
#571 = CARTESIAN_POINT ( 'NONE',  ( 15.00000000000000000, 1.000000000000000000, -12.00000000000000000 ) ) ;
#572 = CARTESIAN_POINT ( 'NONE',  ( 10.88726925421601699, 85.92190946468377888, 15.00000000000000000 ) ) ;
#573 = ADVANCED_FACE ( 'NONE', ( #799 ), #1943, .F. ) ;
#574 = ORIENTED_EDGE ( 'NONE', *, *, #1548, .F. ) ;
#575 = DIRECTION ( 'NONE',  ( -0.000000000000000000, 1.000000000000000000, -0.000000000000000000 ) ) ;
#576 = CARTESIAN_POINT ( 'NONE',  ( 30.94786614640050360, 83.20236172678839637, 7.500000000000000888 ) ) ;
#577 = ORIENTED_EDGE ( 'NONE', *, *, #484, .T. ) ;
#578 = CARTESIAN_POINT ( 'NONE',  ( 8.199711163235104294, 69.61766648317352235, 7.500000000000000888 ) ) ;
#579 = CARTESIAN_POINT ( 'NONE',  ( 9.234609985550044087, 90.27607038748995194, -5.000000000000000888 ) ) ;
#580 = ORIENTED_EDGE ( 'NONE', *, *, #1726, .T. ) ;
#581 = ORIENTED_EDGE ( 'NONE', *, *, #1095, .F. ) ;
#582 = AXIS2_PLACEMENT_3D ( 'NONE', #1991, #1418, #2192 ) ;
#583 = AXIS2_PLACEMENT_3D ( 'NONE', #2140, #2513, #1963 ) ;
#584 = DIRECTION ( 'NONE',  ( -0.000000000000000000, -0.000000000000000000, 1.000000000000000000 ) ) ;
#585 = LINE ( 'NONE', #1156, #1231 ) ;
#586 = VECTOR ( 'NONE', #1046, 999.9999999999998863 ) ;
#587 = ORIENTED_EDGE ( 'NONE', *, *, #1301, .F. ) ;
#588 = VECTOR ( 'NONE', #1540, 1000.000000000000000 ) ;
#589 = CARTESIAN_POINT ( 'NONE',  ( 0.000000000000000000, 4.000000000000000000, 28.99999999999999645 ) ) ;
#590 = CARTESIAN_POINT ( 'NONE',  ( 8.401170637189736112, 81.67110793245248601, -5.000000000000000888 ) ) ;
#591 = ADVANCED_FACE ( 'NONE', ( #1569 ), #36, .T. ) ;
#592 = ORIENTED_EDGE ( 'NONE', *, *, #2247, .T. ) ;
#593 = CARTESIAN_POINT ( 'NONE',  ( 0.000000000000000000, 96.37013220366763733, 1.000000000000000888 ) ) ;
#594 = DIRECTION ( 'NONE',  ( 0.8119194573641599355, 0.5837694705562187503, 0.000000000000000000 ) ) ;
#595 = VERTEX_POINT ( 'NONE', #629 ) ;
#596 = ORIENTED_EDGE ( 'NONE', *, *, #1817, .T. ) ;
#597 = ORIENTED_EDGE ( 'NONE', *, *, #165, .T. ) ;
#598 = VECTOR ( 'NONE', #171, 1000.000000000000000 ) ;
#599 = CARTESIAN_POINT ( 'NONE',  ( 15.00000000000000000, 1.000000000000000000, 26.99999999999999645 ) ) ;
#600 = CARTESIAN_POINT ( 'NONE',  ( 12.00000000000000000, 5.000000000000000000, -12.00000000000000000 ) ) ;
#601 = CIRCLE ( 'NONE', #469, 1.200000000000000622 ) ;
#602 = SECURITY_CLASSIFICATION_LEVEL ( 'unclassified' ) ;
#603 = DIRECTION ( 'NONE',  ( 0.5837694705562198605, -0.8119194573641592694, 0.000000000000000000 ) ) ;
#604 = ORIENTED_EDGE ( 'NONE', *, *, #2353, .T. ) ;
#605 = ADVANCED_FACE ( 'NONE', ( #1400 ), #436, .F. ) ;
#606 = DIRECTION ( 'NONE',  ( 0.000000000000000000, 0.000000000000000000, 1.000000000000000000 ) ) ;
#607 = CARTESIAN_POINT ( 'NONE',  ( 1.000000000000000000, 96.37013220366763733, 15.00000000000000000 ) ) ;
#608 = ORIENTED_EDGE ( 'NONE', *, *, #2366, .F. ) ;
#609 = ORIENTED_EDGE ( 'NONE', *, *, #1016, .F. ) ;
#610 = ADVANCED_FACE ( 'NONE', ( #977, #1748 ), #1367, .F. ) ;
#611 = VERTEX_POINT ( 'NONE', #2037 ) ;
#612 = EDGE_LOOP ( 'NONE', ( #363, #592, #925, #1529 ) ) ;
#613 = CARTESIAN_POINT ( 'NONE',  ( 122.7353278856376306, 0.000000000000000000, 13.99999999999999822 ) ) ;
#614 = CARTESIAN_POINT ( 'NONE',  ( 9.513192471986597454, 67.79084770410416638, 7.500000000000000888 ) ) ;
#615 = LINE ( 'NONE', #1385, #1064 ) ;
#616 = DIRECTION ( 'NONE',  ( -0.000000000000000000, -1.000000000000000000, -0.000000000000000000 ) ) ;
#617 = CARTESIAN_POINT ( 'NONE',  ( 122.7353278856376306, 2.500000000000000000, 15.00000000000000000 ) ) ;
#618 = ORIENTED_EDGE ( 'NONE', *, *, #1435, .F. ) ;
#619 = EDGE_CURVE ( 'NONE', #1222, #1402, #1617, .T. ) ;
#620 = ORIENTED_EDGE ( 'NONE', *, *, #366, .F. ) ;
#621 = ORIENTED_EDGE ( 'NONE', *, *, #397, .T. ) ;
#622 = DIRECTION ( 'NONE',  ( 0.000000000000000000, 0.000000000000000000, -1.000000000000000000 ) ) ;
#623 = CARTESIAN_POINT ( 'NONE',  ( 16.52029612089521393, 4.761062061974774551, -0.000000000000000000 ) ) ;
#624 = CIRCLE ( 'NONE', #744, 1.500000000000000000 ) ;
#625 = DIRECTION ( 'NONE',  ( -0.8119194573641599355, -0.5837694705562189723, 0.000000000000000000 ) ) ;
#626 = VECTOR ( 'NONE', #1520, 1000.000000000000114 ) ;
#627 = VECTOR ( 'NONE', #1993, 1000.000000000000000 ) ;
#628 = CARTESIAN_POINT ( 'NONE',  ( 1.000000000000000000, 4.000000000000000000, 27.00000000000000000 ) ) ;
#629 = CARTESIAN_POINT ( 'NONE',  ( 12.00000000000000000, 0.000000000000000000, -14.00000000000000000 ) ) ;
#630 = ORIENTED_EDGE ( 'NONE', *, *, #2251, .F. ) ;
#631 = VERTEX_POINT ( 'NONE', #1811 ) ;
#632 = EDGE_CURVE ( 'NONE', #2136, #1792, #272, .T. ) ;
#633 = DIRECTION ( 'NONE',  ( 0.000000000000000000, -1.000000000000000000, 0.000000000000000000 ) ) ;
#634 = LINE ( 'NONE', #2178, #421 ) ;
#635 = AXIS2_PLACEMENT_3D ( 'NONE', #2312, #2257, #715 ) ;
#636 = EDGE_CURVE ( 'NONE', #1957, #264, #303, .T. ) ;
#637 = VECTOR ( 'NONE', #2159, 1000.000000000000000 ) ;
#638 = DIRECTION ( 'NONE',  ( -1.000000000000000000, 9.251858538542970644E-15, 0.000000000000000000 ) ) ;
#639 = AXIS2_PLACEMENT_3D ( 'NONE', #2473, #96, #1089 ) ;
#640 = EDGE_LOOP ( 'NONE', ( #2483, #1049, #2417, #2496 ) ) ;
#641 = CARTESIAN_POINT ( 'NONE',  ( 29.90004924324011526, 61.53412159679864857, 15.00000000000000000 ) ) ;
#642 = CYLINDRICAL_SURFACE ( 'NONE', #1900, 1.000000000000007994 ) ;
#643 = ORIENTED_EDGE ( 'NONE', *, *, #2523, .F. ) ;
#644 = VERTEX_POINT ( 'NONE', #1858 ) ;
#645 = DIRECTION ( 'NONE',  ( -0.7882269819968914515, 0.6153846153846163070, 0.000000000000000000 ) ) ;
#646 = EDGE_CURVE ( 'NONE', #131, #888, #1443, .T. ) ;
#647 = CARTESIAN_POINT ( 'NONE',  ( 18.00000000000000000, 4.000000000000000000, 18.00000000000000000 ) ) ;
#648 = EDGE_CURVE ( 'NONE', #611, #1490, #2017, .T. ) ;
#649 = ORIENTED_EDGE ( 'NONE', *, *, #335, .T. ) ;
#650 = CARTESIAN_POINT ( 'NONE',  ( 2.500000000000000000, 96.37013220366763733, 1.000000000000000888 ) ) ;
#651 = CARTESIAN_POINT ( 'NONE',  ( 22.29488403642774585, 62.34742484718552902, 15.00000000000000000 ) ) ;
#652 = ORIENTED_EDGE ( 'NONE', *, *, #851, .T. ) ;
#653 = EDGE_LOOP ( 'NONE', ( #1503, #98, #2293, #2070 ) ) ;
#654 = DIRECTION ( 'NONE',  ( -0.8119194573641606016, -0.5837694705562179731, 0.000000000000000000 ) ) ;
#655 = CYLINDRICAL_SURFACE ( 'NONE', #1719, 1.000000000000000888 ) ;
#656 = AXIS2_PLACEMENT_3D ( 'NONE', #576, #1375, #2157 ) ;
#657 = ORIENTED_EDGE ( 'NONE', *, *, #2217, .F. ) ;
#658 = DIRECTION ( 'NONE',  ( 0.000000000000000000, 0.000000000000000000, 1.000000000000000000 ) ) ;
#659 = EDGE_CURVE ( 'NONE', #1834, #797, #1082, .T. ) ;
#660 = AXIS2_PLACEMENT_3D ( 'NONE', #2166, #1396, #2361 ) ;
#661 = CARTESIAN_POINT ( 'NONE',  ( 0.000000000000000000, 0.000000000000000000, 13.99999999999999822 ) ) ;
#662 = AXIS2_PLACEMENT_3D ( 'NONE', #699, #1096, #1652 ) ;
#663 = EDGE_CURVE ( 'NONE', #198, #1655, #33, .T. ) ;
#664 = VERTEX_POINT ( 'NONE', #2228 ) ;
#665 = EDGE_LOOP ( 'NONE', ( #2258, #296, #1641, #2040 ) ) ;
#666 = CARTESIAN_POINT ( 'NONE',  ( 130.0000000000000000, 0.000000000000000000, 15.00000000000000000 ) ) ;
#667 = CARTESIAN_POINT ( 'NONE',  ( 0.000000000000000000, 4.000000000000000000, 13.99999999999999822 ) ) ;
#668 = ORIENTED_EDGE ( 'NONE', *, *, #1992, .T. ) ;
#669 = AXIS2_PLACEMENT_3D ( 'NONE', #405, #2229, #478 ) ;
#670 = LINE ( 'NONE', #1215, #2011 ) ;
#671 = DIRECTION ( 'NONE',  ( -0.000000000000000000, -0.000000000000000000, 1.000000000000000000 ) ) ;
#672 = EDGE_CURVE ( 'NONE', #345, #2208, #2049, .T. ) ;
#673 = PERSON ( 'UNSPECIFIED', 'UNSPECIFIED', 'UNSPECIFIED', ('UNSPECIFIED'), ('UNSPECIFIED'), ('UNSPECIFIED') ) ;
#674 = AXIS2_PLACEMENT_3D ( 'NONE', #589, #1363, #2128 ) ;
#675 = CARTESIAN_POINT ( 'NONE',  ( 0.000000000000000000, 0.000000000000000000, 15.00000000000000000 ) ) ;
#676 = VERTEX_POINT ( 'NONE', #651 ) ;
#677 = ORIENTED_EDGE ( 'NONE', *, *, #2006, .T. ) ;
#678 = EDGE_CURVE ( 'NONE', #513, #1424, #1434, .T. ) ;
#679 = CARTESIAN_POINT ( 'NONE',  ( 0.000000000000000000, 0.000000000000000000, 13.99999999999999822 ) ) ;
#680 = APPROVAL_PERSON_ORGANIZATION ( #358, #1593, #194 ) ;
#681 = LINE ( 'NONE', #1451, #2223 ) ;
#682 = DIRECTION ( 'NONE',  ( 0.000000000000000000, 1.000000000000000000, 0.000000000000000000 ) ) ;
#683 = VERTEX_POINT ( 'NONE', #1047 ) ;
#684 = COORDINATED_UNIVERSAL_TIME_OFFSET ( 5, 30, .AHEAD. ) ;
#685 = CARTESIAN_POINT ( 'NONE',  ( 3.000000000000000000, 1.000000000000000000, 30.00000000000000000 ) ) ;
#686 = CARTESIAN_POINT ( 'NONE',  ( 6.304958344601829801, 82.87356126809736168, 0.000000000000000000 ) ) ;
#687 = DIRECTION ( 'NONE',  ( -1.000000000000000000, 0.000000000000000000, -0.000000000000000000 ) ) ;
#688 = DIRECTION ( 'NONE',  ( 0.000000000000000000, 0.000000000000000000, -1.000000000000000000 ) ) ;
#689 = VERTEX_POINT ( 'NONE', #456 ) ;
#690 = ORIENTED_EDGE ( 'NONE', *, *, #556, .F. ) ;
#691 = EDGE_CURVE ( 'NONE', #242, #847, #2145, .T. ) ;
#692 = CARTESIAN_POINT ( 'NONE',  ( 6.304958344601829801, 82.87356126809736168, -5.000000000000000888 ) ) ;
#693 = FACE_OUTER_BOUND ( 'NONE', #653, .T. ) ;
#694 = DIRECTION ( 'NONE',  ( 0.000000000000000000, 0.000000000000000000, 1.000000000000000000 ) ) ;
#695 = ORIENTED_EDGE ( 'NONE', *, *, #1389, .F. ) ;
#696 = LINE ( 'NONE', #1871, #107 ) ;
#697 = DIRECTION ( 'NONE',  ( -1.000000000000000000, 0.000000000000000000, 0.000000000000000000 ) ) ;
#698 = TOROIDAL_SURFACE ( 'NONE', #1763, 4.000000000000000000, 1.000000000000000000 ) ;
#699 = CARTESIAN_POINT ( 'NONE',  ( 10.14111589218697418, 86.61707502793670699, -5.000000000000000888 ) ) ;
#700 = FACE_OUTER_BOUND ( 'NONE', #1724, .T. ) ;
#701 = ORIENTED_EDGE ( 'NONE', *, *, #2394, .F. ) ;
#702 = ORIENTED_EDGE ( 'NONE', *, *, #1774, .T. ) ;
#703 = AXIS2_PLACEMENT_3D ( 'NONE', #1795, #1230, #50 ) ;
#704 = DIRECTION ( 'NONE',  ( 0.000000000000000000, 1.000000000000000000, 0.000000000000000000 ) ) ;
#705 = ADVANCED_FACE ( 'NONE', ( #1844 ), #2239, .T. ) ;
#706 = CARTESIAN_POINT ( 'NONE',  ( 1.000000000000000000, 5.000000000000000000, 27.00000000000000000 ) ) ;
#707 = DIRECTION ( 'NONE',  ( -1.000000000000000000, 0.000000000000000000, -0.000000000000000000 ) ) ;
#708 = EDGE_CURVE ( 'NONE', #317, #951, #1637, .T. ) ;
#709 = ORIENTED_EDGE ( 'NONE', *, *, #948, .T. ) ;
#710 = PERSON_AND_ORGANIZATION ( #673, #2434 ) ;
#711 = DIRECTION ( 'NONE',  ( -0.000000000000000000, -0.000000000000000000, 1.000000000000000000 ) ) ;
#712 = LINE ( 'NONE', #550, #879 ) ;
#713 = AXIS2_PLACEMENT_3D ( 'NONE', #2139, #748, #1920 ) ;
#714 = AXIS2_PLACEMENT_3D ( 'NONE', #2196, #88, #1455 ) ;
#715 = DIRECTION ( 'NONE',  ( -0.5837694705562173070, 0.8119194573641610457, 0.000000000000000000 ) ) ;
#716 = EDGE_LOOP ( 'NONE', ( #1922, #23, #709, #1467 ) ) ;
#717 = ORIENTED_EDGE ( 'NONE', *, *, #236, .T. ) ;
#718 = VECTOR ( 'NONE', #1686, 1000.000000000000000 ) ;
#719 = LINE ( 'NONE', #314, #2010 ) ;
#720 = CARTESIAN_POINT ( 'NONE',  ( 16.02295830786880870, 69.70015353659465518, 7.500000000000000888 ) ) ;
#721 = CARTESIAN_POINT ( 'NONE',  ( 12.00000000000000000, 5.000000000000000000, 30.00000000000000000 ) ) ;
#722 = EDGE_CURVE ( 'NONE', #336, #1996, #468, .T. ) ;
#723 = ORIENTED_EDGE ( 'NONE', *, *, #2068, .F. ) ;
#724 = PERSON_AND_ORGANIZATION ( #673, #2434 ) ;
#725 = LINE ( 'NONE', #1325, #557 ) ;
#726 = DIRECTION ( 'NONE',  ( 0.000000000000000000, 0.000000000000000000, -1.000000000000000000 ) ) ;
#727 = EDGE_CURVE ( 'NONE', #2430, #131, #1439, .T. ) ;
#728 = DIRECTION ( 'NONE',  ( -0.000000000000000000, -0.000000000000000000, 1.000000000000000000 ) ) ;
#729 = DIRECTION ( 'NONE',  ( -0.7882269819968922286, 0.6153846153846154188, 0.000000000000000000 ) ) ;
#730 = ORIENTED_EDGE ( 'NONE', *, *, #659, .F. ) ;
#731 = EDGE_LOOP ( 'NONE', ( #702, #2036, #604, #994 ) ) ;
#732 = DIRECTION ( 'NONE',  ( -0.8119194573641599355, -0.5837694705562189723, 0.000000000000000000 ) ) ;
#733 = FACE_OUTER_BOUND ( 'NONE', #1127, .T. ) ;
#734 = CARTESIAN_POINT ( 'NONE',  ( 0.000000000000000000, 5.000000000000000000, -15.00000000000000000 ) ) ;
#735 = ORIENTED_EDGE ( 'NONE', *, *, #288, .F. ) ;
#736 = CARTESIAN_POINT ( 'NONE',  ( 0.000000000000000000, 96.37013220366763733, 15.00000000000000000 ) ) ;
#737 = LINE ( 'NONE', #876, #1011 ) ;
#738 = EDGE_CURVE ( 'NONE', #562, #1072, #1056, .T. ) ;
#739 = ADVANCED_BREP_SHAPE_REPRESENTATION ( 'SIDE SUPPORT_RH_06-25-24', ( #1544, #524 ), #2398 ) ;
#740 = CARTESIAN_POINT ( 'NONE',  ( 28.76336200293028611, 60.71684433801993919, -5.000000000000000888 ) ) ;
#741 = DIRECTION ( 'NONE',  ( 0.000000000000000000, 0.000000000000000000, -1.000000000000000000 ) ) ;
#742 = ORIENTED_EDGE ( 'NONE', *, *, #2130, .F. ) ;
#743 = VERTEX_POINT ( 'NONE', #685 ) ;
#744 = AXIS2_PLACEMENT_3D ( 'NONE', #463, #1245, #638 ) ;
#745 = EDGE_CURVE ( 'NONE', #130, #92, #489, .T. ) ;
#746 = VECTOR ( 'NONE', #1041, 1000.000000000000000 ) ;
#747 = AXIS2_PLACEMENT_3D ( 'NONE', #1201, #1797, #1635 ) ;
#748 = DIRECTION ( 'NONE',  ( 1.000000000000000000, -0.000000000000000000, 0.000000000000000000 ) ) ;
#749 = CYLINDRICAL_SURFACE ( 'NONE', #297, 2.249999999999999556 ) ;
#750 = AXIS2_PLACEMENT_3D ( 'NONE', #1909, #206, #774 ) ;
#751 = EDGE_LOOP ( 'NONE', ( #351, #2319, #1189, #1654 ) ) ;
#752 = DIRECTION ( 'NONE',  ( 1.000000000000000000, -0.000000000000000000, 0.000000000000000000 ) ) ;
#753 = DIRECTION ( 'NONE',  ( -0.000000000000000000, 0.000000000000000000, -1.000000000000000000 ) ) ;
#754 = CARTESIAN_POINT ( 'NONE',  ( 3.423076923076900702, 97.55247267666297262, 0.000000000000000000 ) ) ;
#755 = DIRECTION ( 'NONE',  ( -0.000000000000000000, -0.000000000000000000, 1.000000000000000000 ) ) ;
#756 = CIRCLE ( 'NONE', #1897, 2.250000000000000444 ) ;
#757 = ADVANCED_FACE ( 'NONE', ( #2388 ), #642, .T. ) ;
#758 = ORIENTED_EDGE ( 'NONE', *, *, #745, .T. ) ;
#759 = ORIENTED_EDGE ( 'NONE', *, *, #1893, .F. ) ;
#760 = AXIS2_PLACEMENT_3D ( 'NONE', #1754, #788, #2155 ) ;
#761 = ADVANCED_FACE ( 'NONE', ( #563 ), #359, .T. ) ;
#762 = VECTOR ( 'NONE', #1176, 1000.000000000000000 ) ;
#763 = AXIS2_PLACEMENT_3D ( 'NONE', #2060, #1645, #1671 ) ;
#764 = CARTESIAN_POINT ( 'NONE',  ( 13.99999999999999822, 0.000000000000000000, 26.99999999999998224 ) ) ;
#765 = DIRECTION ( 'NONE',  ( -0.7882269819968955593, 0.6153846153846111999, 0.000000000000000000 ) ) ;
#766 = ORIENTED_EDGE ( 'NONE', *, *, #2336, .T. ) ;
#767 = LINE ( 'NONE', #1538, #1647 ) ;
#768 = DIRECTION ( 'NONE',  ( -0.000000000000000000, -0.000000000000000000, 1.000000000000000000 ) ) ;
#769 = DIRECTION ( 'NONE',  ( -0.000000000000000000, -0.000000000000000000, 1.000000000000000000 ) ) ;
#770 = CARTESIAN_POINT ( 'NONE',  ( 22.01675211539474830, 76.78089755066997668, 7.500000000000000888 ) ) ;
#771 = ORIENTED_EDGE ( 'NONE', *, *, #85, .F. ) ;
#772 = EDGE_LOOP ( 'NONE', ( #992, #1648, #2001, #848 ) ) ;
#773 = EDGE_CURVE ( 'NONE', #147, #595, #506, .T. ) ;
#774 = DIRECTION ( 'NONE',  ( 0.5837694705562187503, -0.8119194573641601576, 0.000000000000000000 ) ) ;
#775 = CARTESIAN_POINT ( 'NONE',  ( 9.513192471986597454, 67.79084770410416638, 7.500000000000000888 ) ) ;
#776 = ORIENTED_EDGE ( 'NONE', *, *, #43, .T. ) ;
#777 = FACE_OUTER_BOUND ( 'NONE', #384, .T. ) ;
#778 = CARTESIAN_POINT ( 'NONE',  ( 8.401170637189736112, 81.67110793245248601, 15.00000000000000000 ) ) ;
#779 = ORIENTED_EDGE ( 'NONE', *, *, #2085, .T. ) ;
#780 = CARTESIAN_POINT ( 'NONE',  ( 9.491580326295622427, 86.15005945149171396, 15.00000000000000000 ) ) ;
#781 = CARTESIAN_POINT ( 'NONE',  ( 21.17833289409147213, 62.52994483663183445, -5.000000000000000888 ) ) ;
#782 = ORIENTED_EDGE ( 'NONE', *, *, #648, .F. ) ;
#783 = ORIENTED_EDGE ( 'NONE', *, *, #2369, .T. ) ;
#784 = AXIS2_PLACEMENT_3D ( 'NONE', #1040, #2187, #414 ) ;
#785 = ORIENTED_EDGE ( 'NONE', *, *, #1480, .T. ) ;
#786 = AXIS2_PLACEMENT_3D ( 'NONE', #1702, #694, #1507 ) ;
#787 = AXIS2_PLACEMENT_3D ( 'NONE', #2095, #538, #687 ) ;
#788 = DIRECTION ( 'NONE',  ( 1.000000000000000000, 0.000000000000000000, -0.000000000000000000 ) ) ;
#789 = DIRECTION ( 'NONE',  ( -1.000000000000000000, 0.000000000000000000, 0.000000000000000000 ) ) ;
#790 = EDGE_CURVE ( 'NONE', #1789, #1957, #1009, .T. ) ;
#791 = CIRCLE ( 'NONE', #2210, 2.000000000000000000 ) ;
#792 = ORIENTED_EDGE ( 'NONE', *, *, #2453, .T. ) ;
#793 = AXIS2_PLACEMENT_3D ( 'NONE', #1283, #302, #2488 ) ;
#794 = CARTESIAN_POINT ( 'NONE',  ( 13.99999999999999822, 1.000000000000000000, 18.00000000000000355 ) ) ;
#795 = DIRECTION ( 'NONE',  ( -0.5837694705562187503, 0.8119194573641599355, -0.000000000000000000 ) ) ;
#796 = ADVANCED_FACE ( 'NONE', ( #319 ), #1339, .T. ) ;
#797 = VERTEX_POINT ( 'NONE', #1484 ) ;
#798 = DIRECTION ( 'NONE',  ( -0.8119194573641630441, -0.5837694705562145314, -0.000000000000000000 ) ) ;
#799 = FACE_OUTER_BOUND ( 'NONE', #2197, .T. ) ;
#800 = ORIENTED_EDGE ( 'NONE', *, *, #1198, .T. ) ;
#801 = VERTEX_POINT ( 'NONE', #2477 ) ;
#802 = ORIENTED_EDGE ( 'NONE', *, *, #154, .F. ) ;
#803 = ORIENTED_EDGE ( 'NONE', *, *, #834, .F. ) ;
#804 = CIRCLE ( 'NONE', #188, 2.500000000000000000 ) ;
#805 = DIRECTION ( 'NONE',  ( -0.000000000000000000, -0.000000000000000000, 1.000000000000000000 ) ) ;
#806 = AXIS2_PLACEMENT_3D ( 'NONE', #522, #2093, #368 ) ;
#807 = CYLINDRICAL_SURFACE ( 'NONE', #1598, 1.000000000000000000 ) ;
#808 = VECTOR ( 'NONE', #348, 1000.000000000000000 ) ;
#809 = PRODUCT_DEFINITION ( 'UNKNOWN', '', #1700, #1567 ) ;
#810 = DIRECTION ( 'NONE',  ( -0.000000000000000000, -0.000000000000000000, 1.000000000000000000 ) ) ;
#811 = CARTESIAN_POINT ( 'NONE',  ( 0.000000000000000000, 5.000000000000000000, 0.000000000000000000 ) ) ;
#812 = EDGE_CURVE ( 'NONE', #394, #173, #725, .T. ) ;
#813 = CARTESIAN_POINT ( 'NONE',  ( 21.82786845998271374, 62.99696041307675642, -5.000000000000000888 ) ) ;
#814 = EDGE_LOOP ( 'NONE', ( #60, #730, #1292, #2385 ) ) ;
#815 = EDGE_LOOP ( 'NONE', ( #1595, #243, #1420, #426 ) ) ;
#816 = VERTEX_POINT ( 'NONE', #1299 ) ;
#817 = CARTESIAN_POINT ( 'NONE',  ( 0.000000000000000000, 1.000000000000000000, 1.000000000000000888 ) ) ;
#818 = LINE ( 'NONE', #2024, #2376 ) ;
#819 = FACE_OUTER_BOUND ( 'NONE', #1481, .T. ) ;
#820 = CARTESIAN_POINT ( 'NONE',  ( 29.90004924324011526, 61.53412159679864857, 15.00000000000000000 ) ) ;
#821 = LINE ( 'NONE', #781, #1077 ) ;
#822 = EDGE_CURVE ( 'NONE', #664, #324, #1940, .T. ) ;
#823 = ORIENTED_EDGE ( 'NONE', *, *, #980, .T. ) ;
#824 = CARTESIAN_POINT ( 'NONE',  ( 13.99999999999999822, 1.000000000000000000, 15.00000000000000000 ) ) ;
#825 = EDGE_CURVE ( 'NONE', #528, #1907, #877, .T. ) ;
#826 = CARTESIAN_POINT ( 'NONE',  ( 13.99999999999999822, 4.000000000000000000, -12.00000000000000000 ) ) ;
#827 = FACE_OUTER_BOUND ( 'NONE', #1441, .T. ) ;
#828 = VECTOR ( 'NONE', #753, 1000.000000000000000 ) ;
#829 = CYLINDRICAL_SURFACE ( 'NONE', #2007, 2.749999999999990230 ) ;
#830 = VERTEX_POINT ( 'NONE', #1662 ) ;
#831 = TOROIDAL_SURFACE ( 'NONE', #1725, 1.500000000000000000, 1.000000000000000000 ) ;
#832 = DIRECTION ( 'NONE',  ( 1.000000000000000000, 0.000000000000000000, 0.000000000000000000 ) ) ;
#833 = DIRECTION ( 'NONE',  ( 0.000000000000000000, -0.000000000000000000, 1.000000000000000000 ) ) ;
#834 = EDGE_CURVE ( 'NONE', #1864, #1252, #433, .T. ) ;
#835 = VERTEX_POINT ( 'NONE', #1135 ) ;
#836 = DIRECTION ( 'NONE',  ( -1.000000000000000000, 1.734723475976836440E-14, 0.000000000000000000 ) ) ;
#837 = EDGE_CURVE ( 'NONE', #1624, #198, #696, .T. ) ;
#838 = CARTESIAN_POINT ( 'NONE',  ( 123.6584048087145504, 3.682340472995338398, 13.99999999999999822 ) ) ;
#839 = CIRCLE ( 'NONE', #2260, 2.250000000000000444 ) ;
#840 = AXIS2_PLACEMENT_3D ( 'NONE', #293, #2419, #2409 ) ;
#841 = LINE ( 'NONE', #1232, #2497 ) ;
#842 = CIRCLE ( 'NONE', #1407, 1.000000000000000000 ) ;
#843 = VERTEX_POINT ( 'NONE', #1120 ) ;
#844 = DIRECTION ( 'NONE',  ( -0.000000000000000000, -0.000000000000000000, 1.000000000000000000 ) ) ;
#845 = VECTOR ( 'NONE', #795, 1000.000000000000227 ) ;
#846 = DIRECTION ( 'NONE',  ( 0.000000000000000000, 0.000000000000000000, -1.000000000000000000 ) ) ;
#847 = VERTEX_POINT ( 'NONE', #1470 ) ;
#848 = ORIENTED_EDGE ( 'NONE', *, *, #2266, .T. ) ;
#849 = EDGE_CURVE ( 'NONE', #830, #2341, #1311, .T. ) ;
#850 = CARTESIAN_POINT ( 'NONE',  ( 3.000000000000000000, 4.000000000000000000, -12.00000000000000000 ) ) ;
#851 = EDGE_CURVE ( 'NONE', #1640, #1603, #125, .T. ) ;
#852 = DIRECTION ( 'NONE',  ( 0.5837694705562188613, -0.8119194573641598245, 0.000000000000000000 ) ) ;
#853 = ORIENTED_EDGE ( 'NONE', *, *, #2247, .F. ) ;
#854 = DIRECTION ( 'NONE',  ( 0.000000000000000000, 0.000000000000000000, 1.000000000000000000 ) ) ;
#855 = CARTESIAN_POINT ( 'NONE',  ( 122.7353278856376306, 2.500000000000000000, 0.000000000000000000 ) ) ;
#856 = ORIENTED_EDGE ( 'NONE', *, *, #1511, .F. ) ;
#857 = VERTEX_POINT ( 'NONE', #347 ) ;
#858 = DIRECTION ( 'NONE',  ( -0.000000000000000000, -0.000000000000000000, 1.000000000000000000 ) ) ;
#859 = DIRECTION ( 'NONE',  ( 1.000000000000000000, 0.000000000000000000, 0.000000000000000000 ) ) ;
#860 = ADVANCED_FACE ( 'NONE', ( #2254 ), #2503, .F. ) ;
#861 = AXIS2_PLACEMENT_3D ( 'NONE', #356, #1547, #2305 ) ;
#862 = ORIENTED_EDGE ( 'NONE', *, *, #1350, .F. ) ;
#863 = CARTESIAN_POINT ( 'NONE',  ( 124.2737894240991636, 4.470567454992231404, 13.99999999999999822 ) ) ;
#864 = CIRCLE ( 'NONE', #703, 4.000000000000000000 ) ;
#865 = DIRECTION ( 'NONE',  ( -0.8119194573641598245, -0.5837694705562188613, 0.000000000000000000 ) ) ;
#866 = EDGE_CURVE ( 'NONE', #1907, #2237, #1093, .T. ) ;
#867 = AXIS2_PLACEMENT_3D ( 'NONE', #2134, #454, #1821 ) ;
#868 = DIRECTION ( 'NONE',  ( 0.000000000000000000, 0.000000000000000000, -1.000000000000000000 ) ) ;
#869 = ORIENTED_EDGE ( 'NONE', *, *, #2046, .F. ) ;
#870 = EDGE_LOOP ( 'NONE', ( #568, #8, #2154, #1619 ) ) ;
#871 = LINE ( 'NONE', #2056, #57 ) ;
#872 = FACE_OUTER_BOUND ( 'NONE', #162, .T. ) ;
#873 = FACE_OUTER_BOUND ( 'NONE', #731, .T. ) ;
#874 = ORIENTED_EDGE ( 'NONE', *, *, #59, .F. ) ;
#875 = CARTESIAN_POINT ( 'NONE',  ( 0.000000000000000000, 4.000000000000000000, 30.00000000000000000 ) ) ;
#876 = CARTESIAN_POINT ( 'NONE',  ( 12.00000000000000000, 5.000000000000000000, -15.00000000000000000 ) ) ;
#877 = CIRCLE ( 'NONE', #273, 1.000000000000000888 ) ;
#878 = ADVANCED_FACE ( 'NONE', ( #1717 ), #1482, .T. ) ;
#879 = VECTOR ( 'NONE', #1693, 1000.000000000000000 ) ;
#880 = DIRECTION ( 'NONE',  ( 0.000000000000000000, 1.000000000000000000, 0.000000000000000000 ) ) ;
#881 = DIRECTION ( 'NONE',  ( 0.000000000000000000, 0.000000000000000000, 1.000000000000000000 ) ) ;
#882 = ORIENTED_EDGE ( 'NONE', *, *, #481, .F. ) ;
#883 = VERTEX_POINT ( 'NONE', #2295 ) ;
#884 = CARTESIAN_POINT ( 'NONE',  ( 12.00000000000000000, 5.000000000000000000, -12.00000000000000000 ) ) ;
#885 = APPROVAL_PERSON_ORGANIZATION ( #710, #453, #2238 ) ;
#886 = LINE ( 'NONE', #2442, #558 ) ;
#887 = DIRECTION ( 'NONE',  ( 1.000000000000000000, 0.000000000000000000, -0.000000000000000000 ) ) ;
#888 = VERTEX_POINT ( 'NONE', #2105 ) ;
#889 = DIRECTION ( 'NONE',  ( 0.000000000000000000, 1.000000000000000000, 0.000000000000000000 ) ) ;
#890 = CARTESIAN_POINT ( 'NONE',  ( 1.000000000000000000, 96.37013220366763733, 13.99999999999999822 ) ) ;
#891 = DIRECTION ( 'NONE',  ( -0.000000000000000000, -0.000000000000000000, 1.000000000000000000 ) ) ;
#892 = LINE ( 'NONE', #2284, #2460 ) ;
#893 = DIRECTION ( 'NONE',  ( 0.000000000000000000, 0.000000000000000000, -1.000000000000000000 ) ) ;
#894 = ADVANCED_FACE ( 'NONE', ( #903 ), #1677, .F. ) ;
#895 = ORIENTED_EDGE ( 'NONE', *, *, #46, .T. ) ;
#896 = ORIENTED_EDGE ( 'NONE', *, *, #1129, .F. ) ;
#897 = FACE_OUTER_BOUND ( 'NONE', #91, .T. ) ;
#898 = EDGE_CURVE ( 'NONE', #228, #131, #1550, .T. ) ;
#899 = DIRECTION ( 'NONE',  ( 1.000000000000000000, -0.000000000000000000, 0.000000000000000000 ) ) ;
#900 = CIRCLE ( 'NONE', #2326, 0.7999999999999951594 ) ;
#901 = EDGE_LOOP ( 'NONE', ( #402, #2306, #630, #1883 ) ) ;
#902 = PERSON_AND_ORGANIZATION ( #673, #2434 ) ;
#903 = FACE_OUTER_BOUND ( 'NONE', #716, .T. ) ;
#904 = DIRECTION ( 'NONE',  ( 0.000000000000000000, 0.000000000000000000, 1.000000000000000000 ) ) ;
#905 = CIRCLE ( 'NONE', #174, 1.000000000000000000 ) ;
#906 = AXIS2_PLACEMENT_3D ( 'NONE', #1889, #1487, #1473 ) ;
#907 = LINE ( 'NONE', #349, #1973 ) ;
#908 = FACE_OUTER_BOUND ( 'NONE', #963, .T. ) ;
#909 = ORIENTED_EDGE ( 'NONE', *, *, #1224, .T. ) ;
#910 = ORIENTED_EDGE ( 'NONE', *, *, #1978, .T. ) ;
#911 = AXIS2_PLACEMENT_3D ( 'NONE', #628, #2003, #832 ) ;
#912 = AXIS2_PLACEMENT_3D ( 'NONE', #650, #99, #520 ) ;
#913 = CARTESIAN_POINT ( 'NONE',  ( 15.59566492076585398, 4.999999999999999112, 15.00000000000000178 ) ) ;
#914 = EDGE_CURVE ( 'NONE', #2031, #504, #2320, .T. ) ;
#915 = CARTESIAN_POINT ( 'NONE',  ( 18.00000000000000000, 1.000000000000000000, 1.000000000000000000 ) ) ;
#916 = CARTESIAN_POINT ( 'NONE',  ( 21.82786845998271374, 62.99696041307675642, 0.000000000000000000 ) ) ;
#917 = ORIENTED_EDGE ( 'NONE', *, *, #1875, .T. ) ;
#918 = FACE_OUTER_BOUND ( 'NONE', #2214, .T. ) ;
#919 = CARTESIAN_POINT ( 'NONE',  ( 12.00000000000000000, 0.000000000000000000, -13.99999999999999822 ) ) ;
#920 = DIRECTION ( 'NONE',  ( 0.000000000000000000, 1.000000000000000000, 0.000000000000000000 ) ) ;
#921 = VECTOR ( 'NONE', #1057, 1000.000000000000000 ) ;
#922 = LINE ( 'NONE', #159, #2209 ) ;
#923 = VECTOR ( 'NONE', #1237, 1000.000000000000000 ) ;
#924 = DIRECTION ( 'NONE',  ( 0.000000000000000000, 0.000000000000000000, 1.000000000000000000 ) ) ;
#925 = ORIENTED_EDGE ( 'NONE', *, *, #980, .F. ) ;
#926 = ORIENTED_EDGE ( 'NONE', *, *, #187, .F. ) ;
#927 = AXIS2_PLACEMENT_3D ( 'NONE', #2291, #546, #1322 ) ;
#928 = DIRECTION ( 'NONE',  ( -1.000000000000000000, 0.000000000000000000, 0.000000000000000000 ) ) ;
#929 = PRODUCT ( 'SIDE SUPPORT_RH_06-25-24', 'SIDE SUPPORT_RH_06-25-24', '', ( #1269 ) ) ;
#930 = DIRECTION ( 'NONE',  ( 0.000000000000000000, 0.000000000000000000, 1.000000000000000000 ) ) ;
#931 = CARTESIAN_POINT ( 'NONE',  ( 3.000000000000000000, 1.000000000000000000, -12.00000000000000000 ) ) ;
#932 = EDGE_CURVE ( 'NONE', #2104, #2136, #959, .T. ) ;
#933 = VERTEX_POINT ( 'NONE', #2143 ) ;
#934 = CARTESIAN_POINT ( 'NONE',  ( 7.005481709269287371, 81.89925791926036425, 0.000000000000000000 ) ) ;
#935 = DIRECTION ( 'NONE',  ( 0.000000000000000000, 0.000000000000000000, 1.000000000000000000 ) ) ;
#936 = ADVANCED_FACE ( 'NONE', ( #777 ), #1564, .T. ) ;
#937 = FACE_OUTER_BOUND ( 'NONE', #185, .T. ) ;
#938 = CARTESIAN_POINT ( 'NONE',  ( 20.62541512433775281, 60.90074812048893449, 0.000000000000000000 ) ) ;
#939 = VERTEX_POINT ( 'NONE', #1745 ) ;
#940 = ORIENTED_EDGE ( 'NONE', *, *, #1929, .F. ) ;
#941 = CARTESIAN_POINT ( 'NONE',  ( 15.00000000000000000, 4.000000000000000000, -12.00000000000000000 ) ) ;
#942 = FACE_OUTER_BOUND ( 'NONE', #665, .T. ) ;
#943 = VERTEX_POINT ( 'NONE', #1172 ) ;
#944 = EDGE_CURVE ( 'NONE', #476, #1005, #1348, .T. ) ;
#945 = DIRECTION ( 'NONE',  ( -0.000000000000000000, -1.000000000000000000, -0.000000000000000000 ) ) ;
#946 = LINE ( 'NONE', #1718, #828 ) ;
#947 = DIRECTION ( 'NONE',  ( 0.000000000000000000, 0.000000000000000000, -1.000000000000000000 ) ) ;
#948 = EDGE_CURVE ( 'NONE', #1801, #1829, #1855, .T. ) ;
#949 = CARTESIAN_POINT ( 'NONE',  ( 13.39599569036582061, 73.35379109473338133, 7.500000000000000888 ) ) ;
#950 = ORIENTED_EDGE ( 'NONE', *, *, #2315, .F. ) ;
#951 = VERTEX_POINT ( 'NONE', #1759 ) ;
#952 = CIRCLE ( 'NONE', #582, 4.000000000000000000 ) ;
#953 = AXIS2_PLACEMENT_3D ( 'NONE', #2190, #1196, #1825 ) ;
#954 =( BOUNDED_CURVE ( )  B_SPLINE_CURVE ( 3, ( #502, #1280, #2459, #1479 ),
 .UNSPECIFIED., .F., .T. ) 
 B_SPLINE_CURVE_WITH_KNOTS ( ( 4, 4 ),
 ( 3.141592653589793116, 6.283185307179586232 ),
 .UNSPECIFIED. ) 
 CURVE ( )  GEOMETRIC_REPRESENTATION_ITEM ( )  RATIONAL_B_SPLINE_CURVE ( ( 1.000000000000000000, 0.3333333333333333703, 0.3333333333333333703, 1.000000000000000000 ) ) 
 REPRESENTATION_ITEM ( '' )  );
#955 = AXIS2_PLACEMENT_3D ( 'NONE', #975, #170, #947 ) ;
#956 = DIRECTION ( 'NONE',  ( -0.000000000000000000, -0.000000000000000000, 1.000000000000000000 ) ) ;
#957 = DIRECTION ( 'NONE',  ( -0.000000000000000000, -0.000000000000000000, 1.000000000000000000 ) ) ;
#958 = ORIENTED_EDGE ( 'NONE', *, *, #2002, .T. ) ;
#959 = LINE ( 'NONE', #1924, #1083 ) ;
#960 = DIRECTION ( 'NONE',  ( 0.000000000000000000, 0.000000000000000000, 1.000000000000000000 ) ) ;
#961 = DIRECTION ( 'NONE',  ( 0.8119194573641598245, 0.5837694705562190833, -0.000000000000000000 ) ) ;
#962 = CARTESIAN_POINT ( 'NONE',  ( 123.6584048087145504, 3.682340472995327296, 0.000000000000000000 ) ) ;
#963 = EDGE_LOOP ( 'NONE', ( #1584, #1739, #1607, #1369 ) ) ;
#964 = ORIENTED_EDGE ( 'NONE', *, *, #678, .T. ) ;
#965 = EDGE_CURVE ( 'NONE', #422, #939, #2518, .T. ) ;
#966 = AXIS2_PLACEMENT_3D ( 'NONE', #200, #1994, #1554 ) ;
#967 = VECTOR ( 'NONE', #1853, 1000.000000000000000 ) ;
#968 = AXIS2_PLACEMENT_3D ( 'NONE', #2517, #1349, #1186 ) ;
#969 = CARTESIAN_POINT ( 'NONE',  ( 6.304958344601829801, 82.87356126809736168, -5.000000000000000888 ) ) ;
#970 = CARTESIAN_POINT ( 'NONE',  ( 1.000000000000000000, 5.000000000000000000, 15.00000000000000000 ) ) ;
#971 = ORIENTED_EDGE ( 'NONE', *, *, #430, .F. ) ;
#972 = COORDINATED_UNIVERSAL_TIME_OFFSET ( 5, 30, .AHEAD. ) ;
#973 = DIRECTION ( 'NONE',  ( -0.000000000000000000, -0.000000000000000000, 1.000000000000000000 ) ) ;
#974 = DIRECTION ( 'NONE',  ( -1.000000000000000000, 0.000000000000000000, -0.000000000000000000 ) ) ;
#975 = CARTESIAN_POINT ( 'NONE',  ( 122.7353278856376306, 1.000000000000000000, 13.99999999999999822 ) ) ;
#976 = LOCAL_TIME ( 22, 55, 17.00000000000000000, #2077 ) ;
#977 = FACE_OUTER_BOUND ( 'NONE', #2137, .T. ) ;
#978 = ORIENTED_EDGE ( 'NONE', *, *, #2329, .T. ) ;
#979 = VERTEX_POINT ( 'NONE', #195 ) ;
#980 = EDGE_CURVE ( 'NONE', #933, #943, #767, .T. ) ;
#981 = ORIENTED_EDGE ( 'NONE', *, *, #335, .F. ) ;
#982 = EDGE_CURVE ( 'NONE', #1603, #1508, #886, .T. ) ;
#983 = PLANE ( 'NONE',  #760 ) ;
#984 = FACE_OUTER_BOUND ( 'NONE', #2487, .T. ) ;
#985 = ORIENTED_EDGE ( 'NONE', *, *, #837, .F. ) ;
#986 = APPROVAL_STATUS ( 'not_yet_approved' ) ;
#987 = DIRECTION ( 'NONE',  ( -1.000000000000000000, 0.000000000000000000, 0.000000000000000000 ) ) ;
#988 = CARTESIAN_POINT ( 'NONE',  ( 13.99999999999999822, 4.000000000000000000, -15.00000000000000000 ) ) ;
#989 = LINE ( 'NONE', #1762, #2502 ) ;
#990 = DIRECTION ( 'NONE',  ( -0.8119194573641599355, -0.5837694705562189723, 0.000000000000000000 ) ) ;
#991 = ORIENTED_EDGE ( 'NONE', *, *, #1774, .F. ) ;
#992 = ORIENTED_EDGE ( 'NONE', *, *, #1129, .T. ) ;
#993 = EDGE_LOOP ( 'NONE', ( #337, #1712, #357, #2026, #1275, #2071, #1516, #1761, #19, #1343, #1683, #27, #1549, #2274, #2084, #1342, #2117, #1833, #1262, #1555, #1091, #1908 ) ) ;
#994 = ORIENTED_EDGE ( 'NONE', *, *, #1409, .F. ) ;
#995 = CIRCLE ( 'NONE', #1670, 2.250000000000000444 ) ;
#996 = CIRCLE ( 'NONE', #1972, 2.000000000000000000 ) ;
#997 = CARTESIAN_POINT ( 'NONE',  ( 18.00000000000000000, 1.000000000000000000, 18.00000000000000000 ) ) ;
#998 = CARTESIAN_POINT ( 'NONE',  ( 0.4142135623730954230, 5.000000000000000000, 1.012464023903132450E-15 ) ) ;
#999 = VECTOR ( 'NONE', #307, 1000.000000000000114 ) ;
#1000 = ADVANCED_FACE ( 'NONE', ( #2235 ), #1838, .T. ) ;
#1001 = CARTESIAN_POINT ( 'NONE',  ( 11.58779261888350121, 84.94760611584679566, 15.00000000000000000 ) ) ;
#1002 = CARTESIAN_POINT ( 'NONE',  ( 22.01675211539474830, 76.78089755066997668, 7.500000000000000888 ) ) ;
#1003 = ORIENTED_EDGE ( 'NONE', *, *, #2130, .T. ) ;
#1004 = EDGE_LOOP ( 'NONE', ( #597, #2399, #1164, #2053 ) ) ;
#1005 = VERTEX_POINT ( 'NONE', #1278 ) ;
#1006 = VERTEX_POINT ( 'NONE', #706 ) ;
#1007 = VECTOR ( 'NONE', #391, 1000.000000000000000 ) ;
#1008 = CARTESIAN_POINT ( 'NONE',  ( 18.00000000000000000, 1.000000000000000000, 0.000000000000000000 ) ) ;
#1009 = CIRCLE ( 'NONE', #1644, 2.999999999999999112 ) ;
#1010 = CARTESIAN_POINT ( 'NONE',  ( 18.00000000000000000, 0.000000000000000000, 18.00000000000000000 ) ) ;
#1011 = VECTOR ( 'NONE', #523, 1000.000000000000000 ) ;
#1012 = DIRECTION ( 'NONE',  ( -0.8119194573641598245, -0.5837694705562189723, 0.000000000000000000 ) ) ;
#1013 = EDGE_CURVE ( 'NONE', #2268, #336, #1307, .T. ) ;
#1014 = DIRECTION ( 'NONE',  ( 0.000000000000000000, 0.000000000000000000, -1.000000000000000000 ) ) ;
#1015 = LINE ( 'NONE', #1387, #762 ) ;
#1016 = EDGE_CURVE ( 'NONE', #257, #2330, #842, .T. ) ;
#1017 = SECURITY_CLASSIFICATION ( '', '', #602 ) ;
#1018 = ORIENTED_EDGE ( 'NONE', *, *, #2162, .F. ) ;
#1019 = ORIENTED_EDGE ( 'NONE', *, *, #1193, .F. ) ;
#1020 = CARTESIAN_POINT ( 'NONE',  ( 12.00000000000000000, 4.000000000000000000, 26.99999999999999645 ) ) ;
#1021 = DIRECTION ( 'NONE',  ( 0.5837694705562173070, -0.8119194573641610457, 0.000000000000000000 ) ) ;
#1022 = CARTESIAN_POINT ( 'NONE',  ( 0.000000000000000000, 1.000000000000000000, -13.99999999999999822 ) ) ;
#1023 = ADVANCED_FACE ( 'NONE', ( #1659 ), #1294, .T. ) ;
#1024 = LINE ( 'NONE', #53, #2212 ) ;
#1025 = DIRECTION ( 'NONE',  ( 0.5837694705562188613, -0.8119194573641600465, 0.000000000000000000 ) ) ;
#1026 = EDGE_CURVE ( 'NONE', #562, #569, #312, .T. ) ;
#1027 = EDGE_LOOP ( 'NONE', ( #1936, #388, #609, #2501 ) ) ;
#1028 = CIRCLE ( 'NONE', #784, 0.8000000000000160316 ) ;
#1029 = FACE_OUTER_BOUND ( 'NONE', #2151, .T. ) ;
#1030 = DIRECTION ( 'NONE',  ( 0.000000000000000000, 0.000000000000000000, -1.000000000000000000 ) ) ;
#1031 = CIRCLE ( 'NONE', #2245, 2.999999999999999112 ) ;
#1032 = DIRECTION ( 'NONE',  ( 0.000000000000000000, 0.000000000000000000, 1.000000000000000000 ) ) ;
#1033 = CIRCLE ( 'NONE', #2456, 2.999999999999999112 ) ;
#1034 = ORIENTED_EDGE ( 'NONE', *, *, #1511, .T. ) ;
#1035 = AXIS2_PLACEMENT_3D ( 'NONE', #1499, #1846, #551 ) ;
#1036 = DIRECTION ( 'NONE',  ( 0.000000000000000000, 1.000000000000000000, 0.000000000000000000 ) ) ;
#1037 = DIRECTION ( 'NONE',  ( 0.000000000000000000, 0.000000000000000000, -1.000000000000000000 ) ) ;
#1038 = EDGE_CURVE ( 'NONE', #264, #743, #327, .T. ) ;
#1039 = ORIENTED_EDGE ( 'NONE', *, *, #2271, .F. ) ;
#1040 = CARTESIAN_POINT ( 'NONE',  ( 9.491580326295622427, 86.15005945149171396, 15.00000000000000000 ) ) ;
#1041 = DIRECTION ( 'NONE',  ( -0.000000000000000000, -0.000000000000000000, 1.000000000000000000 ) ) ;
#1042 = AXIS2_PLACEMENT_3D ( 'NONE', #675, #2189, #688 ) ;
#1043 = VECTOR ( 'NONE', #752, 1000.000000000000000 ) ;
#1044 = DIRECTION ( 'NONE',  ( -0.000000000000000000, -0.000000000000000000, 1.000000000000000000 ) ) ;
#1045 = ORIENTED_EDGE ( 'NONE', *, *, #2065, .F. ) ;
#1046 = DIRECTION ( 'NONE',  ( -0.5837694705562189723, 0.8119194573641599355, -0.000000000000000000 ) ) ;
#1047 = CARTESIAN_POINT ( 'NONE',  ( 7.934155060744780386, 82.32064349834382710, 15.00000000000000000 ) ) ;
#1048 = ORIENTED_EDGE ( 'NONE', *, *, #2523, .T. ) ;
#1049 = ORIENTED_EDGE ( 'NONE', *, *, #790, .F. ) ;
#1050 = EDGE_CURVE ( 'NONE', #1165, #242, #1735, .T. ) ;
#1051 = DIRECTION ( 'NONE',  ( 0.000000000000000000, 0.000000000000000000, 1.000000000000000000 ) ) ;
#1052 = ADVANCED_FACE ( 'NONE', ( #693 ), #1464, .F. ) ;
#1053 = CARTESIAN_POINT ( 'NONE',  ( 124.2737894240991636, 4.470567454992231404, 1.000000000000000888 ) ) ;
#1054 = ORIENTED_EDGE ( 'NONE', *, *, #825, .F. ) ;
#1055 = DIRECTION ( 'NONE',  ( -1.000000000000000000, 0.000000000000000000, 0.000000000000000000 ) ) ;
#1056 = LINE ( 'NONE', #1831, #510 ) ;
#1057 = DIRECTION ( 'NONE',  ( 0.5837694705562188613, -0.8119194573641599355, -0.000000000000000000 ) ) ;
#1058 = ORIENTED_EDGE ( 'NONE', *, *, #708, .T. ) ;
#1059 = ORIENTED_EDGE ( 'NONE', *, *, #1100, .T. ) ;
#1060 = PLANE ( 'NONE',  #2248 ) ;
#1061 = CC_DESIGN_PERSON_AND_ORGANIZATION_ASSIGNMENT ( #1884, #2091, ( #1700 ) ) ;
#1062 = CARTESIAN_POINT ( 'NONE',  ( 18.00000000000000000, 4.000000000000000000, 18.00000000000000000 ) ) ;
#1063 = ADVANCED_FACE ( 'NONE', ( #872 ), #2088, .F. ) ;
#1064 = VECTOR ( 'NONE', #2167, 1000.000000000000000 ) ;
#1065 = ORIENTED_EDGE ( 'NONE', *, *, #182, .T. ) ;
#1066 =( NAMED_UNIT ( * ) PLANE_ANGLE_UNIT ( ) SI_UNIT ( $, .RADIAN. ) );
#1067 = CIRCLE ( 'NONE', #177, 2.000000000000000000 ) ;
#1068 = CARTESIAN_POINT ( 'NONE',  ( 7.751635071298434099, 81.20409235600749298, -5.000000000000000888 ) ) ;
#1069 = CIRCLE ( 'NONE', #423, 1.200000000000006617 ) ;
#1070 = CYLINDRICAL_SURFACE ( 'NONE', #2421, 1.000000000000000000 ) ;
#1071 = ORIENTED_EDGE ( 'NONE', *, *, #1267, .T. ) ;
#1072 = VERTEX_POINT ( 'NONE', #720 ) ;
#1073 = DIRECTION ( 'NONE',  ( 0.000000000000000000, 0.000000000000000000, 1.000000000000000000 ) ) ;
#1074 = CARTESIAN_POINT ( 'NONE',  ( 15.00000000000000000, 5.000000000000000000, 18.00000000000000355 ) ) ;
#1075 = CARTESIAN_POINT ( 'NONE',  ( 21.17833289409147213, 62.52994483663183445, 0.000000000000000000 ) ) ;
#1076 = EDGE_LOOP ( 'NONE', ( #529, #2358, #1849, #1738 ) ) ;
#1077 = VECTOR ( 'NONE', #2364, 1000.000000000000000 ) ;
#1078 = CALENDAR_DATE ( 2024, 25, 6 ) ;
#1079 = ADVANCED_FACE ( 'NONE', ( #1867 ), #1493, .T. ) ;
#1080 = CARTESIAN_POINT ( 'NONE',  ( 15.00000000000000000, 4.000000000000000000, -15.00000000000000000 ) ) ;
#1081 = DIRECTION ( 'NONE',  ( 0.000000000000000000, 1.000000000000000000, -0.000000000000000000 ) ) ;
#1082 = CIRCLE ( 'NONE', #840, 1.999999999999998224 ) ;
#1083 = VECTOR ( 'NONE', #382, 1000.000000000000000 ) ;
#1084 = ADVANCED_FACE ( 'NONE', ( #733 ), #2249, .T. ) ;
#1085 = FACE_OUTER_BOUND ( 'NONE', #1770, .T. ) ;
#1086 = ORIENTED_EDGE ( 'NONE', *, *, #2329, .F. ) ;
#1087 = ORIENTED_EDGE ( 'NONE', *, *, #266, .T. ) ;
#1088 = CARTESIAN_POINT ( 'NONE',  ( 1.000000000000000000, 96.37013220366763733, 0.000000000000000000 ) ) ;
#1089 = DIRECTION ( 'NONE',  ( 1.000000000000000000, 0.000000000000000000, 0.000000000000000000 ) ) ;
#1090 = CARTESIAN_POINT ( 'NONE',  ( 18.00000000000000000, 4.000000000000000000, -2.999999999999999112 ) ) ;
#1091 = ORIENTED_EDGE ( 'NONE', *, *, #914, .F. ) ;
#1092 = DIRECTION ( 'NONE',  ( 0.000000000000000000, 0.000000000000000000, 1.000000000000000000 ) ) ;
#1093 = LINE ( 'NONE', #736, #2185 ) ;
#1094 = CARTESIAN_POINT ( 'NONE',  ( 14.00000000000000000, 0.000000000000000000, 26.99999999999999645 ) ) ;
#1095 = EDGE_CURVE ( 'NONE', #394, #2467, #1372, .T. ) ;
#1096 = DIRECTION ( 'NONE',  ( -0.8119194573641602686, -0.5837694705562184172, 0.000000000000000000 ) ) ;
#1097 = FACE_OUTER_BOUND ( 'NONE', #2243, .T. ) ;
#1098 = VERTEX_POINT ( 'NONE', #2428 ) ;
#1099 = ORIENTED_EDGE ( 'NONE', *, *, #2065, .T. ) ;
#1100 = EDGE_CURVE ( 'NONE', #286, #683, #681, .T. ) ;
#1101 = DIRECTION ( 'NONE',  ( 0.5837694705562191944, -0.8119194573641597135, -0.000000000000000000 ) ) ;
#1102 = CARTESIAN_POINT ( 'NONE',  ( 123.6584048087145362, 3.682340472995333069, 0.000000000000000000 ) ) ;
#1103 = LINE ( 'NONE', #1672, #543 ) ;
#1104 = EDGE_LOOP ( 'NONE', ( #146, #2076, #1382, #950 ) ) ;
#1105 = DIRECTION ( 'NONE',  ( 1.000000000000000000, 0.000000000000000000, 0.000000000000000000 ) ) ;
#1106 = CARTESIAN_POINT ( 'NONE',  ( 18.00000000000000000, 0.000000000000000000, 15.00000000000000000 ) ) ;
#1107 = DIRECTION ( 'NONE',  ( 0.000000000000000000, 0.000000000000000000, 1.000000000000000000 ) ) ;
#1108 = CIRCLE ( 'NONE', #15, 2.999999999999999112 ) ;
#1109 = VECTOR ( 'NONE', #2346, 999.9999999999998863 ) ;
#1110 = FACE_OUTER_BOUND ( 'NONE', #2287, .T. ) ;
#1111 = FACE_OUTER_BOUND ( 'NONE', #1502, .T. ) ;
#1112 = ORIENTED_EDGE ( 'NONE', *, *, #1038, .T. ) ;
#1113 = ORIENTED_EDGE ( 'NONE', *, *, #1958, .T. ) ;
#1114 = CIRCLE ( 'NONE', #1429, 1.000000000000000888 ) ;
#1115 = EDGE_CURVE ( 'NONE', #2110, #2430, #1265, .T. ) ;
#1116 = LINE ( 'NONE', #1088, #455 ) ;
#1117 = DIRECTION ( 'NONE',  ( 0.8119194573641606016, 0.5837694705562178621, 0.000000000000000000 ) ) ;
#1118 = CARTESIAN_POINT ( 'NONE',  ( 13.99999999999999822, 0.000000000000000000, -12.00000000000000000 ) ) ;
#1119 = ORIENTED_EDGE ( 'NONE', *, *, #849, .T. ) ;
#1120 = CARTESIAN_POINT ( 'NONE',  ( 11.86157260305302685, 86.62243282935124000, 15.00000000000000000 ) ) ;
#1121 = CARTESIAN_POINT ( 'NONE',  ( 25.95387939598093041, 63.25393075382238095, 15.00000000000000000 ) ) ;
#1122 = CIRCLE ( 'NONE', #1206, 1.000000000000000888 ) ;
#1123 = PLANE ( 'NONE',  #787 ) ;
#1124 = AXIS2_PLACEMENT_3D ( 'NONE', #2340, #1025, #594 ) ;
#1125 = CARTESIAN_POINT ( 'NONE',  ( 48.61538461538460609, 62.26993157775448395, 13.99999999999999822 ) ) ;
#1126 = ORIENTED_EDGE ( 'NONE', *, *, #386, .F. ) ;
#1127 = EDGE_LOOP ( 'NONE', ( #1065, #758, #216, #461 ) ) ;
#1128 = VECTOR ( 'NONE', #1903, 1000.000000000000227 ) ;
#1129 = EDGE_CURVE ( 'NONE', #422, #2021, #501, .T. ) ;
#1130 = DIRECTION ( 'NONE',  ( -0.000000000000000000, -1.000000000000000000, -0.000000000000000000 ) ) ;
#1131 = FACE_OUTER_BOUND ( 'NONE', #1332, .T. ) ;
#1132 = EDGE_CURVE ( 'NONE', #1950, #2021, #313, .T. ) ;
#1133 = ORIENTED_EDGE ( 'NONE', *, *, #2193, .T. ) ;
#1134 = DATE_AND_TIME ( #1522, #2112 ) ;
#1135 = CARTESIAN_POINT ( 'NONE',  ( 3.000000000000000000, 5.000000000000000000, -13.99999999999999822 ) ) ;
#1136 = CARTESIAN_POINT ( 'NONE',  ( 20.62541512433775281, 60.90074812048893449, -5.000000000000000888 ) ) ;
#1137 = CARTESIAN_POINT ( 'NONE',  ( 8.097922745240218489, 89.45879312871126388, 15.00000000000000000 ) ) ;
#1138 = CARTESIAN_POINT ( 'NONE',  ( 0.000000000000000000, 5.000000000000000000, 1.000000000000000888 ) ) ;
#1139 = EDGE_LOOP ( 'NONE', ( #1228, #1661, #1054, #1975 ) ) ;
#1140 = ORIENTED_EDGE ( 'NONE', *, *, #1013, .T. ) ;
#1141 = DIRECTION ( 'NONE',  ( 0.6153846153846131983, 0.7882269819968940050, 0.000000000000000000 ) ) ;
#1142 = CARTESIAN_POINT ( 'NONE',  ( 15.35424868893540840, 5.000000000000000000, 0.000000000000000000 ) ) ;
#1143 = EDGE_CURVE ( 'NONE', #1508, #345, #1486, .T. ) ;
#1144 = ORIENTED_EDGE ( 'NONE', *, *, #1532, .F. ) ;
#1145 = DIRECTION ( 'NONE',  ( -1.000000000000000000, 0.000000000000000000, 0.000000000000000000 ) ) ;
#1146 = DIRECTION ( 'NONE',  ( 1.000000000000000000, 0.000000000000000000, 0.000000000000000000 ) ) ;
#1147 = ADVANCED_FACE ( 'NONE', ( #2270 ), #1498, .T. ) ;
#1148 = DIRECTION ( 'NONE',  ( 1.000000000000000000, -0.000000000000000000, 0.000000000000000000 ) ) ;
#1149 = DIRECTION ( 'NONE',  ( -0.8119194573641598245, -0.5837694705562189723, 0.000000000000000000 ) ) ;
#1150 = VERTEX_POINT ( 'NONE', #1094 ) ;
#1151 = VERTEX_POINT ( 'NONE', #1663 ) ;
#1152 = AXIS2_PLACEMENT_3D ( 'NONE', #916, #2429, #2089 ) ;
#1153 = TOROIDAL_SURFACE ( 'NONE', #583, 2.000000000000000000, 1.000000000000000000 ) ;
#1154 = TOROIDAL_SURFACE ( 'NONE', #2378, 4.000000000000000000, 1.000000000000000000 ) ;
#1155 = DIRECTION ( 'NONE',  ( 0.8119194573641598245, 0.5837694705562191944, 0.000000000000000000 ) ) ;
#1156 = CARTESIAN_POINT ( 'NONE',  ( 27.62334830807086661, 64.70060748051888311, 15.00000000000000000 ) ) ;
#1157 = ORIENTED_EDGE ( 'NONE', *, *, #1790, .F. ) ;
#1158 = DIRECTION ( 'NONE',  ( 0.000000000000000000, 0.000000000000000000, 1.000000000000000000 ) ) ;
#1159 = CYLINDRICAL_SURFACE ( 'NONE', #2393, 1.000000000000000888 ) ;
#1160 = ADVANCED_FACE ( 'NONE', ( #113 ), #1285, .F. ) ;
#1161 = DIRECTION ( 'NONE',  ( 0.000000000000000000, 1.000000000000000000, 0.000000000000000000 ) ) ;
#1162 = CARTESIAN_POINT ( 'NONE',  ( 23.33023342414623968, 74.95407877160062071, 7.500000000000000888 ) ) ;
#1163 = VECTOR ( 'NONE', #755, 1000.000000000000000 ) ;
#1164 = ORIENTED_EDGE ( 'NONE', *, *, #1800, .F. ) ;
#1165 = VERTEX_POINT ( 'NONE', #2447 ) ;
#1166 = EDGE_CURVE ( 'NONE', #71, #2160, #1246, .T. ) ;
#1167 = VECTOR ( 'NONE', #711, 1000.000000000000000 ) ;
#1168 = AXIS2_PLACEMENT_3D ( 'NONE', #1731, #1158, #987 ) ;
#1169 = DIRECTION ( 'NONE',  ( -1.000000000000000000, 0.000000000000000000, 0.000000000000000000 ) ) ;
#1170 = DIRECTION ( 'NONE',  ( 0.000000000000000000, 0.000000000000000000, 1.000000000000000000 ) ) ;
#1171 = ORIENTED_EDGE ( 'NONE', *, *, #773, .F. ) ;
#1172 = CARTESIAN_POINT ( 'NONE',  ( 0.000000000000000000, 4.000000000000000000, 27.00000000000000000 ) ) ;
#1173 = LINE ( 'NONE', #1939, #2062 ) ;
#1174 = ORIENTED_EDGE ( 'NONE', *, *, #1496, .T. ) ;
#1175 = DIRECTION ( 'NONE',  ( 0.000000000000000000, 0.000000000000000000, 1.000000000000000000 ) ) ;
#1176 = DIRECTION ( 'NONE',  ( 1.000000000000000000, -0.000000000000000000, 0.000000000000000000 ) ) ;
#1177 = EDGE_CURVE ( 'NONE', #504, #2476, #601, .T. ) ;
#1178 = ORIENTED_EDGE ( 'NONE', *, *, #2162, .T. ) ;
#1179 = ORIENTED_EDGE ( 'NONE', *, *, #559, .F. ) ;
#1180 = EDGE_CURVE ( 'NONE', #1351, #1834, #2255, .T. ) ;
#1181 = EDGE_LOOP ( 'NONE', ( #9, #1190, #649, #1780 ) ) ;
#1182 = CARTESIAN_POINT ( 'NONE',  ( 10.88726925421601699, 85.92190946468377888, -5.000000000000000888 ) ) ;
#1183 = DIRECTION ( 'NONE',  ( 0.000000000000000000, 0.000000000000000000, 1.000000000000000000 ) ) ;
#1184 = COORDINATED_UNIVERSAL_TIME_OFFSET ( 5, 30, .AHEAD. ) ;
#1185 = VECTOR ( 'NONE', #1962, 999.9999999999998863 ) ;
#1186 = DIRECTION ( 'NONE',  ( 0.000000000000000000, -0.000000000000000000, 1.000000000000000000 ) ) ;
#1187 = CYLINDRICAL_SURFACE ( 'NONE', #1197, 1.000000000000000888 ) ;
#1188 = FACE_OUTER_BOUND ( 'NONE', #1388, .T. ) ;
#1189 = ORIENTED_EDGE ( 'NONE', *, *, #2200, .T. ) ;
#1190 = ORIENTED_EDGE ( 'NONE', *, *, #1753, .T. ) ;
#1191 = ORIENTED_EDGE ( 'NONE', *, *, #1335, .F. ) ;
#1192 = ORIENTED_EDGE ( 'NONE', *, *, #2315, .T. ) ;
#1193 = EDGE_CURVE ( 'NONE', #883, #2104, #737, .T. ) ;
#1194 = VECTOR ( 'NONE', #654, 999.9999999999998863 ) ;
#1195 = DIRECTION ( 'NONE',  ( 1.000000000000000000, 0.000000000000000000, 0.000000000000000000 ) ) ;
#1196 = DIRECTION ( 'NONE',  ( -0.5837694705562146424, 0.8119194573641629331, 0.000000000000000000 ) ) ;
#1197 = AXIS2_PLACEMENT_3D ( 'NONE', #1568, #1148, #2339 ) ;
#1198 = EDGE_CURVE ( 'NONE', #1974, #631, #1678, .T. ) ;
#1199 = FACE_OUTER_BOUND ( 'NONE', #1869, .T. ) ;
#1200 = ORIENTED_EDGE ( 'NONE', *, *, #1621, .F. ) ;
#1201 = CARTESIAN_POINT ( 'NONE',  ( 21.59971847317475024, 61.60127148515639561, 15.00000000000000000 ) ) ;
#1202 = LINE ( 'NONE', #579, #637 ) ;
#1203 = ORIENTED_EDGE ( 'NONE', *, *, #133, .F. ) ;
#1204 = ORIENTED_EDGE ( 'NONE', *, *, #412, .T. ) ;
#1205 = CARTESIAN_POINT ( 'NONE',  ( 26.42089497242592699, 62.60439518793105407, 15.00000000000000000 ) ) ;
#1206 = AXIS2_PLACEMENT_3D ( 'NONE', #826, #893, #1219 ) ;
#1207 = CARTESIAN_POINT ( 'NONE',  ( 7.934155060744780386, 82.32064349834382710, 0.000000000000000000 ) ) ;
#1208 = VECTOR ( 'NONE', #283, 1000.000000000000000 ) ;
#1209 = DIRECTION ( 'NONE',  ( 0.8119194573641597135, 0.5837694705562190833, 0.000000000000000000 ) ) ;
#1210 = ADVANCED_FACE ( 'NONE', ( #1300 ), #158, .T. ) ;
#1211 = AXIS2_PLACEMENT_3D ( 'NONE', #121, #137, #343 ) ;
#1212 = DIRECTION ( 'NONE',  ( -1.000000000000000000, -0.000000000000000000, -0.000000000000000000 ) ) ;
#1213 = ADVANCED_FACE ( 'NONE', ( #1456 ), #2426, .T. ) ;
#1214 = ORIENTED_EDGE ( 'NONE', *, *, #1301, .T. ) ;
#1215 = CARTESIAN_POINT ( 'NONE',  ( 25.95387939598094107, 63.25393075382236674, -5.000000000000000888 ) ) ;
#1216 = PLANE ( 'NONE',  #2351 ) ;
#1217 = ORIENTED_EDGE ( 'NONE', *, *, #727, .F. ) ;
#1218 = CARTESIAN_POINT ( 'NONE',  ( 2.500000000000000000, 96.37013220366763733, 0.000000000000000000 ) ) ;
#1219 = DIRECTION ( 'NONE',  ( -1.000000000000000000, 0.000000000000000000, 0.000000000000000000 ) ) ;
#1220 = CYLINDRICAL_SURFACE ( 'NONE', #1512, 2.999999999999999112 ) ;
#1221 = DIRECTION ( 'NONE',  ( 0.000000000000000000, -0.000000000000000000, 1.000000000000000000 ) ) ;
#1222 = VERTEX_POINT ( 'NONE', #332 ) ;
#1223 = LINE ( 'NONE', #1625, #586 ) ;
#1224 = EDGE_CURVE ( 'NONE', #1415, #2423, #1988, .T. ) ;
#1225 = DIRECTION ( 'NONE',  ( 0.000000000000000000, 0.000000000000000000, -1.000000000000000000 ) ) ;
#1226 = ORIENTED_EDGE ( 'NONE', *, *, #2348, .T. ) ;
#1227 = CIRCLE ( 'NONE', #483, 0.7999999999999864997 ) ;
#1228 = ORIENTED_EDGE ( 'NONE', *, *, #1741, .T. ) ;
#1229 = AXIS2_PLACEMENT_3D ( 'NONE', #2035, #2486, #1688 ) ;
#1230 = DIRECTION ( 'NONE',  ( -0.000000000000000000, -1.000000000000000000, -0.000000000000000000 ) ) ;
#1231 = VECTOR ( 'NONE', #1949, 1000.000000000000114 ) ;
#1232 = CARTESIAN_POINT ( 'NONE',  ( 29.90004924324011526, 61.53412159679864857, -5.000000000000000888 ) ) ;
#1233 = CIRCLE ( 'NONE', #457, 4.000000000000000000 ) ;
#1234 = EDGE_LOOP ( 'NONE', ( #123, #295, #496, #695 ) ) ;
#1235 = CIRCLE ( 'NONE', #793, 1.000000000000000888 ) ;
#1236 = DIRECTION ( 'NONE',  ( 1.000000000000000000, 0.000000000000000000, 0.000000000000000000 ) ) ;
#1237 = DIRECTION ( 'NONE',  ( 1.000000000000000000, -0.000000000000000000, -0.000000000000000000 ) ) ;
#1238 = EDGE_CURVE ( 'NONE', #2160, #1801, #712, .T. ) ;
#1239 = ORIENTED_EDGE ( 'NONE', *, *, #822, .T. ) ;
#1240 = ORIENTED_EDGE ( 'NONE', *, *, #249, .F. ) ;
#1241 = ADVANCED_FACE ( 'NONE', ( #1326, #2106 ), #1485, .F. ) ;
#1242 = DIRECTION ( 'NONE',  ( -1.000000000000000000, 0.000000000000000000, 0.000000000000000000 ) ) ;
#1243 = CIRCLE ( 'NONE', #669, 3.000000000000000000 ) ;
#1244 = VECTOR ( 'NONE', #2401, 999.9999999999998863 ) ;
#1245 = DIRECTION ( 'NONE',  ( -0.000000000000000000, -0.000000000000000000, 1.000000000000000000 ) ) ;
#1246 = CIRCLE ( 'NONE', #2390, 1.199999999999992628 ) ;
#1247 = ORIENTED_EDGE ( 'NONE', *, *, #13, .T. ) ;
#1248 = LINE ( 'NONE', #239, #136 ) ;
#1249 = CARTESIAN_POINT ( 'NONE',  ( 48.61538461538460609, 62.26993157775448395, 15.00000000000000000 ) ) ;
#1250 = EDGE_CURVE ( 'NONE', #830, #1222, #2240, .T. ) ;
#1251 = ORIENTED_EDGE ( 'NONE', *, *, #2193, .F. ) ;
#1252 = VERTEX_POINT ( 'NONE', #686 ) ;
#1253 = EDGE_CURVE ( 'NONE', #2127, #979, #490, .T. ) ;
#1254 = LOCAL_TIME ( 22, 55, 17.00000000000000000, #2462 ) ;
#1255 = DIRECTION ( 'NONE',  ( 0.000000000000000000, -1.000000000000000000, 0.000000000000000000 ) ) ;
#1256 = DIRECTION ( 'NONE',  ( -0.5837694705562185282, 0.8119194573641601576, 0.000000000000000000 ) ) ;
#1257 = ORIENTED_EDGE ( 'NONE', *, *, #1995, .T. ) ;
#1258 = CALENDAR_DATE ( 2024, 25, 6 ) ;
#1259 = DIRECTION ( 'NONE',  ( 0.000000000000000000, 0.000000000000000000, -1.000000000000000000 ) ) ;
#1260 = CARTESIAN_POINT ( 'NONE',  ( 23.62211815942434256, 74.54811904291855740, 7.500000000000000888 ) ) ;
#1261 = ORIENTED_EDGE ( 'NONE', *, *, #1264, .F. ) ;
#1262 = ORIENTED_EDGE ( 'NONE', *, *, #1961, .F. ) ;
#1263 = CARTESIAN_POINT ( 'NONE',  ( 13.99999999999999822, 5.000000000000000000, 18.00000000000000355 ) ) ;
#1264 = EDGE_CURVE ( 'NONE', #1586, #1950, #1746, .T. ) ;
#1265 = LINE ( 'NONE', #2043, #1576 ) ;
#1266 = CARTESIAN_POINT ( 'NONE',  ( 29.29199724987867981, 78.62475778427557316, 7.500000000000000888 ) ) ;
#1267 = EDGE_CURVE ( 'NONE', #1072, #443, #1611, .T. ) ;
#1268 = VERTEX_POINT ( 'NONE', #1001 ) ;
#1269 = MECHANICAL_CONTEXT ( 'NONE', #2507, 'mechanical' ) ;
#1270 = AXIS2_PLACEMENT_3D ( 'NONE', #135, #2440, #2246 ) ;
#1271 = CARTESIAN_POINT ( 'NONE',  ( 1.000000000000000000, 5.000000000000000000, 0.9999999999999940048 ) ) ;
#1272 = CARTESIAN_POINT ( 'NONE',  ( 28.76336200293028611, 60.71684433801993919, -5.000000000000000888 ) ) ;
#1273 = AXIS2_PLACEMENT_3D ( 'NONE', #1905, #1861, #144 ) ;
#1274 = CARTESIAN_POINT ( 'NONE',  ( 20.70327080664325337, 78.60771632973934686, 7.500000000000000888 ) ) ;
#1275 = ORIENTED_EDGE ( 'NONE', *, *, #2437, .F. ) ;
#1276 = EDGE_LOOP ( 'NONE', ( #2, #1575 ) ) ;
#1277 = CARTESIAN_POINT ( 'NONE',  ( 122.7353278856376306, 1.000000000000000000, 0.000000000000000000 ) ) ;
#1278 = CARTESIAN_POINT ( 'NONE',  ( 10.29158032629563735, 86.15005945149171396, 15.00000000000000000 ) ) ;
#1279 = VECTOR ( 'NONE', #560, 1000.000000000000000 ) ;
#1280 = CARTESIAN_POINT ( 'NONE',  ( 29.29199724987869047, 78.62475778427557316, 2.000000000000011102 ) ) ;
#1281 = EDGE_CURVE ( 'NONE', #843, #2300, #2144, .T. ) ;
#1282 = EDGE_LOOP ( 'NONE', ( #2090, #452, #2438, #1261 ) ) ;
#1283 = CARTESIAN_POINT ( 'NONE',  ( 13.99999999999999822, 1.000000000000000000, -2.999999999999999112 ) ) ;
#1284 = DIRECTION ( 'NONE',  ( -1.000000000000000000, 0.000000000000000000, 0.000000000000000000 ) ) ;
#1285 = PLANE ( 'NONE',  #2059 ) ;
#1286 = ADVANCED_FACE ( 'NONE', ( #1760 ), #1340, .T. ) ;
#1287 = AXIS2_PLACEMENT_3D ( 'NONE', #1510, #2478, #2464 ) ;
#1288 = AXIS2_PLACEMENT_3D ( 'NONE', #369, #1539, #960 ) ;
#1289 = CARTESIAN_POINT ( 'NONE',  ( 4.038461538461518785, 98.34069965865990071, 13.99999999999999822 ) ) ;
#1290 = CARTESIAN_POINT ( 'NONE',  ( 12.00000000000000000, 5.000000000000000000, 26.99999999999999645 ) ) ;
#1291 = ORIENTED_EDGE ( 'NONE', *, *, #646, .T. ) ;
#1292 = ORIENTED_EDGE ( 'NONE', *, *, #2457, .F. ) ;
#1293 = DIRECTION ( 'NONE',  ( -0.5837694705562196384, 0.8119194573641594914, 0.000000000000000000 ) ) ;
#1294 = PLANE ( 'NONE',  #1904 ) ;
#1295 = CARTESIAN_POINT ( 'NONE',  ( 22.29488403642777783, 62.34742484718548639, -5.000000000000000888 ) ) ;
#1296 = ORIENTED_EDGE ( 'NONE', *, *, #2475, .F. ) ;
#1297 = ADVANCED_FACE ( 'NONE', ( #1364 ), #2267, .T. ) ;
#1298 = APPROVAL_STATUS ( 'not_yet_approved' ) ;
#1299 = CARTESIAN_POINT ( 'NONE',  ( 22.29488403642774585, 62.34742484718552902, 0.000000000000000000 ) ) ;
#1300 = FACE_OUTER_BOUND ( 'NONE', #2522, .T. ) ;
#1301 = EDGE_CURVE ( 'NONE', #2467, #394, #197, .T. ) ;
#1302 = CARTESIAN_POINT ( 'NONE',  ( 28.76336200293028611, 60.71684433801993919, 0.000000000000000000 ) ) ;
#1303 = DIRECTION ( 'NONE',  ( 0.000000000000000000, 0.000000000000000000, 1.000000000000000000 ) ) ;
#1304 = ORIENTED_EDGE ( 'NONE', *, *, #866, .T. ) ;
#1305 = ORIENTED_EDGE ( 'NONE', *, *, #1566, .T. ) ;
#1306 = DIRECTION ( 'NONE',  ( 0.000000000000000000, 0.000000000000000000, 1.000000000000000000 ) ) ;
#1307 = LINE ( 'NONE', #1102, #435 ) ;
#1308 = FACE_OUTER_BOUND ( 'NONE', #2367, .T. ) ;
#1309 = ORIENTED_EDGE ( 'NONE', *, *, #2394, .T. ) ;
#1310 = PERSON_AND_ORGANIZATION ( #673, #2434 ) ;
#1311 = LINE ( 'NONE', #1886, #1167 ) ;
#1312 = CARTESIAN_POINT ( 'NONE',  ( 25.95387939598093041, 63.25393075382238095, -5.000000000000000888 ) ) ;
#1313 = TOROIDAL_SURFACE ( 'NONE', #2290, 2.000000000000000000, 1.000000000000000000 ) ;
#1314 = AXIS2_PLACEMENT_3D ( 'NONE', #692, #1293, #2416 ) ;
#1315 = FACE_OUTER_BOUND ( 'NONE', #1824, .T. ) ;
#1316 = PLANE ( 'NONE',  #635 ) ;
#1317 = EDGE_CURVE ( 'NONE', #1424, #683, #1740, .T. ) ;
#1318 = EDGE_LOOP ( 'NONE', ( #1214, #447 ) ) ;
#1319 = ORIENTED_EDGE ( 'NONE', *, *, #154, .T. ) ;
#1320 = VECTOR ( 'NONE', #2519, 1000.000000000000000 ) ;
#1321 = ADVANCED_FACE ( 'NONE', ( #2321 ), #1159, .T. ) ;
#1322 = DIRECTION ( 'NONE',  ( -0.5837694705562193054, 0.8119194573641596024, 0.000000000000000000 ) ) ;
#1323 = DIRECTION ( 'NONE',  ( 0.000000000000000000, -1.000000000000000000, 0.000000000000000000 ) ) ;
#1324 = ORIENTED_EDGE ( 'NONE', *, *, #727, .T. ) ;
#1325 = CARTESIAN_POINT ( 'NONE',  ( 10.82667378073809061, 65.96402892503481041, 7.500000000000000888 ) ) ;
#1326 = FACE_BOUND ( 'NONE', #409, .T. ) ;
#1327 = AXIS2_PLACEMENT_3D ( 'NONE', #1290, #372, #924 ) ;
#1328 = DIRECTION ( 'NONE',  ( 0.000000000000000000, 0.000000000000000000, 1.000000000000000000 ) ) ;
#1329 = AXIS2_PLACEMENT_3D ( 'NONE', #855, #1259, #467 ) ;
#1330 = CYLINDRICAL_SURFACE ( 'NONE', #1851, 0.9999999999999975575 ) ;
#1331 = ORIENTED_EDGE ( 'NONE', *, *, #636, .T. ) ;
#1332 = EDGE_LOOP ( 'NONE', ( #581, #111, #389, #202 ) ) ;
#1333 = AXIS2_PLACEMENT_3D ( 'NONE', #2050, #920, #935 ) ;
#1334 = CC_DESIGN_PERSON_AND_ORGANIZATION_ASSIGNMENT ( #724, #1483, ( #929 ) ) ;
#1335 = EDGE_CURVE ( 'NONE', #1402, #1165, #1173, .T. ) ;
#1336 = CARTESIAN_POINT ( 'NONE',  ( 2.500000000000000000, 96.37013220366763733, 13.99999999999999822 ) ) ;
#1337 = DIRECTION ( 'NONE',  ( 0.000000000000000000, 1.000000000000000000, 0.000000000000000000 ) ) ;
#1338 = EDGE_LOOP ( 'NONE', ( #2451, #479, #2226, #1634 ) ) ;
#1339 = CYLINDRICAL_SURFACE ( 'NONE', #806, 1.000000000000000888 ) ;
#1340 = PLANE ( 'NONE',  #968 ) ;
#1341 = CARTESIAN_POINT ( 'NONE',  ( 12.00000000000000000, 1.000000000000000000, 26.99999999999999645 ) ) ;
#1342 = ORIENTED_EDGE ( 'NONE', *, *, #46, .F. ) ;
#1343 = ORIENTED_EDGE ( 'NONE', *, *, #2336, .F. ) ;
#1344 = LINE ( 'NONE', #1373, #2142 ) ;
#1345 = FACE_OUTER_BOUND ( 'NONE', #814, .T. ) ;
#1346 = ADVANCED_FACE ( 'NONE', ( #1551 ), #2350, .F. ) ;
#1347 = VERTEX_POINT ( 'NONE', #1732 ) ;
#1348 = LINE ( 'NONE', #180, #2188 ) ;
#1349 = DIRECTION ( 'NONE',  ( 0.000000000000000000, 1.000000000000000000, 0.000000000000000000 ) ) ;
#1350 = EDGE_CURVE ( 'NONE', #2104, #595, #2169, .T. ) ;
#1351 = VERTEX_POINT ( 'NONE', #181 ) ;
#1352 = CARTESIAN_POINT ( 'NONE',  ( 18.00000000000000000, 0.000000000000000000, 1.000000000000000888 ) ) ;
#1353 = VECTOR ( 'NONE', #768, 1000.000000000000000 ) ;
#1354 = CARTESIAN_POINT ( 'NONE',  ( 3.000000000000000000, 4.000000000000000000, 28.99999999999999645 ) ) ;
#1355 = ORIENTED_EDGE ( 'NONE', *, *, #85, .T. ) ;
#1356 = ORIENTED_EDGE ( 'NONE', *, *, #521, .F. ) ;
#1357 = CIRCLE ( 'NONE', #1553, 1.000000000000000888 ) ;
#1358 = AXIS2_PLACEMENT_3D ( 'NONE', #1998, #1384, #1051 ) ;
#1359 = CIRCLE ( 'NONE', #545, 2.999999999999999112 ) ;
#1360 = LINE ( 'NONE', #1577, #1999 ) ;
#1361 = ORIENTED_EDGE ( 'NONE', *, *, #932, .T. ) ;
#1362 = ADVANCED_FACE ( 'NONE', ( #1199 ), #2334, .T. ) ;
#1363 = DIRECTION ( 'NONE',  ( -1.000000000000000000, 0.000000000000000000, -0.000000000000000000 ) ) ;
#1364 = FACE_OUTER_BOUND ( 'NONE', #1104, .T. ) ;
#1365 = CARTESIAN_POINT ( 'NONE',  ( 18.00000000000000000, 1.000000000000000000, 18.00000000000000000 ) ) ;
#1366 = EDGE_CURVE ( 'NONE', #888, #939, #2087, .T. ) ;
#1367 = PLANE ( 'NONE',  #714 ) ;
#1368 = CIRCLE ( 'NONE', #270, 0.9999999999999991118 ) ;
#1369 = ORIENTED_EDGE ( 'NONE', *, *, #672, .F. ) ;
#1370 = ORIENTED_EDGE ( 'NONE', *, *, #114, .F. ) ;
#1371 = ORIENTED_EDGE ( 'NONE', *, *, #708, .F. ) ;
#1372 = CIRCLE ( 'NONE', #927, 2.249999999999999556 ) ;
#1373 = CARTESIAN_POINT ( 'NONE',  ( 13.99999999999999822, 0.000000000000000000, -3.000000000000002665 ) ) ;
#1374 = LINE ( 'NONE', #561, #626 ) ;
#1375 = DIRECTION ( 'NONE',  ( -0.8119194573641598245, -0.5837694705562189723, 0.000000000000000000 ) ) ;
#1376 = CARTESIAN_POINT ( 'NONE',  ( 14.00000000000000000, 4.000000000000000000, 26.99999999999999645 ) ) ;
#1377 = DIRECTION ( 'NONE',  ( 0.5837694705562198605, -0.8119194573641592694, 0.000000000000000000 ) ) ;
#1378 = EDGE_LOOP ( 'NONE', ( #1769, #1704, #1842, #771 ) ) ;
#1379 = ORIENTED_EDGE ( 'NONE', *, *, #738, .T. ) ;
#1380 = EDGE_CURVE ( 'NONE', #1723, #2232, #615, .T. ) ;
#1381 = ORIENTED_EDGE ( 'NONE', *, *, #430, .T. ) ;
#1382 = ORIENTED_EDGE ( 'NONE', *, *, #1817, .F. ) ;
#1383 = CARTESIAN_POINT ( 'NONE',  ( 20.62541512433775281, 60.90074812048893449, -5.000000000000000888 ) ) ;
#1384 = DIRECTION ( 'NONE',  ( -0.000000000000000000, 1.000000000000000000, 0.000000000000000000 ) ) ;
#1385 = CARTESIAN_POINT ( 'NONE',  ( 0.000000000000000000, 5.000000000000000000, 15.00000000000000000 ) ) ;
#1386 = CARTESIAN_POINT ( 'NONE',  ( 15.35424868893540840, 5.000000000000000000, 15.00000000000000000 ) ) ;
#1387 = CARTESIAN_POINT ( 'NONE',  ( 0.000000000000000000, 4.000000000000000000, -15.00000000000000000 ) ) ;
#1388 = EDGE_LOOP ( 'NONE', ( #2344, #1324, #2444, #1257 ) ) ;
#1389 = EDGE_CURVE ( 'NONE', #1864, #2476, #420, .T. ) ;
#1390 = ORIENTED_EDGE ( 'NONE', *, *, #2489, .F. ) ;
#1391 = LINE ( 'NONE', #1997, #537 ) ;
#1392 = VECTOR ( 'NONE', #852, 1000.000000000000114 ) ;
#1393 = AXIS2_PLACEMENT_3D ( 'NONE', #1578, #1337, #29 ) ;
#1394 = EDGE_CURVE ( 'NONE', #1814, #1403, #946, .T. ) ;
#1395 = FACE_OUTER_BOUND ( 'NONE', #1528, .T. ) ;
#1396 = DIRECTION ( 'NONE',  ( -1.000000000000000000, -0.000000000000000000, -0.000000000000000000 ) ) ;
#1397 = CIRCLE ( 'NONE', #2013, 0.9999999999999991118 ) ;
#1398 = CARTESIAN_POINT ( 'NONE',  ( 1.092332116235429474E-16, 4.585786437626905077, 14.58578643762690419 ) ) ;
#1399 = DIRECTION ( 'NONE',  ( -0.8119194573641602686, -0.5837694705562184172, -0.000000000000000000 ) ) ;
#1400 = FACE_OUTER_BOUND ( 'NONE', #1572, .T. ) ;
#1401 = AXIS2_PLACEMENT_3D ( 'NONE', #231, #633, #868 ) ;
#1402 = VERTEX_POINT ( 'NONE', #1523 ) ;
#1403 = VERTEX_POINT ( 'NONE', #2309 ) ;
#1404 = VECTOR ( 'NONE', #671, 1000.000000000000000 ) ;
#1405 = CC_DESIGN_PERSON_AND_ORGANIZATION_ASSIGNMENT ( #2227, #330, ( #809 ) ) ;
#1406 = PLANE ( 'NONE',  #1042 ) ;
#1407 = AXIS2_PLACEMENT_3D ( 'NONE', #915, #2264, #930 ) ;
#1408 = DIRECTION ( 'NONE',  ( 0.000000000000000000, 0.000000000000000000, 1.000000000000000000 ) ) ;
#1409 = EDGE_CURVE ( 'NONE', #816, #676, #564, .T. ) ;
#1410 = AXIS2_PLACEMENT_3D ( 'NONE', #152, #1701, #1506 ) ;
#1411 = DIRECTION ( 'NONE',  ( 0.000000000000000000, 0.000000000000000000, 1.000000000000000000 ) ) ;
#1412 = ORIENTED_EDGE ( 'NONE', *, *, #341, .F. ) ;
#1413 = DIRECTION ( 'NONE',  ( -0.8119194573641603796, -0.5837694705562180841, 0.000000000000000000 ) ) ;
#1414 = CARTESIAN_POINT ( 'NONE',  ( 129.3846153846153868, -0.7882269819968921176, 1.000000000000000888 ) ) ;
#1415 = VERTEX_POINT ( 'NONE', #235 ) ;
#1416 = VERTEX_POINT ( 'NONE', #63 ) ;
#1417 = CARTESIAN_POINT ( 'NONE',  ( 25.94852159456641161, 64.97438746468840520, 15.00000000000000000 ) ) ;
#1418 = DIRECTION ( 'NONE',  ( 0.000000000000000000, 1.000000000000000000, 0.000000000000000000 ) ) ;
#1419 = EDGE_CURVE ( 'NONE', #801, #2412, #841, .T. ) ;
#1420 = ORIENTED_EDGE ( 'NONE', *, *, #1923, .F. ) ;
#1421 = FACE_OUTER_BOUND ( 'NONE', #105, .T. ) ;
#1422 = CARTESIAN_POINT ( 'NONE',  ( -39.64145824895607717, 55.13421460692364917, 0.000000000000000000 ) ) ;
#1423 = ADVANCED_FACE ( 'NONE', ( #268 ), #1796, .T. ) ;
#1424 = VERTEX_POINT ( 'NONE', #1614 ) ;
#1425 = VERTEX_POINT ( 'NONE', #450 ) ;
#1426 = CARTESIAN_POINT ( 'NONE',  ( 17.58839274429987753, 4.237640371679361806, 4.336808689942017736E-16 ) ) ;
#1427 = VECTOR ( 'NONE', #1101, 1000.000000000000000 ) ;
#1428 = DIRECTION ( 'NONE',  ( -1.000000000000000000, 0.000000000000000000, 0.000000000000000000 ) ) ;
#1429 = AXIS2_PLACEMENT_3D ( 'NONE', #2373, #66, #2182 ) ;
#1430 = ORIENTED_EDGE ( 'NONE', *, *, #1180, .T. ) ;
#1431 = ADVANCED_FACE ( 'NONE', ( #2000 ), #698, .T. ) ;
#1432 = CIRCLE ( 'NONE', #1560, 0.8000000000000160316 ) ;
#1433 = DIRECTION ( 'NONE',  ( 0.000000000000000000, 0.000000000000000000, 1.000000000000000000 ) ) ;
#1434 = LINE ( 'NONE', #1068, #1573 ) ;
#1435 = EDGE_CURVE ( 'NONE', #173, #1416, #995, .T. ) ;
#1436 = ORIENTED_EDGE ( 'NONE', *, *, #773, .T. ) ;
#1437 = ORIENTED_EDGE ( 'NONE', *, *, #1050, .F. ) ;
#1438 = CARTESIAN_POINT ( 'NONE',  ( 0.000000000000000000, 1.000000000000000000, 15.00000000000000000 ) ) ;
#1439 = CIRCLE ( 'NONE', #190, 2.500000000000002220 ) ;
#1440 = AXIS2_PLACEMENT_3D ( 'NONE', #2491, #1859, #143 ) ;
#1441 = EDGE_LOOP ( 'NONE', ( #759, #281, #155, #1178 ) ) ;
#1442 = CARTESIAN_POINT ( 'NONE',  ( 10.14111589218696885, 86.61707502793669278, 15.00000000000000000 ) ) ;
#1443 = LINE ( 'NONE', #661, #2307 ) ;
#1444 = CARTESIAN_POINT ( 'NONE',  ( 9.513192471986597454, 67.79084770410416638, 7.500000000000000888 ) ) ;
#1445 = ADVANCED_FACE ( 'NONE', ( #1819 ), #829, .F. ) ;
#1446 = ORIENTED_EDGE ( 'NONE', *, *, #738, .F. ) ;
#1447 = ORIENTED_EDGE ( 'NONE', *, *, #1224, .F. ) ;
#1448 = CC_DESIGN_APPROVAL ( #1593, ( #1017 ) ) ;
#1449 = PLANE ( 'NONE',  #1314 ) ;
#1450 = EDGE_CURVE ( 'NONE', #513, #1574, #2372, .T. ) ;
#1451 = CARTESIAN_POINT ( 'NONE',  ( 7.934155060744780386, 82.32064349834382710, -5.000000000000000888 ) ) ;
#1452 = DIRECTION ( 'NONE',  ( 0.000000000000000000, 0.000000000000000000, -1.000000000000000000 ) ) ;
#1453 = ORIENTED_EDGE ( 'NONE', *, *, #790, .T. ) ;
#1454 = CARTESIAN_POINT ( 'NONE',  ( 0.000000000000000000, 0.000000000000000000, 0.000000000000000000 ) ) ;
#1455 = DIRECTION ( 'NONE',  ( -0.5837694705562188613, 0.8119194573641598245, 0.000000000000000000 ) ) ;
#1456 = FACE_OUTER_BOUND ( 'NONE', #1697, .T. ) ;
#1457 = PLANE ( 'NONE',  #2173 ) ;
#1458 = DIRECTION ( 'NONE',  ( 1.000000000000000000, 0.000000000000000000, 0.000000000000000000 ) ) ;
#1459 = VERTEX_POINT ( 'NONE', #1053 ) ;
#1460 = ORIENTED_EDGE ( 'NONE', *, *, #1253, .F. ) ;
#1461 = EDGE_CURVE ( 'NONE', #317, #644, #905, .T. ) ;
#1462 = CARTESIAN_POINT ( 'NONE',  ( 15.35424868893540840, 5.000000000000000000, 15.00000000000000000 ) ) ;
#1463 = ADVANCED_FACE ( 'NONE', ( #819 ), #655, .T. ) ;
#1464 = CYLINDRICAL_SURFACE ( 'NONE', #639, 1.200000000000006617 ) ;
#1465 = CARTESIAN_POINT ( 'NONE',  ( 15.00000000000000000, 1.000000000000000000, -2.999999999999999112 ) ) ;
#1466 = VECTOR ( 'NONE', #316, 1000.000000000000000 ) ;
#1467 = ORIENTED_EDGE ( 'NONE', *, *, #2377, .F. ) ;
#1468 = DATE_AND_TIME ( #1258, #1254 ) ;
#1469 = CIRCLE ( 'NONE', #378, 1.000000000000000888 ) ;
#1470 = CARTESIAN_POINT ( 'NONE',  ( 11.58779261888350121, 84.94760611584679566, 0.000000000000000000 ) ) ;
#1471 = CARTESIAN_POINT ( 'NONE',  ( 26.64904495923387984, 64.00008411585142198, 0.000000000000000000 ) ) ;
#1472 = AXIS2_PLACEMENT_3D ( 'NONE', #2148, #616, #606 ) ;
#1473 = DIRECTION ( 'NONE',  ( 0.000000000000000000, 0.000000000000000000, 1.000000000000000000 ) ) ;
#1474 = CARTESIAN_POINT ( 'NONE',  ( 12.00000000000000000, 1.000000000000000000, 28.99999999999999645 ) ) ;
#1475 = ORIENTED_EDGE ( 'NONE', *, *, #1366, .F. ) ;
#1476 = ORIENTED_EDGE ( 'NONE', *, *, #632, .T. ) ;
#1477 = FACE_BOUND ( 'NONE', #1276, .T. ) ;
#1478 = DIRECTION ( 'NONE',  ( -0.000000000000000000, 0.000000000000000000, 1.000000000000000000 ) ) ;
#1479 = CARTESIAN_POINT ( 'NONE',  ( 24.77510468360895857, 82.15118641221421569, 7.500000000000000888 ) ) ;
#1480 = EDGE_CURVE ( 'NONE', #1823, #2330, #952, .T. ) ;
#1481 = EDGE_LOOP ( 'NONE', ( #471, #427, #2163, #985 ) ) ;
#1482 = TOROIDAL_SURFACE ( 'NONE', #2149, 4.000000000000000000, 1.000000000000000000 ) ;
#1483 = PERSON_AND_ORGANIZATION_ROLE ( 'design_owner' ) ;
#1484 = CARTESIAN_POINT ( 'NONE',  ( 1.000000000000000000, 0.000000000000000000, 27.00000000000000000 ) ) ;
#1485 = PLANE ( 'NONE',  #2310 ) ;
#1486 = CIRCLE ( 'NONE', #2354, 1.500000000000001332 ) ;
#1487 = DIRECTION ( 'NONE',  ( 0.000000000000000000, 1.000000000000000000, 0.000000000000000000 ) ) ;
#1488 = DIRECTION ( 'NONE',  ( 0.5837694705562187503, -0.8119194573641601576, 0.000000000000000000 ) ) ;
#1489 = ORIENTED_EDGE ( 'NONE', *, *, #103, .T. ) ;
#1490 = VERTEX_POINT ( 'NONE', #1590 ) ;
#1491 = CARTESIAN_POINT ( 'NONE',  ( 12.00000000000000000, 5.000000000000000000, -13.99999999999999822 ) ) ;
#1492 = LOCAL_TIME ( 22, 55, 17.00000000000000000, #684 ) ;
#1493 = CYLINDRICAL_SURFACE ( 'NONE', #1211, 1.000000000000000888 ) ;
#1494 = LINE ( 'NONE', #721, #132 ) ;
#1495 = EDGE_LOOP ( 'NONE', ( #1891, #1765, #735, #548 ) ) ;
#1496 = EDGE_CURVE ( 'NONE', #2208, #528, #624, .T. ) ;
#1497 = CARTESIAN_POINT ( 'NONE',  ( 12.00000000000000000, 4.000000000000000000, 26.99999999999999645 ) ) ;
#1498 = CYLINDRICAL_SURFACE ( 'NONE', #274, 2.999999999999999112 ) ;
#1499 = CARTESIAN_POINT ( 'NONE',  ( 3.423076923076909139, 97.55247267666298683, 1.000000000000000000 ) ) ;
#1500 = EDGE_CURVE ( 'NONE', #1556, #238, #2025, .T. ) ;
#1501 = DIRECTION ( 'NONE',  ( -1.000000000000000000, 0.000000000000000000, 0.000000000000000000 ) ) ;
#1502 = EDGE_LOOP ( 'NONE', ( #2324, #2509, #1119, #1247 ) ) ;
#1503 = ORIENTED_EDGE ( 'NONE', *, *, #2085, .F. ) ;
#1504 = CIRCLE ( 'NONE', #83, 0.8000000000000160316 ) ;
#1505 = DIRECTION ( 'NONE',  ( 0.5837694705562198605, -0.8119194573641592694, 0.000000000000000000 ) ) ;
#1506 = DIRECTION ( 'NONE',  ( -0.000000000000000000, 0.000000000000000000, -1.000000000000000000 ) ) ;
#1507 = DIRECTION ( 'NONE',  ( 1.000000000000000000, 0.000000000000000000, 0.000000000000000000 ) ) ;
#1508 = VERTEX_POINT ( 'NONE', #1979 ) ;
#1509 = DIRECTION ( 'NONE',  ( 0.000000000000000000, 0.000000000000000000, -1.000000000000000000 ) ) ;
#1510 = CARTESIAN_POINT ( 'NONE',  ( 26.42089497242592699, 62.60439518793105407, 0.000000000000000000 ) ) ;
#1511 = EDGE_CURVE ( 'NONE', #1820, #208, #375, .T. ) ;
#1512 = AXIS2_PLACEMENT_3D ( 'NONE', #1010, #2383, #1030 ) ;
#1513 = DIRECTION ( 'NONE',  ( -0.8119194573641599355, -0.5837694705562188613, 0.000000000000000000 ) ) ;
#1514 = CARTESIAN_POINT ( 'NONE',  ( 15.00000000000000000, 1.000000000000000000, 18.00000000000000355 ) ) ;
#1515 = ORIENTED_EDGE ( 'NONE', *, *, #1394, .T. ) ;
#1516 = ORIENTED_EDGE ( 'NONE', *, *, #1787, .F. ) ;
#1517 = VECTOR ( 'NONE', #1014, 1000.000000000000000 ) ;
#1518 = EDGE_CURVE ( 'NONE', #2021, #1789, #1827, .T. ) ;
#1519 = CARTESIAN_POINT ( 'NONE',  ( 15.00000000000000000, 5.000000000000000000, -12.00000000000000000 ) ) ;
#1520 = DIRECTION ( 'NONE',  ( 0.8119194573641604906, 0.5837694705562179731, -0.000000000000000000 ) ) ;
#1521 = ORIENTED_EDGE ( 'NONE', *, *, #965, .T. ) ;
#1522 = CALENDAR_DATE ( 2024, 25, 6 ) ;
#1523 = CARTESIAN_POINT ( 'NONE',  ( 9.234609985550044087, 90.27607038748995194, 0.000000000000000000 ) ) ;
#1524 = AXIS2_PLACEMENT_3D ( 'NONE', #770, #1149, #1488 ) ;
#1525 = DIRECTION ( 'NONE',  ( -0.000000000000000000, -1.000000000000000000, -0.000000000000000000 ) ) ;
#1526 = VECTOR ( 'NONE', #1902, 1000.000000000000000 ) ;
#1527 = FACE_OUTER_BOUND ( 'NONE', #1139, .T. ) ;
#1528 = EDGE_LOOP ( 'NONE', ( #117, #1453, #480, #1192 ) ) ;
#1529 = ORIENTED_EDGE ( 'NONE', *, *, #1946, .T. ) ;
#1530 = VECTOR ( 'NONE', #406, 1000.000000000000000 ) ;
#1531 = EDGE_CURVE ( 'NONE', #401, #1723, #1799, .T. ) ;
#1532 = EDGE_CURVE ( 'NONE', #2136, #147, #2374, .T. ) ;
#1533 = CARTESIAN_POINT ( 'NONE',  ( 15.00000000000000000, 4.000000000000000000, -2.999999999999999112 ) ) ;
#1534 = DIRECTION ( 'NONE',  ( -0.6153846153846138645, -0.7882269819968933389, 0.000000000000000000 ) ) ;
#1535 = EDGE_LOOP ( 'NONE', ( #541, #1305, #896, #37 ) ) ;
#1536 = APPROVAL_PERSON_ORGANIZATION ( #902, #82, #2445 ) ;
#1537 = APPROVAL_DATE_TIME ( #1134, #1593 ) ;
#1538 = CARTESIAN_POINT ( 'NONE',  ( 0.000000000000000000, 5.000000000000000000, 27.00000000000000000 ) ) ;
#1539 = DIRECTION ( 'NONE',  ( 0.000000000000000000, 1.000000000000000000, 0.000000000000000000 ) ) ;
#1540 = DIRECTION ( 'NONE',  ( -0.000000000000000000, -0.000000000000000000, -1.000000000000000000 ) ) ;
#1541 = DIRECTION ( 'NONE',  ( -1.000000000000000000, 0.000000000000000000, 0.000000000000000000 ) ) ;
#1542 = EDGE_LOOP ( 'NONE', ( #1521, #1475, #1932, #1203 ) ) ;
#1543 = EDGE_LOOP ( 'NONE', ( #1729, #1563, #2313, #940 ) ) ;
#1544 = MANIFOLD_SOLID_BREP ( 'Cut-Extrude6', #127 ) ;
#1545 = ADVANCED_FACE ( 'NONE', ( #2474 ), #89, .T. ) ;
#1546 = CARTESIAN_POINT ( 'NONE',  ( 123.6584048087145504, 3.682340472995327296, 1.000000000000000000 ) ) ;
#1547 = DIRECTION ( 'NONE',  ( -0.000000000000000000, -0.000000000000000000, 1.000000000000000000 ) ) ;
#1548 = EDGE_CURVE ( 'NONE', #324, #1864, #2278, .T. ) ;
#1549 = ORIENTED_EDGE ( 'NONE', *, *, #1726, .F. ) ;
#1550 = LINE ( 'NONE', #16, #2107 ) ;
#1551 = FACE_OUTER_BOUND ( 'NONE', #166, .T. ) ;
#1552 = LINE ( 'NONE', #2311, #20 ) ;
#1553 = AXIS2_PLACEMENT_3D ( 'NONE', #122, #887, #1452 ) ;
#1554 = DIRECTION ( 'NONE',  ( 0.5837694705562198605, -0.8119194573641592694, 0.000000000000000000 ) ) ;
#1555 = ORIENTED_EDGE ( 'NONE', *, *, #1177, .F. ) ;
#1556 = VERTEX_POINT ( 'NONE', #1266 ) ;
#1557 = AXIS2_PLACEMENT_3D ( 'NONE', #572, #2318, #789 ) ;
#1558 = TOROIDAL_SURFACE ( 'NONE', #1273, 2.000000000000000000, 1.000000000000000000 ) ;
#1559 = ORIENTED_EDGE ( 'NONE', *, *, #1115, .T. ) ;
#1560 = AXIS2_PLACEMENT_3D ( 'NONE', #444, #844, #1616 ) ;
#1561 = CYLINDRICAL_SURFACE ( 'NONE', #713, 1.000000000000000888 ) ;
#1562 = DIRECTION ( 'NONE',  ( 0.000000000000000000, 0.000000000000000000, -1.000000000000000000 ) ) ;
#1563 = ORIENTED_EDGE ( 'NONE', *, *, #1992, .F. ) ;
#1564 = CYLINDRICAL_SURFACE ( 'NONE', #674, 1.000000000000000888 ) ;
#1565 = DIRECTION ( 'NONE',  ( 0.5837694705562187503, -0.8119194573641600465, 0.000000000000000000 ) ) ;
#1566 = EDGE_CURVE ( 'NONE', #1640, #2021, #1031, .T. ) ;
#1567 = DESIGN_CONTEXT ( 'detailed design', #1716, 'design' ) ;
#1568 = CARTESIAN_POINT ( 'NONE',  ( 0.000000000000000000, 1.000000000000000000, 28.99999999999999645 ) ) ;
#1569 = FACE_OUTER_BOUND ( 'NONE', #1945, .T. ) ;
#1570 = CIRCLE ( 'NONE', #1524, 2.750000000000003109 ) ;
#1571 = VERTEX_POINT ( 'NONE', #138 ) ;
#1572 = EDGE_LOOP ( 'NONE', ( #1412, #1133, #310, #1446 ) ) ;
#1573 = VECTOR ( 'NONE', #477, 1000.000000000000000 ) ;
#1574 = VERTEX_POINT ( 'NONE', #1075 ) ;
#1575 = ORIENTED_EDGE ( 'NONE', *, *, #266, .F. ) ;
#1576 = VECTOR ( 'NONE', #299, 1000.000000000000000 ) ;
#1577 = CARTESIAN_POINT ( 'NONE',  ( 22.30024183784221847, 60.62696813631940529, -5.000000000000000888 ) ) ;
#1578 = CARTESIAN_POINT ( 'NONE',  ( 0.000000000000000000, 5.000000000000000000, 0.000000000000000000 ) ) ;
#1579 = DIRECTION ( 'NONE',  ( 0.000000000000000000, 1.000000000000000000, 0.000000000000000000 ) ) ;
#1580 = EDGE_LOOP ( 'NONE', ( #1034, #1126, #2468, #2039 ) ) ;
#1581 = ADVANCED_FACE ( 'NONE', ( #1308 ), #1597, .T. ) ;
#1582 = LINE ( 'NONE', #1137, #1679 ) ;
#1583 = CARTESIAN_POINT ( 'NONE',  ( 10.29158032629563735, 86.15005945149171396, 0.000000000000000000 ) ) ;
#1584 = ORIENTED_EDGE ( 'NONE', *, *, #1879, .T. ) ;
#1585 = EDGE_CURVE ( 'NONE', #329, #1957, #1494, .T. ) ;
#1586 = VERTEX_POINT ( 'NONE', #97 ) ;
#1587 = ORIENTED_EDGE ( 'NONE', *, *, #1016, .T. ) ;
#1588 = CARTESIAN_POINT ( 'NONE',  ( 1.000000000000000000, 5.000000000000000000, -12.00000000000000000 ) ) ;
#1589 = CARTESIAN_POINT ( 'NONE',  ( -36.31397226678571855, 50.50627369994758453, -0.000000000000000000 ) ) ;
#1590 = CARTESIAN_POINT ( 'NONE',  ( 12.00000000000000000, 5.000000000000000000, 28.99999999999999645 ) ) ;
#1591 = DIRECTION ( 'NONE',  ( 0.000000000000000000, 0.000000000000000000, 1.000000000000000000 ) ) ;
#1592 = CARTESIAN_POINT ( 'NONE',  ( 6.304958344601829801, 82.87356126809736168, 15.00000000000000000 ) ) ;
#1593 = APPROVAL ( #986, 'UNSPECIFIED' ) ;
#1594 = ADVANCED_FACE ( 'NONE', ( #873 ), #328, .F. ) ;
#1595 = ORIENTED_EDGE ( 'NONE', *, *, #1132, .T. ) ;
#1596 = ORIENTED_EDGE ( 'NONE', *, *, #1250, .F. ) ;
#1597 = TOROIDAL_SURFACE ( 'NONE', #2452, 2.000000000000000000, 1.000000000000000000 ) ;
#1598 = AXIS2_PLACEMENT_3D ( 'NONE', #1728, #1170, #1921 ) ;
#1599 = CARTESIAN_POINT ( 'NONE',  ( 12.00000000000000000, 4.000000000000000000, 28.99999999999999645 ) ) ;
#1600 = PLANE ( 'NONE',  #1631 ) ;
#1601 = AXIS2_PLACEMENT_3D ( 'NONE', #2158, #1778, #1734 ) ;
#1602 = DIRECTION ( 'NONE',  ( -0.000000000000000000, 0.000000000000000000, -1.000000000000000000 ) ) ;
#1603 = VERTEX_POINT ( 'NONE', #1881 ) ;
#1604 = DIRECTION ( 'NONE',  ( -0.000000000000000000, -1.000000000000000000, -0.000000000000000000 ) ) ;
#1605 = CARTESIAN_POINT ( 'NONE',  ( 10.88726925421601699, 85.92190946468377888, 0.000000000000000000 ) ) ;
#1606 = CIRCLE ( 'NONE', #2184, 1.000000000000000888 ) ;
#1607 = ORIENTED_EDGE ( 'NONE', *, *, #1741, .F. ) ;
#1608 = DIRECTION ( 'NONE',  ( -0.000000000000000000, 0.000000000000000000, -1.000000000000000000 ) ) ;
#1609 = AXIS2_PLACEMENT_3D ( 'NONE', #1605, #1037, #78 ) ;
#1610 = EDGE_CURVE ( 'NONE', #1459, #1984, #1103, .T. ) ;
#1611 = CIRCLE ( 'NONE', #514, 2.250000000000000444 ) ;
#1612 = CARTESIAN_POINT ( 'NONE',  ( 13.99999999999999822, 1.000000000000000000, 26.99999999999999645 ) ) ;
#1613 = ADVANCED_FACE ( 'NONE', ( #518 ), #1646, .T. ) ;
#1614 = CARTESIAN_POINT ( 'NONE',  ( 7.751635071298434099, 81.20409235600749298, 15.00000000000000000 ) ) ;
#1615 = ORIENTED_EDGE ( 'NONE', *, *, #2217, .T. ) ;
#1616 = DIRECTION ( 'NONE',  ( -1.000000000000000000, -1.734723475976772385E-14, 0.000000000000000000 ) ) ;
#1617 = LINE ( 'NONE', #1422, #1244 ) ;
#1618 = EDGE_LOOP ( 'NONE', ( #1174, #2008, #215, #2171, #652, #1783, #178, #1960 ) ) ;
#1619 = ORIENTED_EDGE ( 'NONE', *, *, #1013, .F. ) ;
#1620 = FACE_OUTER_BOUND ( 'NONE', #1318, .T. ) ;
#1621 = EDGE_CURVE ( 'NONE', #1574, #816, #1968, .T. ) ;
#1622 = DIRECTION ( 'NONE',  ( 0.8119194573641598245, 0.5837694705562191944, 0.000000000000000000 ) ) ;
#1623 = EDGE_CURVE ( 'NONE', #92, #367, #54, .T. ) ;
#1624 = VERTEX_POINT ( 'NONE', #1465 ) ;
#1625 = CARTESIAN_POINT ( 'NONE',  ( 7.751635071298441204, 81.20409235600750719, 15.00000000000000000 ) ) ;
#1626 = DIRECTION ( 'NONE',  ( -1.000000000000000000, 0.000000000000000000, -0.000000000000000000 ) ) ;
#1627 = EDGE_LOOP ( 'NONE', ( #379, #534, #2279, #1355, #269, #398, #14 ) ) ;
#1628 = ORIENTED_EDGE ( 'NONE', *, *, #822, .F. ) ;
#1629 = VECTOR ( 'NONE', #1221, 1000.000000000000000 ) ;
#1630 = FACE_OUTER_BOUND ( 'NONE', #2439, .T. ) ;
#1631 = AXIS2_PLACEMENT_3D ( 'NONE', #614, #1209, #279 ) ;
#1632 = DIRECTION ( 'NONE',  ( -0.5837694705562198605, 0.8119194573641592694, 0.000000000000000000 ) ) ;
#1633 = CIRCLE ( 'NONE', #1472, 2.000000000000001776 ) ;
#1634 = ORIENTED_EDGE ( 'NONE', *, *, #2100, .F. ) ;
#1635 = DIRECTION ( 'NONE',  ( -1.000000000000000000, 0.000000000000000000, 0.000000000000000000 ) ) ;
#1636 = EDGE_CURVE ( 'NONE', #1603, #888, #1357, .T. ) ;
#1637 = LINE ( 'NONE', #1271, #1404 ) ;
#1638 = EDGE_CURVE ( 'NONE', #933, #797, #451, .T. ) ;
#1639 = CARTESIAN_POINT ( 'NONE',  ( 3.000000000000000000, 4.000000000000000000, 30.00000000000000000 ) ) ;
#1640 = VERTEX_POINT ( 'NONE', #1898 ) ;
#1641 = ORIENTED_EDGE ( 'NONE', *, *, #1461, .F. ) ;
#1642 = DIRECTION ( 'NONE',  ( 0.7882269819968922286, -0.6153846153846153078, 0.000000000000000000 ) ) ;
#1643 = CIRCLE ( 'NONE', #1327, 2.000000000000001776 ) ;
#1644 = AXIS2_PLACEMENT_3D ( 'NONE', #1497, #945, #2308 ) ;
#1645 = DIRECTION ( 'NONE',  ( -0.8119194573641598245, -0.5837694705562189723, 0.000000000000000000 ) ) ;
#1646 = PLANE ( 'NONE',  #1926 ) ;
#1647 = VECTOR ( 'NONE', #575, 1000.000000000000000 ) ;
#1648 = ORIENTED_EDGE ( 'NONE', *, *, #1518, .T. ) ;
#1649 = DIRECTION ( 'NONE',  ( -1.000000000000000000, 0.000000000000000000, 0.000000000000000000 ) ) ;
#1650 = CARTESIAN_POINT ( 'NONE',  ( 47.73938099419639514, 34.32457852178800550, 0.000000000000000000 ) ) ;
#1651 = EDGE_CURVE ( 'NONE', #1415, #857, #344, .T. ) ;
#1652 = DIRECTION ( 'NONE',  ( 0.5837694705562184172, -0.8119194573641602686, 0.000000000000000000 ) ) ;
#1653 = CARTESIAN_POINT ( 'NONE',  ( 29.29199724987867981, 78.62475778427557316, 7.500000000000000888 ) ) ;
#1654 = ORIENTED_EDGE ( 'NONE', *, *, #2116, .F. ) ;
#1655 = VERTEX_POINT ( 'NONE', #1118 ) ;
#1656 = EDGE_CURVE ( 'NONE', #198, #2104, #1108, .T. ) ;
#1657 = CC_DESIGN_APPROVAL ( #82, ( #809 ) ) ;
#1658 = LINE ( 'NONE', #679, #262 ) ;
#1659 = FACE_OUTER_BOUND ( 'NONE', #2161, .T. ) ;
#1660 = DIRECTION ( 'NONE',  ( 0.000000000000000000, 0.000000000000000000, 1.000000000000000000 ) ) ;
#1661 = ORIENTED_EDGE ( 'NONE', *, *, #201, .F. ) ;
#1662 = CARTESIAN_POINT ( 'NONE',  ( 10.14111589218696707, 86.61707502793669278, 0.000000000000000000 ) ) ;
#1663 = CARTESIAN_POINT ( 'NONE',  ( 8.097922745240218489, 89.45879312871126388, 15.00000000000000000 ) ) ;
#1664 = CARTESIAN_POINT ( 'NONE',  ( 3.000000000000000000, 1.000000000000000000, -12.00000000000000000 ) ) ;
#1665 = EDGE_CURVE ( 'NONE', #1556, #519, #954, .T. ) ;
#1666 = ORIENTED_EDGE ( 'NONE', *, *, #484, .F. ) ;
#1667 = ORIENTED_EDGE ( 'NONE', *, *, #559, .T. ) ;
#1668 = ADVANCED_FACE ( 'NONE', ( #2292 ), #1743, .F. ) ;
#1669 = CARTESIAN_POINT ( 'NONE',  ( 4.038461538461518785, 98.34069965865990071, 1.000000000000000888 ) ) ;
#1670 = AXIS2_PLACEMENT_3D ( 'NONE', #51, #1622, #1632 ) ;
#1671 = DIRECTION ( 'NONE',  ( 0.5837694705562198605, -0.8119194573641592694, 0.000000000000000000 ) ) ;
#1672 = CARTESIAN_POINT ( 'NONE',  ( 4.038461538461486811, 98.34069965865991492, 1.000000000000000888 ) ) ;
#1673 = AXIS2_PLACEMENT_3D ( 'NONE', #1699, #732, #1505 ) ;
#1674 = ORIENTED_EDGE ( 'NONE', *, *, #481, .T. ) ;
#1675 = APPROVAL_STATUS ( 'not_yet_approved' ) ;
#1676 = CIRCLE ( 'NONE', #2414, 2.999999999999999112 ) ;
#1677 = CYLINDRICAL_SURFACE ( 'NONE', #1694, 1.199999999999992628 ) ;
#1678 = LINE ( 'NONE', #1121, #1128 ) ;
#1679 = VECTOR ( 'NONE', #798, 1000.000000000000114 ) ;
#1680 = DIRECTION ( 'NONE',  ( -0.5837694705562187503, 0.8119194573641599355, 0.000000000000000000 ) ) ;
#1681 = CARTESIAN_POINT ( 'NONE',  ( 12.00000000000000000, 1.000000000000000000, 30.00000000000000000 ) ) ;
#1682 = ORIENTED_EDGE ( 'NONE', *, *, #2068, .T. ) ;
#1683 = ORIENTED_EDGE ( 'NONE', *, *, #2353, .F. ) ;
#1684 = DIRECTION ( 'NONE',  ( 0.000000000000000000, 0.000000000000000000, 1.000000000000000000 ) ) ;
#1685 = ADVANCED_FACE ( 'NONE', ( #1345 ), #1313, .T. ) ;
#1686 = DIRECTION ( 'NONE',  ( 0.000000000000000000, -1.000000000000000000, 0.000000000000000000 ) ) ;
#1687 = VECTOR ( 'NONE', #1874, 1000.000000000000000 ) ;
#1688 = DIRECTION ( 'NONE',  ( -1.000000000000000000, 0.000000000000000000, 0.000000000000000000 ) ) ;
#1689 = ADVANCED_FACE ( 'NONE', ( #176 ), #547, .T. ) ;
#1690 = EDGE_LOOP ( 'NONE', ( #1239, #2391, #214, #285 ) ) ;
#1691 = AXIS2_PLACEMENT_3D ( 'NONE', #2183, #2355, #226 ) ;
#1692 = CARTESIAN_POINT ( 'NONE',  ( 26.42089497242592699, 62.60439518793105407, -5.000000000000000888 ) ) ;
#1693 = DIRECTION ( 'NONE',  ( -0.000000000000000000, -0.000000000000000000, 1.000000000000000000 ) ) ;
#1694 = AXIS2_PLACEMENT_3D ( 'NONE', #1952, #3, #1938 ) ;
#1695 = CARTESIAN_POINT ( 'NONE',  ( 3.000000000000000000, 1.000000000000000000, -15.00000000000000000 ) ) ;
#1696 = CYLINDRICAL_SURFACE ( 'NONE', #1983, 3.000000000000000000 ) ;
#1697 = EDGE_LOOP ( 'NONE', ( #1587, #1918, #2407, #2202 ) ) ;
#1698 = ORIENTED_EDGE ( 'NONE', *, *, #341, .T. ) ;
#1699 = CARTESIAN_POINT ( 'NONE',  ( 22.01675211539474830, 76.78089755066997668, 7.500000000000000888 ) ) ;
#1700 = PRODUCT_DEFINITION_FORMATION_WITH_SPECIFIED_SOURCE ( 'ANY', '', #929, .NOT_KNOWN. ) ;
#1701 = DIRECTION ( 'NONE',  ( 1.000000000000000000, 0.000000000000000000, -0.000000000000000000 ) ) ;
#1702 = CARTESIAN_POINT ( 'NONE',  ( 1.000000000000000000, 1.000000000000000000, 27.00000000000000000 ) ) ;
#1703 = ADVANCED_FACE ( 'NONE', ( #2125 ), #807, .T. ) ;
#1704 = ORIENTED_EDGE ( 'NONE', *, *, #397, .F. ) ;
#1705 = APPROVAL_DATE_TIME ( #2280, #82 ) ;
#1706 = DIRECTION ( 'NONE',  ( 0.000000000000000000, -1.000000000000000000, 0.000000000000000000 ) ) ;
#1707 = CARTESIAN_POINT ( 'NONE',  ( 3.000000000000000000, 5.000000000000000000, 27.00000000000000000 ) ) ;
#1708 = ADVANCED_FACE ( 'NONE', ( #377 ), #1935, .T. ) ;
#1709 = FACE_OUTER_BOUND ( 'NONE', #2111, .T. ) ;
#1710 = LINE ( 'NONE', #129, #2218 ) ;
#1711 = ORIENTED_EDGE ( 'NONE', *, *, #2100, .T. ) ;
#1712 = ORIENTED_EDGE ( 'NONE', *, *, #290, .F. ) ;
#1713 = CARTESIAN_POINT ( 'NONE',  ( 9.491580326295622427, 86.15005945149171396, 0.000000000000000000 ) ) ;
#1714 = LINE ( 'NONE', #2499, #2500 ) ;
#1715 = ORIENTED_EDGE ( 'NONE', *, *, #2019, .F. ) ;
#1716 = APPLICATION_CONTEXT ( 'configuration controlled 3d designs of mechanical parts and assemblies' ) ;
#1717 = FACE_OUTER_BOUND ( 'NONE', #38, .T. ) ;
#1718 = CARTESIAN_POINT ( 'NONE',  ( 13.99999999999999822, 5.000000000000000000, 0.000000000000000000 ) ) ;
#1719 = AXIS2_PLACEMENT_3D ( 'NONE', #2397, #1602, #1428 ) ;
#1720 = ADVANCED_FACE ( 'NONE', ( #1131 ), #749, .F. ) ;
#1721 = CARTESIAN_POINT ( 'NONE',  ( 15.00000000000000000, 1.000000000000000000, 17.99999999999998934 ) ) ;
#1722 = LINE ( 'NONE', #511, #1163 ) ;
#1723 = VERTEX_POINT ( 'NONE', #970 ) ;
#1724 = EDGE_LOOP ( 'NONE', ( #823, #621, #668, #1304, #410, #140, #52, #958 ) ) ;
#1725 = AXIS2_PLACEMENT_3D ( 'NONE', #2492, #2435, #333 ) ;
#1726 = EDGE_CURVE ( 'NONE', #2412, #1801, #585, .T. ) ;
#1727 = FACE_OUTER_BOUND ( 'NONE', #1877, .T. ) ;
#1728 = CARTESIAN_POINT ( 'NONE',  ( 1.000000000000000000, 4.000000000000000000, 15.00000000000000000 ) ) ;
#1729 = ORIENTED_EDGE ( 'NONE', *, *, #825, .T. ) ;
#1730 = TOROIDAL_SURFACE ( 'NONE', #508, 1.500000000000000000, 1.000000000000000000 ) ;
#1731 = CARTESIAN_POINT ( 'NONE',  ( 26.64904495923387984, 64.00008411585142198, 15.00000000000000000 ) ) ;
#1732 = CARTESIAN_POINT ( 'NONE',  ( 0.000000000000000000, 4.000000000000000000, 1.000000000000000888 ) ) ;
#1733 = AXIS2_PLACEMENT_3D ( 'NONE', #1354, #1764, #1969 ) ;
#1734 = DIRECTION ( 'NONE',  ( -1.000000000000000000, 0.000000000000000000, -0.000000000000000000 ) ) ;
#1735 = CIRCLE ( 'NONE', #2263, 1.200000000000006617 ) ;
#1736 = DIRECTION ( 'NONE',  ( 1.000000000000000000, 0.000000000000000000, 0.000000000000000000 ) ) ;
#1737 = ADVANCED_FACE ( 'NONE', ( #942 ), #1153, .T. ) ;
#1738 = ORIENTED_EDGE ( 'NONE', *, *, #119, .F. ) ;
#1739 = ORIENTED_EDGE ( 'NONE', *, *, #1115, .F. ) ;
#1740 = CIRCLE ( 'NONE', #1947, 0.7999999999999864997 ) ;
#1741 = EDGE_CURVE ( 'NONE', #2208, #2110, #1805, .T. ) ;
#1742 = DIRECTION ( 'NONE',  ( -0.000000000000000000, -0.000000000000000000, 1.000000000000000000 ) ) ;
#1743 = CYLINDRICAL_SURFACE ( 'NONE', #861, 1.199999999999999734 ) ;
#1744 = ORIENTED_EDGE ( 'NONE', *, *, #663, .T. ) ;
#1745 = CARTESIAN_POINT ( 'NONE',  ( 13.99999999999999822, 0.000000000000000000, 18.00000000000000355 ) ) ;
#1746 = LINE ( 'NONE', #2129, #1530 ) ;
#1747 = DIRECTION ( 'NONE',  ( 0.000000000000000000, 0.000000000000000000, -1.000000000000000000 ) ) ;
#1748 = FACE_BOUND ( 'NONE', #118, .T. ) ;
#1749 = ORIENTED_EDGE ( 'NONE', *, *, #1978, .F. ) ;
#1750 = ORIENTED_EDGE ( 'NONE', *, *, #898, .T. ) ;
#1751 = ADVANCED_FACE ( 'NONE', ( #984 ), #191, .T. ) ;
#1752 = VERTEX_POINT ( 'NONE', #1142 ) ;
#1753 = EDGE_CURVE ( 'NONE', #519, #689, #1755, .T. ) ;
#1754 = CARTESIAN_POINT ( 'NONE',  ( 15.00000000000000000, 5.000000000000000000, -15.00000000000000000 ) ) ;
#1755 = LINE ( 'NONE', #2103, #1109 ) ;
#1756 = AXIS2_PLACEMENT_3D ( 'NONE', #1182, #1742, #219 ) ;
#1757 = ORIENTED_EDGE ( 'NONE', *, *, #1895, .F. ) ;
#1758 = CALENDAR_DATE ( 2024, 25, 6 ) ;
#1759 = CARTESIAN_POINT ( 'NONE',  ( 1.000000000000000000, 5.000000000000000000, 0.000000000000000000 ) ) ;
#1760 = FACE_OUTER_BOUND ( 'NONE', #1627, .T. ) ;
#1761 = ORIENTED_EDGE ( 'NONE', *, *, #1317, .F. ) ;
#1762 = CARTESIAN_POINT ( 'NONE',  ( -37.13124952556446345, 51.64296094025724670, 0.000000000000000000 ) ) ;
#1763 = AXIS2_PLACEMENT_3D ( 'NONE', #647, #1788, #2014 ) ;
#1764 = DIRECTION ( 'NONE',  ( 1.000000000000000000, 0.000000000000000000, 0.000000000000000000 ) ) ;
#1765 = ORIENTED_EDGE ( 'NONE', *, *, #745, .F. ) ;
#1766 = ORIENTED_EDGE ( 'NONE', *, *, #2396, .T. ) ;
#1767 = CIRCLE ( 'NONE', #660, 1.000000000000000000 ) ;
#1768 = AXIS2_PLACEMENT_3D ( 'NONE', #21, #385, #2168 ) ;
#1769 = ORIENTED_EDGE ( 'NONE', *, *, #1531, .F. ) ;
#1770 = EDGE_LOOP ( 'NONE', ( #2450, #587, #1956, #1777 ) ) ;
#1771 = CIRCLE ( 'NONE', #750, 2.750000000000003109 ) ;
#1772 = DIRECTION ( 'NONE',  ( -0.5837694705562198605, 0.8119194573641592694, 0.000000000000000000 ) ) ;
#1773 = CARTESIAN_POINT ( 'NONE',  ( 9.491580326295622427, 86.15005945149171396, -5.000000000000000888 ) ) ;
#1774 = EDGE_CURVE ( 'NONE', #816, #71, #1714, .T. ) ;
#1775 = DIRECTION ( 'NONE',  ( -0.8119194573641598245, -0.5837694705562189723, 0.000000000000000000 ) ) ;
#1776 = EDGE_CURVE ( 'NONE', #1268, #1098, #1837, .T. ) ;
#1777 = ORIENTED_EDGE ( 'NONE', *, *, #187, .T. ) ;
#1778 = DIRECTION ( 'NONE',  ( 0.000000000000000000, 0.000000000000000000, -1.000000000000000000 ) ) ;
#1779 = DIRECTION ( 'NONE',  ( 0.000000000000000000, 0.000000000000000000, -1.000000000000000000 ) ) ;
#1780 = ORIENTED_EDGE ( 'NONE', *, *, #1500, .F. ) ;
#1781 = AXIS2_PLACEMENT_3D ( 'NONE', #2216, #101, #1649 ) ;
#1782 = EDGE_LOOP ( 'NONE', ( #1715, #1802, #2244, #1045 ) ) ;
#1783 = ORIENTED_EDGE ( 'NONE', *, *, #982, .T. ) ;
#1784 = VECTOR ( 'NONE', #2333, 1000.000000000000114 ) ;
#1785 = FACE_OUTER_BOUND ( 'NONE', #2047, .T. ) ;
#1786 = LINE ( 'NONE', #1589, #1194 ) ;
#1787 = EDGE_CURVE ( 'NONE', #683, #1268, #1374, .T. ) ;
#1788 = DIRECTION ( 'NONE',  ( 0.000000000000000000, 1.000000000000000000, 0.000000000000000000 ) ) ;
#1789 = VERTEX_POINT ( 'NONE', #2156 ) ;
#1790 = EDGE_CURVE ( 'NONE', #951, #1347, #415, .T. ) ;
#1791 = DIRECTION ( 'NONE',  ( -1.000000000000000000, 0.000000000000000000, 0.000000000000000000 ) ) ;
#1792 = VERTEX_POINT ( 'NONE', #2115 ) ;
#1793 = ORIENTED_EDGE ( 'NONE', *, *, #2437, .T. ) ;
#1794 = DIRECTION ( 'NONE',  ( 0.000000000000000000, 1.000000000000000000, 0.000000000000000000 ) ) ;
#1795 = CARTESIAN_POINT ( 'NONE',  ( 18.00000000000000000, 5.000000000000000000, 18.00000000000000000 ) ) ;
#1796 = CYLINDRICAL_SURFACE ( 'NONE', #1835, 1.000000000000000888 ) ;
#1797 = DIRECTION ( 'NONE',  ( 0.000000000000000000, 0.000000000000000000, 1.000000000000000000 ) ) ;
#1798 = CARTESIAN_POINT ( 'NONE',  ( 15.00000000000000000, 0.000000000000000000, -2.999999999999999112 ) ) ;
#1799 =( BOUNDED_CURVE ( )  B_SPLINE_CURVE ( 3, ( #667, #1398, #2201, #2180 ),
 .UNSPECIFIED., .F., .T. ) 
 B_SPLINE_CURVE_WITH_KNOTS ( ( 4, 4 ),
 ( 4.712388980384689674, 6.283185307179586232 ),
 .UNSPECIFIED. ) 
 CURVE ( )  GEOMETRIC_REPRESENTATION_ITEM ( )  RATIONAL_B_SPLINE_CURVE ( ( 1.000000000000000000, 0.8047378541243649375, 0.8047378541243649375, 1.000000000000000000 ) ) 
 REPRESENTATION_ITEM ( '' )  );
#1800 = EDGE_CURVE ( 'NONE', #1996, #228, #1767, .T. ) ;
#1801 = VERTEX_POINT ( 'NONE', #1806 ) ;
#1802 = ORIENTED_EDGE ( 'NONE', *, *, #1790, .T. ) ;
#1803 = AXIS2_PLACEMENT_3D ( 'NONE', #590, #810, #1146 ) ;
#1804 = EDGE_CURVE ( 'NONE', #1984, #2110, #634, .T. ) ;
#1805 = CIRCLE ( 'NONE', #93, 0.9999999999999952260 ) ;
#1806 = CARTESIAN_POINT ( 'NONE',  ( 27.62334830807086661, 64.70060748051888311, 15.00000000000000000 ) ) ;
#1807 = VECTOR ( 'NONE', #1399, 1000.000000000000114 ) ;
#1808 = CARTESIAN_POINT ( 'NONE',  ( 15.00000000000000000, 4.000000000000000000, -15.00000000000000000 ) ) ;
#1809 = ORIENTED_EDGE ( 'NONE', *, *, #1026, .T. ) ;
#1810 = LINE ( 'NONE', #2203, #627 ) ;
#1811 = CARTESIAN_POINT ( 'NONE',  ( 25.95387939598094107, 63.25393075382236674, 15.00000000000000000 ) ) ;
#1812 = AXIS2_PLACEMENT_3D ( 'NONE', #1474, #284, #439 ) ;
#1813 = ADVANCED_FACE ( 'NONE', ( #1620 ), #1600, .T. ) ;
#1814 = VERTEX_POINT ( 'NONE', #267 ) ;
#1815 = CARTESIAN_POINT ( 'NONE',  ( -18.97601899126604152, 26.39226581623195500, -0.000000000000000000 ) ) ;
#1816 = CIRCLE ( 'NONE', #1691, 1.999999999999998224 ) ;
#1817 = EDGE_CURVE ( 'NONE', #192, #1150, #2335, .T. ) ;
#1818 = DIRECTION ( 'NONE',  ( 0.000000000000000000, -1.000000000000000000, 0.000000000000000000 ) ) ;
#1819 = FACE_OUTER_BOUND ( 'NONE', #1181, .T. ) ;
#1820 = VERTEX_POINT ( 'NONE', #429 ) ;
#1821 = DIRECTION ( 'NONE',  ( 1.000000000000000000, 0.000000000000000000, 0.000000000000000000 ) ) ;
#1822 = CARTESIAN_POINT ( 'NONE',  ( 3.000000000000000000, 5.000000000000000000, -15.00000000000000000 ) ) ;
#1823 = VERTEX_POINT ( 'NONE', #73 ) ;
#1824 = EDGE_LOOP ( 'NONE', ( #495, #723, #620, #34 ) ) ;
#1825 = DIRECTION ( 'NONE',  ( -0.8119194573641629331, -0.5837694705562146424, 0.000000000000000000 ) ) ;
#1826 = ADVANCED_FACE ( 'NONE', ( #827 ), #246, .T. ) ;
#1827 = LINE ( 'NONE', #1808, #1629 ) ;
#1828 = EDGE_CURVE ( 'NONE', #644, #1792, #1676, .T. ) ;
#1829 = VERTEX_POINT ( 'NONE', #1417 ) ;
#1830 = LINE ( 'NONE', #77, #1517 ) ;
#1831 = CARTESIAN_POINT ( 'NONE',  ( 23.33023342414624324, 74.95407877160062071, 7.500000000000000888 ) ) ;
#1832 = DIRECTION ( 'NONE',  ( 0.000000000000000000, 0.000000000000000000, 1.000000000000000000 ) ) ;
#1833 = ORIENTED_EDGE ( 'NONE', *, *, #2441, .F. ) ;
#1834 = VERTEX_POINT ( 'NONE', #253 ) ;
#1835 = AXIS2_PLACEMENT_3D ( 'NONE', #1022, #2213, #1032 ) ;
#1836 = DIRECTION ( 'NONE',  ( -0.000000000000000000, -1.000000000000000000, -0.000000000000000000 ) ) ;
#1837 = CIRCLE ( 'NONE', #1557, 1.200000000000006617 ) ;
#1838 = CYLINDRICAL_SURFACE ( 'NONE', #2023, 1.000000000000000000 ) ;
#1839 = DIRECTION ( 'NONE',  ( -0.000000000000000000, 1.000000000000000000, -0.000000000000000000 ) ) ;
#1840 = EDGE_CURVE ( 'NONE', #2160, #801, #418, .T. ) ;
#1841 = CIRCLE ( 'NONE', #747, 1.199999999999999734 ) ;
#1842 = ORIENTED_EDGE ( 'NONE', *, *, #2381, .F. ) ;
#1843 = CARTESIAN_POINT ( 'NONE',  ( 3.000000000000000000, 4.000000000000000000, 27.00000000000000000 ) ) ;
#1844 = FACE_OUTER_BOUND ( 'NONE', #1580, .T. ) ;
#1845 = EDGE_CURVE ( 'NONE', #1950, #2232, #864, .T. ) ;
#1846 = DIRECTION ( 'NONE',  ( 0.7882269819968971136, -0.6153846153846090905, 0.000000000000000000 ) ) ;
#1847 = CARTESIAN_POINT ( 'NONE',  ( 29.29199724987869047, 78.62475778427557316, 12.99999999999999289 ) ) ;
#1848 = EDGE_LOOP ( 'NONE', ( #186, #1674, #554, #2097 ) ) ;
#1849 = ORIENTED_EDGE ( 'NONE', *, *, #1961, .T. ) ;
#1850 = CARTESIAN_POINT ( 'NONE',  ( 16.29407303961752973, 4.843804901970334420, 0.000000000000000000 ) ) ;
#1851 = AXIS2_PLACEMENT_3D ( 'NONE', #1125, #729, #567 ) ;
#1852 = AXIS2_PLACEMENT_3D ( 'NONE', #22, #1779, #1541 ) ;
#1853 = DIRECTION ( 'NONE',  ( -0.000000000000000000, 1.000000000000000000, -0.000000000000000000 ) ) ;
#1854 = DIRECTION ( 'NONE',  ( 0.000000000000000000, 0.000000000000000000, 1.000000000000000000 ) ) ;
#1855 = CIRCLE ( 'NONE', #1168, 1.199999999999992628 ) ;
#1856 = ORIENTED_EDGE ( 'NONE', *, *, #521, .T. ) ;
#1857 = ADVANCED_FACE ( 'NONE', ( #440 ), #2012, .F. ) ;
#1858 = CARTESIAN_POINT ( 'NONE',  ( 0.000000000000000000, 4.000000000000000000, -12.00000000000000000 ) ) ;
#1859 = DIRECTION ( 'NONE',  ( 0.000000000000000000, 0.000000000000000000, -1.000000000000000000 ) ) ;
#1860 = ADVANCED_FACE ( 'NONE', ( #62 ), #1220, .F. ) ;
#1861 = DIRECTION ( 'NONE',  ( 0.000000000000000000, 1.000000000000000000, 0.000000000000000000 ) ) ;
#1862 = DIRECTION ( 'NONE',  ( 0.000000000000000000, 0.000000000000000000, -1.000000000000000000 ) ) ;
#1863 = ORIENTED_EDGE ( 'NONE', *, *, #570, .F. ) ;
#1864 = VERTEX_POINT ( 'NONE', #81 ) ;
#1865 = LOCAL_TIME ( 22, 55, 17.00000000000000000, #1184 ) ;
#1866 = CARTESIAN_POINT ( 'NONE',  ( 21.17833289409147213, 62.52994483663183445, 15.00000000000000000 ) ) ;
#1867 = FACE_OUTER_BOUND ( 'NONE', #901, .T. ) ;
#1868 = DIRECTION ( 'NONE',  ( 0.000000000000000000, 0.000000000000000000, 1.000000000000000000 ) ) ;
#1869 = EDGE_LOOP ( 'NONE', ( #2207, #964, #2063, #1876 ) ) ;
#1870 = PERSON_AND_ORGANIZATION_ROLE ( 'creator' ) ;
#1871 = CARTESIAN_POINT ( 'NONE',  ( 15.00000000000000000, 1.000000000000000000, -12.00000000000000000 ) ) ;
#1872 = DIRECTION ( 'NONE',  ( -1.000000000000000000, 0.000000000000000000, 0.000000000000000000 ) ) ;
#1873 = PLANE ( 'NONE',  #179 ) ;
#1874 = DIRECTION ( 'NONE',  ( 0.000000000000000000, 0.000000000000000000, -1.000000000000000000 ) ) ;
#1875 = EDGE_CURVE ( 'NONE', #1222, #1151, #1977, .T. ) ;
#1876 = ORIENTED_EDGE ( 'NONE', *, *, #1100, .F. ) ;
#1877 = EDGE_LOOP ( 'NONE', ( #2231, #1179, #869, #971 ) ) ;
#1878 = CARTESIAN_POINT ( 'NONE',  ( 15.83096489575365062, 4.963041849331231603, 14.99999999999999822 ) ) ;
#1879 = EDGE_CURVE ( 'NONE', #345, #2430, #18, .T. ) ;
#1880 = DIRECTION ( 'NONE',  ( -1.000000000000000000, 0.000000000000000000, 0.000000000000000000 ) ) ;
#1881 = CARTESIAN_POINT ( 'NONE',  ( 18.00000000000000000, 1.000000000000000000, 15.00000000000000000 ) ) ;
#1882 = VECTOR ( 'NONE', #728, 1000.000000000000000 ) ;
#1883 = ORIENTED_EDGE ( 'NONE', *, *, #982, .F. ) ;
#1884 = PERSON_AND_ORGANIZATION ( #673, #2434 ) ;
#1885 = VECTOR ( 'NONE', #2215, 999.9999999999998863 ) ;
#1886 = CARTESIAN_POINT ( 'NONE',  ( 10.14111589218696707, 86.61707502793669278, -5.000000000000000888 ) ) ;
#1887 = DIRECTION ( 'NONE',  ( 0.8119194573641603796, 0.5837694705562180841, 0.000000000000000000 ) ) ;
#1888 = AXIS2_PLACEMENT_3D ( 'NONE', #1843, #889, #124 ) ;
#1889 = CARTESIAN_POINT ( 'NONE',  ( 1.000000000000000000, 96.37013220366763733, 1.000000000000000000 ) ) ;
#1890 = DIRECTION ( 'NONE',  ( 0.000000000000000000, 0.000000000000000000, 1.000000000000000000 ) ) ;
#1891 = ORIENTED_EDGE ( 'NONE', *, *, #556, .T. ) ;
#1892 = ORIENTED_EDGE ( 'NONE', *, *, #1267, .F. ) ;
#1893 = EDGE_CURVE ( 'NONE', #644, #1820, #818, .T. ) ;
#1894 = DIRECTION ( 'NONE',  ( -0.000000000000000000, 1.000000000000000000, -0.000000000000000000 ) ) ;
#1895 = EDGE_CURVE ( 'NONE', #847, #286, #1786, .T. ) ;
#1896 = DIRECTION ( 'NONE',  ( 0.7882269819968921176, -0.6153846153846153078, -0.000000000000000000 ) ) ;
#1897 = AXIS2_PLACEMENT_3D ( 'NONE', #350, #539, #2082 ) ;
#1898 = CARTESIAN_POINT ( 'NONE',  ( 18.00000000000000000, 4.000000000000000000, 15.00000000000000000 ) ) ;
#1899 = ORIENTED_EDGE ( 'NONE', *, *, #151, .F. ) ;
#1900 = AXIS2_PLACEMENT_3D ( 'NONE', #1414, #2269, #2066 ) ;
#1901 = APPLICATION_PROTOCOL_DEFINITION ( 'international standard', 'config_control_design', 1994, #2507 ) ;
#1902 = DIRECTION ( 'NONE',  ( 0.000000000000000000, -1.000000000000000000, 0.000000000000000000 ) ) ;
#1903 = DIRECTION ( 'NONE',  ( 0.8119194573641604906, 0.5837694705562180841, -0.000000000000000000 ) ) ;
#1904 = AXIS2_PLACEMENT_3D ( 'NONE', #2277, #1478, #2101 ) ;
#1905 = CARTESIAN_POINT ( 'NONE',  ( 12.00000000000000000, 4.000000000000000000, -12.00000000000000000 ) ) ;
#1906 = CARTESIAN_POINT ( 'NONE',  ( 124.2737894240991636, 4.470567454992231404, 15.00000000000000000 ) ) ;
#1907 = VERTEX_POINT ( 'NONE', #2371 ) ;
#1908 = ORIENTED_EDGE ( 'NONE', *, *, #2200, .F. ) ;
#1909 = CARTESIAN_POINT ( 'NONE',  ( 22.01675211539474830, 76.78089755066997668, 7.500000000000000888 ) ) ;
#1910 = CARTESIAN_POINT ( 'NONE',  ( 3.000000000000000000, 1.000000000000000000, 27.00000000000000000 ) ) ;
#1911 = EDGE_CURVE ( 'NONE', #367, #1752, #531, .T. ) ;
#1912 = ORIENTED_EDGE ( 'NONE', *, *, #1911, .F. ) ;
#1913 = DIRECTION ( 'NONE',  ( 0.000000000000000000, 0.000000000000000000, -1.000000000000000000 ) ) ;
#1914 = DIRECTION ( 'NONE',  ( 0.5837694705562191944, -0.8119194573641597135, 0.000000000000000000 ) ) ;
#1915 = ADVANCED_FACE ( 'NONE', ( #1630 ), #1449, .F. ) ;
#1916 = DIRECTION ( 'NONE',  ( -0.000000000000000000, -0.000000000000000000, -1.000000000000000000 ) ) ;
#1917 = CARTESIAN_POINT ( 'NONE',  ( 123.6584048087145504, 3.682340472995338398, 15.00000000000000000 ) ) ;
#1918 = ORIENTED_EDGE ( 'NONE', *, *, #1480, .F. ) ;
#1919 = ORIENTED_EDGE ( 'NONE', *, *, #1238, .F. ) ;
#1920 = DIRECTION ( 'NONE',  ( 0.000000000000000000, 0.000000000000000000, -1.000000000000000000 ) ) ;
#1921 = DIRECTION ( 'NONE',  ( 1.000000000000000000, 0.000000000000000000, 0.000000000000000000 ) ) ;
#1922 = ORIENTED_EDGE ( 'NONE', *, *, #1166, .T. ) ;
#1923 = EDGE_CURVE ( 'NONE', #2232, #1640, #491, .T. ) ;
#1924 = CARTESIAN_POINT ( 'NONE',  ( 3.000000000000000000, 1.000000000000000000, -15.00000000000000000 ) ) ;
#1925 = DIRECTION ( 'NONE',  ( 1.000000000000000000, 0.000000000000000000, 0.000000000000000000 ) ) ;
#1926 = AXIS2_PLACEMENT_3D ( 'NONE', #734, #2443, #707 ) ;
#1927 = VECTOR ( 'NONE', #1021, 1000.000000000000114 ) ;
#1928 = LINE ( 'NONE', #811, #1320 ) ;
#1929 = EDGE_CURVE ( 'NONE', #528, #1723, #871, .T. ) ;
#1930 = CARTESIAN_POINT ( 'NONE',  ( 2.500000000000000000, 96.37013220366763733, 13.99999999999999822 ) ) ;
#1931 = EDGE_LOOP ( 'NONE', ( #792, #1058, #978, #1309, #1515, #1113, #1381 ) ) ;
#1932 = ORIENTED_EDGE ( 'NONE', *, *, #1636, .F. ) ;
#1933 = AXIS2_PLACEMENT_3D ( 'NONE', #44, #2400, #658 ) ;
#1934 = LINE ( 'NONE', #2525, #411 ) ;
#1935 = PLANE ( 'NONE',  #1393 ) ;
#1936 = ORIENTED_EDGE ( 'NONE', *, *, #1800, .T. ) ;
#1937 = DATE_TIME_ROLE ( 'classification_date' ) ;
#1938 = DIRECTION ( 'NONE',  ( 1.000000000000000000, 0.000000000000000000, 0.000000000000000000 ) ) ;
#1939 = CARTESIAN_POINT ( 'NONE',  ( 48.87606823450623494, 35.14185578056675041, 0.000000000000000000 ) ) ;
#1940 = CIRCLE ( 'NONE', #1985, 1.199999999999999734 ) ;
#1941 = ORIENTED_EDGE ( 'NONE', *, *, #446, .F. ) ;
#1942 = FACE_OUTER_BOUND ( 'NONE', #1234, .T. ) ;
#1943 = PLANE ( 'NONE',  #1124 ) ;
#1944 = EDGE_LOOP ( 'NONE', ( #1809, #1698 ) ) ;
#1945 = EDGE_LOOP ( 'NONE', ( #64, #2508, #766, #1863 ) ) ;
#1946 = EDGE_CURVE ( 'NONE', #933, #743, #544, .T. ) ;
#1947 = AXIS2_PLACEMENT_3D ( 'NONE', #778, #1965, #223 ) ;
#1948 = CARTESIAN_POINT ( 'NONE',  ( 1.000000000000000000, 0.000000000000000000, -12.00000000000000000 ) ) ;
#1949 = DIRECTION ( 'NONE',  ( -0.5837694705562173070, 0.8119194573641610457, -0.000000000000000000 ) ) ;
#1950 = VERTEX_POINT ( 'NONE', #1263 ) ;
#1951 = PERSON_AND_ORGANIZATION ( #673, #2434 ) ;
#1952 = CARTESIAN_POINT ( 'NONE',  ( 26.64904495923387984, 64.00008411585142198, -5.000000000000000888 ) ) ;
#1953 = CARTESIAN_POINT ( 'NONE',  ( 18.00000000000000000, 0.000000000000000000, 18.00000000000000000 ) ) ;
#1954 = FACE_OUTER_BOUND ( 'NONE', #1618, .T. ) ;
#1955 = DIRECTION ( 'NONE',  ( -0.000000000000000000, -0.000000000000000000, 1.000000000000000000 ) ) ;
#1956 = ORIENTED_EDGE ( 'NONE', *, *, #2302, .T. ) ;
#1957 = VERTEX_POINT ( 'NONE', #2276 ) ;
#1958 = EDGE_CURVE ( 'NONE', #1403, #2009, #996, .T. ) ;
#1959 = ORIENTED_EDGE ( 'NONE', *, *, #636, .F. ) ;
#1960 = ORIENTED_EDGE ( 'NONE', *, *, #672, .T. ) ;
#1961 = EDGE_CURVE ( 'NONE', #2476, #1425, #2041, .T. ) ;
#1962 = DIRECTION ( 'NONE',  ( -0.8119194573641600465, -0.5837694705562187503, 0.000000000000000000 ) ) ;
#1963 = DIRECTION ( 'NONE',  ( 0.000000000000000000, 0.000000000000000000, 1.000000000000000000 ) ) ;
#1964 = SHAPE_DEFINITION_REPRESENTATION ( #2479, #739 ) ;
#1965 = DIRECTION ( 'NONE',  ( -0.000000000000000000, -0.000000000000000000, -1.000000000000000000 ) ) ;
#1966 = CIRCLE ( 'NONE', #2004, 1.500000000000000000 ) ;
#1967 = FACE_OUTER_BOUND ( 'NONE', #1542, .T. ) ;
#1968 = CIRCLE ( 'NONE', #1152, 0.7999999999999535261 ) ;
#1969 = DIRECTION ( 'NONE',  ( 0.000000000000000000, 0.000000000000000000, -1.000000000000000000 ) ) ;
#1970 = ORIENTED_EDGE ( 'NONE', *, *, #914, .T. ) ;
#1971 = VERTEX_POINT ( 'NONE', #516 ) ;
#1972 = AXIS2_PLACEMENT_3D ( 'NONE', #884, #109, #1306 ) ;
#1973 = VECTOR ( 'NONE', #102, 1000.000000000000000 ) ;
#1974 = VERTEX_POINT ( 'NONE', #2073 ) ;
#1975 = ORIENTED_EDGE ( 'NONE', *, *, #1496, .F. ) ;
#1976 = CARTESIAN_POINT ( 'NONE',  ( 12.08726925421602516, 85.92190946468377888, 0.000000000000000000 ) ) ;
#1977 = LINE ( 'NONE', #2395, #746 ) ;
#1978 = EDGE_CURVE ( 'NONE', #595, #1655, #1067, .T. ) ;
#1979 = CARTESIAN_POINT ( 'NONE',  ( 122.7353278856376306, 1.000000000000000000, 15.00000000000000000 ) ) ;
#1980 = ORIENTED_EDGE ( 'NONE', *, *, #1450, .T. ) ;
#1981 = CARTESIAN_POINT ( 'NONE',  ( 22.29488403642777783, 62.34742484718548639, 15.00000000000000000 ) ) ;
#1982 = CARTESIAN_POINT ( 'NONE',  ( 47.73938099419632408, 34.32457852178799840, 0.000000000000000000 ) ) ;
#1983 = AXIS2_PLACEMENT_3D ( 'NONE', #160, #145, #1303 ) ;
#1984 = VERTEX_POINT ( 'NONE', #1669 ) ;
#1985 = AXIS2_PLACEMENT_3D ( 'NONE', #2281, #167, #1145 ) ;
#1986 = ORIENTED_EDGE ( 'NONE', *, *, #722, .T. ) ;
#1987 = DIRECTION ( 'NONE',  ( -0.000000000000000000, -0.000000000000000000, -1.000000000000000000 ) ) ;
#1988 = CIRCLE ( 'NONE', #1287, 0.7999999999999951594 ) ;
#1989 = FACE_OUTER_BOUND ( 'NONE', #1027, .T. ) ;
#1990 = CARTESIAN_POINT ( 'NONE',  ( 3.244476573706588632E-16, 4.585786437626905077, 0.4142135623730958671 ) ) ;
#1991 = CARTESIAN_POINT ( 'NONE',  ( 18.00000000000000000, 0.000000000000000000, -2.999999999999999112 ) ) ;
#1992 = EDGE_CURVE ( 'NONE', #401, #1907, #1658, .T. ) ;
#1993 = DIRECTION ( 'NONE',  ( -0.000000000000000000, -0.000000000000000000, 1.000000000000000000 ) ) ;
#1994 = DIRECTION ( 'NONE',  ( -0.8119194573641599355, -0.5837694705562189723, 0.000000000000000000 ) ) ;
#1995 = EDGE_CURVE ( 'NONE', #228, #1459, #2042, .T. ) ;
#1996 = VERTEX_POINT ( 'NONE', #1277 ) ;
#1997 = CARTESIAN_POINT ( 'NONE',  ( 15.00000000000000000, 5.000000000000000000, 26.99999999999999645 ) ) ;
#1998 = CARTESIAN_POINT ( 'NONE',  ( 3.000000000000000000, 0.000000000000000000, -12.00000000000000000 ) ) ;
#1999 = VECTOR ( 'NONE', #28, 1000.000000000000000 ) ;
#2000 = FACE_OUTER_BOUND ( 'NONE', #815, .T. ) ;
#2001 = ORIENTED_EDGE ( 'NONE', *, *, #10, .T. ) ;
#2002 = EDGE_CURVE ( 'NONE', #1820, #933, #499, .T. ) ;
#2003 = DIRECTION ( 'NONE',  ( 0.000000000000000000, -0.000000000000000000, 1.000000000000000000 ) ) ;
#2004 = AXIS2_PLACEMENT_3D ( 'NONE', #1218, #428, #252 ) ;
#2005 = CARTESIAN_POINT ( 'NONE',  ( 13.99999999999999822, 1.000000000000000000, -12.00000000000000000 ) ) ;
#2006 = EDGE_CURVE ( 'NONE', #1996, #257, #719, .T. ) ;
#2007 = AXIS2_PLACEMENT_3D ( 'NONE', #2384, #1012, #75 ) ;
#2008 = ORIENTED_EDGE ( 'NONE', *, *, #1929, .T. ) ;
#2009 = VERTEX_POINT ( 'NONE', #1491 ) ;
#2010 = VECTOR ( 'NONE', #340, 1000.000000000000000 ) ;
#2011 = VECTOR ( 'NONE', #2016, 1000.000000000000000 ) ;
#2012 = PLANE ( 'NONE',  #953 ) ;
#2013 = AXIS2_PLACEMENT_3D ( 'NONE', #1376, #1747, #565 ) ;
#2014 = DIRECTION ( 'NONE',  ( 0.000000000000000000, 0.000000000000000000, 1.000000000000000000 ) ) ;
#2015 = ORIENTED_EDGE ( 'NONE', *, *, #74, .F. ) ;
#2016 = DIRECTION ( 'NONE',  ( -0.000000000000000000, -0.000000000000000000, 1.000000000000000000 ) ) ;
#2017 = LINE ( 'NONE', #260, #923 ) ;
#2018 = AXIS2_PLACEMENT_3D ( 'NONE', #1546, #11, #1141 ) ;
#2019 = EDGE_CURVE ( 'NONE', #951, #1971, #1116, .T. ) ;
#2020 = VERTEX_POINT ( 'NONE', #1866 ) ;
#2021 = VERTEX_POINT ( 'NONE', #149 ) ;
#2022 = CIRCLE ( 'NONE', #1733, 1.000000000000000888 ) ;
#2023 = AXIS2_PLACEMENT_3D ( 'NONE', #110, #517, #315 ) ;
#2024 = CARTESIAN_POINT ( 'NONE',  ( 0.000000000000000000, 0.000000000000000000, -12.00000000000000000 ) ) ;
#2025 = LINE ( 'NONE', #475, #2331 ) ;
#2026 = ORIENTED_EDGE ( 'NONE', *, *, #1281, .F. ) ;
#2027 = CARTESIAN_POINT ( 'NONE',  ( 10.88726925421601699, 85.92190946468377888, 15.00000000000000000 ) ) ;
#2028 = DIRECTION ( 'NONE',  ( -1.000000000000000000, 0.000000000000000000, 0.000000000000000000 ) ) ;
#2029 = CYLINDRICAL_SURFACE ( 'NONE', #1401, 2.999999999999999112 ) ;
#2030 = ORIENTED_EDGE ( 'NONE', *, *, #659, .T. ) ;
#2031 = VERTEX_POINT ( 'NONE', #120 ) ;
#2032 = ADVANCED_FACE ( 'NONE', ( #1477, #897 ), #1060, .F. ) ;
#2033 = CARTESIAN_POINT ( 'NONE',  ( 17.58746526896944218, 4.238175847132547247, 15.00000000000000000 ) ) ;
#2034 = ADVANCED_FACE ( 'NONE', ( #2427 ), #2484, .F. ) ;
#2035 = CARTESIAN_POINT ( 'NONE',  ( 122.7353278856376306, 2.500000000000000000, 13.99999999999999822 ) ) ;
#2036 = ORIENTED_EDGE ( 'NONE', *, *, #2377, .T. ) ;
#2037 = CARTESIAN_POINT ( 'NONE',  ( 3.000000000000000000, 5.000000000000000000, 28.99999999999999645 ) ) ;
#2038 = CARTESIAN_POINT ( 'NONE',  ( 28.76336200293028611, 60.71684433801993919, 15.00000000000000000 ) ) ;
#2039 = ORIENTED_EDGE ( 'NONE', *, *, #2002, .F. ) ;
#2040 = ORIENTED_EDGE ( 'NONE', *, *, #2453, .F. ) ;
#2041 = LINE ( 'NONE', #298, #1427 ) ;
#2042 = CIRCLE ( 'NONE', #1270, 2.500000000000002220 ) ;
#2043 = CARTESIAN_POINT ( 'NONE',  ( 130.0000000000000000, 0.000000000000000000, 13.99999999999999822 ) ) ;
#2044 = DIRECTION ( 'NONE',  ( -0.8119194573641601576, -0.5837694705562185282, 0.000000000000000000 ) ) ;
#2045 = CIRCLE ( 'NONE', #2338, 2.999999999999999112 ) ;
#2046 = EDGE_CURVE ( 'NONE', #835, #1792, #1469, .T. ) ;
#2047 = EDGE_LOOP ( 'NONE', ( #1099, #2219, #2141, #276 ) ) ;
#2048 = CARTESIAN_POINT ( 'NONE',  ( 3.000000000000000000, 0.000000000000000000, -12.00000000000000000 ) ) ;
#2049 = LINE ( 'NONE', #1249, #1208 ) ;
#2050 = CARTESIAN_POINT ( 'NONE',  ( 18.00000000000000000, 1.000000000000000000, -2.999999999999999112 ) ) ;
#2051 = CARTESIAN_POINT ( 'NONE',  ( 12.08726925421602516, 85.92190946468377888, -5.000000000000000888 ) ) ;
#2052 = CARTESIAN_POINT ( 'NONE',  ( 2.500000000000000000, 96.37013220366763733, 1.000000000000000888 ) ) ;
#2053 = ORIENTED_EDGE ( 'NONE', *, *, #722, .F. ) ;
#2054 = ORIENTED_EDGE ( 'NONE', *, *, #503, .F. ) ;
#2055 = AXIS2_PLACEMENT_3D ( 'NONE', #997, #1130, #163 ) ;
#2056 = CARTESIAN_POINT ( 'NONE',  ( 1.000000000000000000, 0.000000000000000000, 15.00000000000000000 ) ) ;
#2057 =( BOUNDED_CURVE ( )  B_SPLINE_CURVE ( 3, ( #2177, #417, #1847, #1653 ),
 .UNSPECIFIED., .F., .T. ) 
 B_SPLINE_CURVE_WITH_KNOTS ( ( 4, 4 ),
 ( 0.000000000000000000, 3.141592653589793116 ),
 .UNSPECIFIED. ) 
 CURVE ( )  GEOMETRIC_REPRESENTATION_ITEM ( )  RATIONAL_B_SPLINE_CURVE ( ( 1.000000000000000000, 0.3333333333333333703, 0.3333333333333333703, 1.000000000000000000 ) ) 
 REPRESENTATION_ITEM ( '' )  );
#2058 = VECTOR ( 'NONE', #2135, 1000.000000000000000 ) ;
#2059 = AXIS2_PLACEMENT_3D ( 'NONE', #1312, #320, #1887 ) ;
#2060 = CARTESIAN_POINT ( 'NONE',  ( 22.01675211539474830, 76.78089755066997668, 7.500000000000000888 ) ) ;
#2061 = DIRECTION ( 'NONE',  ( 0.000000000000000000, 1.000000000000000000, 0.000000000000000000 ) ) ;
#2062 = VECTOR ( 'NONE', #1565, 999.9999999999998863 ) ;
#2063 = ORIENTED_EDGE ( 'NONE', *, *, #1317, .T. ) ;
#2064 =( NAMED_UNIT ( * ) SI_UNIT ( $, .STERADIAN. ) SOLID_ANGLE_UNIT ( ) );
#2065 = EDGE_CURVE ( 'NONE', #1971, #2237, #2133, .T. ) ;
#2066 = DIRECTION ( 'NONE',  ( 0.6153846153846238565, 0.7882269819968857893, 0.000000000000000000 ) ) ;
#2067 = DIRECTION ( 'NONE',  ( -0.000000000000000000, 1.000000000000000000, -0.000000000000000000 ) ) ;
#2068 = EDGE_CURVE ( 'NONE', #883, #130, #1033, .T. ) ;
#2069 = LINE ( 'NONE', #1138, #598 ) ;
#2070 = ORIENTED_EDGE ( 'NONE', *, *, #1776, .T. ) ;
#2071 = ORIENTED_EDGE ( 'NONE', *, *, #1776, .F. ) ;
#2072 = CC_DESIGN_SECURITY_CLASSIFICATION ( #1017, ( #1700 ) ) ;
#2073 = CARTESIAN_POINT ( 'NONE',  ( 22.30024183784221847, 60.62696813631940529, 15.00000000000000000 ) ) ;
#2074 = CARTESIAN_POINT ( 'NONE',  ( 10.88726925421601699, 85.92190946468377888, 0.000000000000000000 ) ) ;
#2075 = DIRECTION ( 'NONE',  ( 0.000000000000000000, 1.000000000000000000, 0.000000000000000000 ) ) ;
#2076 = ORIENTED_EDGE ( 'NONE', *, *, #2283, .F. ) ;
#2077 = COORDINATED_UNIVERSAL_TIME_OFFSET ( 5, 30, .AHEAD. ) ;
#2078 = DIRECTION ( 'NONE',  ( -0.000000000000000000, -0.000000000000000000, -1.000000000000000000 ) ) ;
#2079 = DIRECTION ( 'NONE',  ( -1.000000000000000000, 1.734723475976805517E-15, 0.000000000000000000 ) ) ;
#2080 = CC_DESIGN_DATE_AND_TIME_ASSIGNMENT ( #2332, #1937, ( #1017 ) ) ;
#2081 = CARTESIAN_POINT ( 'NONE',  ( 9.234609985550044087, 90.27607038748995194, -5.000000000000000888 ) ) ;
#2082 = DIRECTION ( 'NONE',  ( 0.5837694705562198605, -0.8119194573641592694, 0.000000000000000000 ) ) ;
#2083 = ORIENTED_EDGE ( 'NONE', *, *, #1804, .F. ) ;
#2084 = ORIENTED_EDGE ( 'NONE', *, *, #236, .F. ) ;
#2085 = EDGE_CURVE ( 'NONE', #242, #1098, #2256, .T. ) ;
#2086 = CARTESIAN_POINT ( 'NONE',  ( 12.00000000000000000, 0.000000000000000000, -12.00000000000000000 ) ) ;
#2087 = CIRCLE ( 'NONE', #221, 4.000000000000000000 ) ;
#2088 = PLANE ( 'NONE',  #2472 ) ;
#2089 = DIRECTION ( 'NONE',  ( -1.000000000000000000, 0.000000000000000000, 0.000000000000000000 ) ) ;
#2090 = ORIENTED_EDGE ( 'NONE', *, *, #2299, .T. ) ;
#2091 = PERSON_AND_ORGANIZATION_ROLE ( 'design_supplier' ) ;
#2092 = CIRCLE ( 'NONE', #1035, 1.000000000000005107 ) ;
#2093 = DIRECTION ( 'NONE',  ( 0.000000000000000000, -1.000000000000000000, 0.000000000000000000 ) ) ;
#2094 = DIRECTION ( 'NONE',  ( 0.000000000000000000, 0.000000000000000000, -1.000000000000000000 ) ) ;
#2095 = CARTESIAN_POINT ( 'NONE',  ( 0.000000000000000000, 0.000000000000000000, 0.000000000000000000 ) ) ;
#2096 = LINE ( 'NONE', #1906, #555 ) ;
#2097 = ORIENTED_EDGE ( 'NONE', *, *, #1875, .F. ) ;
#2098 = ORIENTED_EDGE ( 'NONE', *, *, #72, .T. ) ;
#2099 = ADVANCED_FACE ( 'NONE', ( #2272, #525 ), #1123, .T. ) ;
#2100 = EDGE_CURVE ( 'NONE', #743, #329, #922, .T. ) ;
#2101 = DIRECTION ( 'NONE',  ( 1.000000000000000000, 0.000000000000000000, 0.000000000000000000 ) ) ;
#2102 = CIRCLE ( 'NONE', #1812, 1.000000000000000888 ) ;
#2103 = CARTESIAN_POINT ( 'NONE',  ( 29.34250010237090223, 85.43514023453982986, 7.500000000000000888 ) ) ;
#2104 = VERTEX_POINT ( 'NONE', #509 ) ;
#2105 = CARTESIAN_POINT ( 'NONE',  ( 18.00000000000000000, 0.000000000000000000, 13.99999999999999822 ) ) ;
#2106 = FACE_OUTER_BOUND ( 'NONE', #1076, .T. ) ;
#2107 = VECTOR ( 'NONE', #973, 1000.000000000000000 ) ;
#2108 = CARTESIAN_POINT ( 'NONE',  ( 12.00000000000000000, 4.000000000000000000, -12.00000000000000000 ) ) ;
#2109 = FACE_OUTER_BOUND ( 'NONE', #48, .T. ) ;
#2110 = VERTEX_POINT ( 'NONE', #1289 ) ;
#2111 = EDGE_LOOP ( 'NONE', ( #2337, #1615, #2403, #882 ) ) ;
#2112 = LOCAL_TIME ( 22, 55, 17.00000000000000000, #972 ) ;
#2113 = EDGE_CURVE ( 'NONE', #2268, #1984, #2092, .T. ) ;
#2114 = LINE ( 'NONE', #1519, #1279 ) ;
#2115 = CARTESIAN_POINT ( 'NONE',  ( 3.000000000000000000, 4.000000000000000000, -15.00000000000000000 ) ) ;
#2116 = EDGE_CURVE ( 'NONE', #1571, #2031, #907, .T. ) ;
#2117 = ORIENTED_EDGE ( 'NONE', *, *, #1198, .F. ) ;
#2118 = CARTESIAN_POINT ( 'NONE',  ( 18.00000000000000000, 4.000000000000000000, -2.999999999999999112 ) ) ;
#2119 = DIRECTION ( 'NONE',  ( 0.000000000000000000, -0.000000000000000000, 1.000000000000000000 ) ) ;
#2120 = DIRECTION ( 'NONE',  ( 0.000000000000000000, 0.000000000000000000, 1.000000000000000000 ) ) ;
#2121 = CARTESIAN_POINT ( 'NONE',  ( 14.70947699911731199, 71.52697231566401115, 7.500000000000000888 ) ) ;
#2122 = ORIENTED_EDGE ( 'NONE', *, *, #201, .T. ) ;
#2123 = ORIENTED_EDGE ( 'NONE', *, *, #1419, .F. ) ;
#2124 = CYLINDRICAL_SURFACE ( 'NONE', #1756, 1.200000000000006617 ) ;
#2125 = FACE_OUTER_BOUND ( 'NONE', #1378, .T. ) ;
#2126 = PRODUCT_RELATED_PRODUCT_CATEGORY ( 'detail', '', ( #929 ) ) ;
#2127 = VERTEX_POINT ( 'NONE', #1302 ) ;
#2128 = DIRECTION ( 'NONE',  ( 0.000000000000000000, 0.000000000000000000, 1.000000000000000000 ) ) ;
#2129 = CARTESIAN_POINT ( 'NONE',  ( 13.99999999999999822, 5.000000000000000000, 0.000000000000000000 ) ) ;
#2130 = EDGE_CURVE ( 'NONE', #257, #367, #892, .T. ) ;
#2131 = AXIS2_PLACEMENT_3D ( 'NONE', #1090, #682, #1854 ) ;
#2132 = UNCERTAINTY_MEASURE_WITH_UNIT (LENGTH_MEASURE( 1.000000000000000082E-05 ), #141, 'distance_accuracy_value', 'NONE');
#2133 = CIRCLE ( 'NONE', #906, 1.000000000000000000 ) ;
#2134 = CARTESIAN_POINT ( 'NONE',  ( 21.82786845998271374, 62.99696041307675642, 15.00000000000000000 ) ) ;
#2135 = DIRECTION ( 'NONE',  ( -0.5837694705562188613, 0.8119194573641599355, 0.000000000000000000 ) ) ;
#2136 = VERTEX_POINT ( 'NONE', #1695 ) ;
#2137 = EDGE_LOOP ( 'NONE', ( #1980, #2186, #1226, #2402 ) ) ;
#2138 = VECTOR ( 'NONE', #961, 1000.000000000000000 ) ;
#2139 = CARTESIAN_POINT ( 'NONE',  ( 0.000000000000000000, 4.000000000000000000, -13.99999999999999822 ) ) ;
#2140 = CARTESIAN_POINT ( 'NONE',  ( 3.000000000000000000, 4.000000000000000000, -12.00000000000000000 ) ) ;
#2141 = ORIENTED_EDGE ( 'NONE', *, *, #2113, .F. ) ;
#2142 = VECTOR ( 'NONE', #2360, 1000.000000000000000 ) ;
#2143 = CARTESIAN_POINT ( 'NONE',  ( 0.000000000000000000, 1.000000000000000000, 27.00000000000000000 ) ) ;
#2144 = LINE ( 'NONE', #383, #845 ) ;
#2145 = CIRCLE ( 'NONE', #1609, 1.200000000000006617 ) ;
#2146 = ORIENTED_EDGE ( 'NONE', *, *, #1651, .F. ) ;
#2147 = ADVANCED_FACE ( 'NONE', ( #1315 ), #1558, .T. ) ;
#2148 = CARTESIAN_POINT ( 'NONE',  ( 12.00000000000000000, 0.000000000000000000, 26.99999999999999645 ) ) ;
#2149 = AXIS2_PLACEMENT_3D ( 'NONE', #2118, #549, #112 ) ;
#2150 = FACE_OUTER_BOUND ( 'NONE', #76, .T. ) ;
#2151 = EDGE_LOOP ( 'NONE', ( #596, #802, #2357, #553 ) ) ;
#2152 = ORIENTED_EDGE ( 'NONE', *, *, #2493, .T. ) ;
#2153 = ADVANCED_FACE ( 'NONE', ( #937 ), #361, .F. ) ;
#2154 = ORIENTED_EDGE ( 'NONE', *, *, #165, .F. ) ;
#2155 = DIRECTION ( 'NONE',  ( -0.000000000000000000, 0.000000000000000000, -1.000000000000000000 ) ) ;
#2156 = CARTESIAN_POINT ( 'NONE',  ( 15.00000000000000000, 4.000000000000000000, 26.99999999999999645 ) ) ;
#2157 = DIRECTION ( 'NONE',  ( 0.5837694705562201936, -0.8119194573641589363, 0.000000000000000000 ) ) ;
#2158 = CARTESIAN_POINT ( 'NONE',  ( 0.000000000000000000, 0.000000000000000000, 15.00000000000000000 ) ) ;
#2159 = DIRECTION ( 'NONE',  ( -0.000000000000000000, -0.000000000000000000, 1.000000000000000000 ) ) ;
#2160 = VERTEX_POINT ( 'NONE', #2480 ) ;
#2161 = EDGE_LOOP ( 'NONE', ( #2342, #1331, #1112, #1711 ) ) ;
#2162 = EDGE_CURVE ( 'NONE', #2136, #1820, #1359, .T. ) ;
#2163 = ORIENTED_EDGE ( 'NONE', *, *, #663, .F. ) ;
#2164 = DIRECTION ( 'NONE',  ( -1.000000000000000000, 0.000000000000000000, 0.000000000000000000 ) ) ;
#2165 = DIRECTION ( 'NONE',  ( -1.000000000000000000, 0.000000000000000000, 0.000000000000000000 ) ) ;
#2166 = CARTESIAN_POINT ( 'NONE',  ( 122.7353278856376306, 1.000000000000000000, 1.000000000000000000 ) ) ;
#2167 = DIRECTION ( 'NONE',  ( 1.000000000000000000, -0.000000000000000000, 0.000000000000000000 ) ) ;
#2168 = DIRECTION ( 'NONE',  ( 1.000000000000000000, 0.000000000000000000, 0.000000000000000000 ) ) ;
#2169 = CIRCLE ( 'NONE', #256, 1.000000000000000888 ) ;
#2170 = DIRECTION ( 'NONE',  ( -0.8119194573641598245, -0.5837694705562189723, 0.000000000000000000 ) ) ;
#2171 = ORIENTED_EDGE ( 'NONE', *, *, #1923, .T. ) ;
#2172 = AXIS2_PLACEMENT_3D ( 'NONE', #838, #645, #2199 ) ;
#2173 = AXIS2_PLACEMENT_3D ( 'NONE', #740, #1513, #2241 ) ;
#2174 = ORIENTED_EDGE ( 'NONE', *, *, #1166, .F. ) ;
#2175 = CYLINDRICAL_SURFACE ( 'NONE', #254, 1.000000000000000888 ) ;
#2176 = ADVANCED_FACE ( 'NONE', ( #1709 ), #1873, .F. ) ;
#2177 = CARTESIAN_POINT ( 'NONE',  ( 24.77510468360895857, 82.15118641221421569, 7.500000000000000888 ) ) ;
#2178 = CARTESIAN_POINT ( 'NONE',  ( 4.038461538461518785, 98.34069965865990071, 15.00000000000000000 ) ) ;
#2179 = ADVANCED_FACE ( 'NONE', ( #2465 ), #831, .T. ) ;
#2180 = CARTESIAN_POINT ( 'NONE',  ( 1.000000000000000000, 5.000000000000000000, 15.00000000000000000 ) ) ;
#2181 = AXIS2_PLACEMENT_3D ( 'NONE', #817, #2436, #116 ) ;
#2182 = DIRECTION ( 'NONE',  ( 0.000000000000000000, 0.000000000000000000, -1.000000000000000000 ) ) ;
#2183 = CARTESIAN_POINT ( 'NONE',  ( 3.000000000000000000, 5.000000000000000000, 27.00000000000000000 ) ) ;
#2184 = AXIS2_PLACEMENT_3D ( 'NONE', #1599, #1195, #622 ) ;
#2185 = VECTOR ( 'NONE', #1509, 1000.000000000000000 ) ;
#2186 = ORIENTED_EDGE ( 'NONE', *, *, #570, .T. ) ;
#2187 = DIRECTION ( 'NONE',  ( -0.000000000000000000, -0.000000000000000000, -1.000000000000000000 ) ) ;
#2188 = VECTOR ( 'NONE', #210, 1000.000000000000000 ) ;
#2189 = DIRECTION ( 'NONE',  ( 1.000000000000000000, 0.000000000000000000, 0.000000000000000000 ) ) ;
#2190 = CARTESIAN_POINT ( 'NONE',  ( 8.097922745240218489, 89.45879312871126388, -5.000000000000000888 ) ) ;
#2191 = ADVANCED_FACE ( 'NONE', ( #1110 ), #1457, .F. ) ;
#2192 = DIRECTION ( 'NONE',  ( 0.000000000000000000, 0.000000000000000000, 1.000000000000000000 ) ) ;
#2193 = EDGE_CURVE ( 'NONE', #569, #443, #493, .T. ) ;
#2194 = EDGE_LOOP ( 'NONE', ( #352, #1171, #1144, #2252 ) ) ;
#2195 = CARTESIAN_POINT ( 'NONE',  ( 6.031178360432300600, 81.19873455459288891, 15.00000000000000000 ) ) ;
#2196 = CARTESIAN_POINT ( 'NONE',  ( 7.751635071298441204, 81.20409235600750719, -5.000000000000000888 ) ) ;
#2197 = EDGE_LOOP ( 'NONE', ( #2098, #291, #227, #2123 ) ) ;
#2198 = ORIENTED_EDGE ( 'NONE', *, *, #1193, .T. ) ;
#2199 = DIRECTION ( 'NONE',  ( -0.6153846153846155298, -0.7882269819968921176, 0.000000000000000000 ) ) ;
#2200 = EDGE_CURVE ( 'NONE', #1005, #2031, #342, .T. ) ;
#2201 = CARTESIAN_POINT ( 'NONE',  ( 0.4142135623730951455, 5.000000000000000000, 14.99999999999999822 ) ) ;
#2202 = ORIENTED_EDGE ( 'NONE', *, *, #222, .F. ) ;
#2203 = CARTESIAN_POINT ( 'NONE',  ( 25.94852159456641161, 64.97438746468840520, -5.000000000000000888 ) ) ;
#2204 = ADVANCED_FACE ( 'NONE', ( #1942 ), #199, .F. ) ;
#2205 = DIRECTION ( 'NONE',  ( -0.000000000000000000, 1.000000000000000000, -0.000000000000000000 ) ) ;
#2206 = VECTOR ( 'NONE', #2236, 1000.000000000000000 ) ;
#2207 = ORIENTED_EDGE ( 'NONE', *, *, #59, .T. ) ;
#2208 = VERTEX_POINT ( 'NONE', #225 ) ;
#2209 = VECTOR ( 'NONE', #322, 1000.000000000000000 ) ;
#2210 = AXIS2_PLACEMENT_3D ( 'NONE', #2418, #1036, #1591 ) ;
#2211 = CARTESIAN_POINT ( 'NONE',  ( 17.17493339782541284, 4.477181592686929612, -1.203706215242022408E-32 ) ) ;
#2212 = VECTOR ( 'NONE', #1413, 1000.000000000000114 ) ;
#2213 = DIRECTION ( 'NONE',  ( -1.000000000000000000, 0.000000000000000000, 0.000000000000000000 ) ) ;
#2214 = EDGE_LOOP ( 'NONE', ( #2275, #853, #1666, #2054 ) ) ;
#2215 = DIRECTION ( 'NONE',  ( 0.8119194573641600465, 0.5837694705562187503, -0.000000000000000000 ) ) ;
#2216 = CARTESIAN_POINT ( 'NONE',  ( 1.000000000000000000, 1.000000000000000000, 15.00000000000000000 ) ) ;
#2217 = EDGE_CURVE ( 'NONE', #1165, #843, #1552, .T. ) ;
#2218 = VECTOR ( 'NONE', #741, 1000.000000000000000 ) ;
#2219 = ORIENTED_EDGE ( 'NONE', *, *, #2493, .F. ) ;
#2220 = ORIENTED_EDGE ( 'NONE', *, *, #1623, .T. ) ;
#2221 = EDGE_CURVE ( 'NONE', #2300, #1151, #1582, .T. ) ;
#2222 = AXIS2_PLACEMENT_3D ( 'NONE', #934, #1913, #1284 ) ;
#2223 = VECTOR ( 'NONE', #485, 1000.000000000000000 ) ;
#2224 = CARTESIAN_POINT ( 'NONE',  ( 15.35424868893540840, 5.000000000000000000, 0.000000000000000000 ) ) ;
#2225 = CARTESIAN_POINT ( 'NONE',  ( 22.29488403642774585, 62.34742484718552902, -5.000000000000000888 ) ) ;
#2226 = ORIENTED_EDGE ( 'NONE', *, *, #318, .F. ) ;
#2227 = PERSON_AND_ORGANIZATION ( #673, #2434 ) ;
#2228 = CARTESIAN_POINT ( 'NONE',  ( 22.30024183784221847, 60.62696813631940529, 0.000000000000000000 ) ) ;
#2229 = DIRECTION ( 'NONE',  ( -0.000000000000000000, -1.000000000000000000, -0.000000000000000000 ) ) ;
#2230 = CC_DESIGN_PERSON_AND_ORGANIZATION_ASSIGNMENT ( #1951, #209, ( #1017 ) ) ;
#2231 = ORIENTED_EDGE ( 'NONE', *, *, #366, .T. ) ;
#2232 = VERTEX_POINT ( 'NONE', #1386 ) ;
#2233 = ADVANCED_FACE ( 'NONE', ( #2352 ), #1187, .T. ) ;
#2234 = CARTESIAN_POINT ( 'NONE',  ( 3.000000000000000000, 1.000000000000000000, 27.00000000000000000 ) ) ;
#2235 = FACE_OUTER_BOUND ( 'NONE', #1782, .T. ) ;
#2236 = DIRECTION ( 'NONE',  ( -0.000000000000000000, -0.000000000000000000, 1.000000000000000000 ) ) ;
#2237 = VERTEX_POINT ( 'NONE', #593 ) ;
#2238 = APPROVAL_ROLE ( '' ) ;
#2239 = CYLINDRICAL_SURFACE ( 'NONE', #1781, 1.000000000000000000 ) ;
#2240 = LINE ( 'NONE', #1650, #193 ) ;
#2241 = DIRECTION ( 'NONE',  ( 0.5837694705562188613, -0.8119194573641599355, 0.000000000000000000 ) ) ;
#2242 = CARTESIAN_POINT ( 'NONE',  ( 122.7353278856376306, 0.000000000000000000, 1.000000000000000888 ) ) ;
#2243 = EDGE_LOOP ( 'NONE', ( #512, #2379, #580, #1919 ) ) ;
#2244 = ORIENTED_EDGE ( 'NONE', *, *, #442, .F. ) ;
#2245 = AXIS2_PLACEMENT_3D ( 'NONE', #1062, #2061, #1660 ) ;
#2246 = DIRECTION ( 'NONE',  ( -1.000000000000000000, 8.673617379884027583E-16, 0.000000000000000000 ) ) ;
#2247 = EDGE_CURVE ( 'NONE', #264, #943, #2045, .T. ) ;
#2248 = AXIS2_PLACEMENT_3D ( 'NONE', #666, #95, #1642 ) ;
#2249 = PLANE ( 'NONE',  #1410 ) ;
#2250 = CARTESIAN_POINT ( 'NONE',  ( 12.00000000000000000, 1.000000000000000000, -12.00000000000000000 ) ) ;
#2251 = EDGE_CURVE ( 'NONE', #1508, #131, #58, .T. ) ;
#2252 = ORIENTED_EDGE ( 'NONE', *, *, #932, .F. ) ;
#2253 = CALENDAR_DATE ( 2024, 25, 6 ) ;
#2254 = FACE_OUTER_BOUND ( 'NONE', #2461, .T. ) ;
#2255 = LINE ( 'NONE', #507, #808 ) ;
#2256 = LINE ( 'NONE', #2051, #1882 ) ;
#2257 = DIRECTION ( 'NONE',  ( 0.8119194573641610457, 0.5837694705562173070, 0.000000000000000000 ) ) ;
#2258 = ORIENTED_EDGE ( 'NONE', *, *, #2046, .T. ) ;
#2259 = ORIENTED_EDGE ( 'NONE', *, *, #1532, .T. ) ;
#2260 = AXIS2_PLACEMENT_3D ( 'NONE', #2121, #2170, #1377 ) ;
#2261 = CARTESIAN_POINT ( 'NONE',  ( 15.59566701375677233, 4.999999999999999112, 6.505213034913024632E-16 ) ) ;
#2262 = VECTOR ( 'NONE', #2205, 1000.000000000000000 ) ;
#2263 = AXIS2_PLACEMENT_3D ( 'NONE', #2074, #532, #1880 ) ;
#2264 = DIRECTION ( 'NONE',  ( -1.000000000000000000, -0.000000000000000000, -0.000000000000000000 ) ) ;
#2265 = CARTESIAN_POINT ( 'NONE',  ( 27.07043053831722901, 63.07141076437602578, -5.000000000000000888 ) ) ;
#2266 = EDGE_CURVE ( 'NONE', #192, #422, #2505, .T. ) ;
#2267 = TOROIDAL_SURFACE ( 'NONE', #1288, 2.000000000000000000, 1.000000000000000000 ) ;
#2268 = VERTEX_POINT ( 'NONE', #754 ) ;
#2269 = DIRECTION ( 'NONE',  ( 0.7882269819968922286, -0.6153846153846154188, 0.000000000000000000 ) ) ;
#2270 = FACE_OUTER_BOUND ( 'NONE', #612, .T. ) ;
#2271 = EDGE_CURVE ( 'NONE', #1252, #1571, #989, .T. ) ;
#2272 = FACE_OUTER_BOUND ( 'NONE', #203, .T. ) ;
#2273 = CARTESIAN_POINT ( 'NONE',  ( 10.82667378073809061, 65.96402892503481041, 7.500000000000000888 ) ) ;
#2274 = ORIENTED_EDGE ( 'NONE', *, *, #2420, .F. ) ;
#2275 = ORIENTED_EDGE ( 'NONE', *, *, #2381, .T. ) ;
#2276 = CARTESIAN_POINT ( 'NONE',  ( 12.00000000000000000, 4.000000000000000000, 30.00000000000000000 ) ) ;
#2277 = CARTESIAN_POINT ( 'NONE',  ( 0.000000000000000000, 5.000000000000000000, 30.00000000000000000 ) ) ;
#2278 = LINE ( 'NONE', #289, #1466 ) ;
#2279 = ORIENTED_EDGE ( 'NONE', *, *, #1380, .F. ) ;
#2280 = DATE_AND_TIME ( #1078, #1492 ) ;
#2281 = CARTESIAN_POINT ( 'NONE',  ( 21.59971847317475024, 61.60127148515639561, 0.000000000000000000 ) ) ;
#2282 = CARTESIAN_POINT ( 'NONE',  ( 13.99999999999999822, 4.000000000000000000, 18.00000000000000355 ) ) ;
#2283 = EDGE_CURVE ( 'NONE', #1150, #1351, #1633, .T. ) ;
#2284 = CARTESIAN_POINT ( 'NONE',  ( 18.00000000000000000, 5.000000000000000000, 0.000000000000000000 ) ) ;
#2285 = CARTESIAN_POINT ( 'NONE',  ( 0.000000000000000000, 4.000000000000000000, 13.99999999999999822 ) ) ;
#2286 = ORIENTED_EDGE ( 'NONE', *, *, #1656, .F. ) ;
#2287 = EDGE_LOOP ( 'NONE', ( #1856, #2521, #717, #1460 ) ) ;
#2288 = ADVANCED_FACE ( 'NONE', ( #1967 ), #1154, .T. ) ;
#2289 = CARTESIAN_POINT ( 'NONE',  ( 3.000000000000000000, 4.000000000000000000, -13.99999999999999822 ) ) ;
#2290 = AXIS2_PLACEMENT_3D ( 'NONE', #1910, #2328, #1183 ) ;
#2291 = CARTESIAN_POINT ( 'NONE',  ( 9.513192471986597454, 67.79084770410416638, 7.500000000000000888 ) ) ;
#2292 = FACE_OUTER_BOUND ( 'NONE', #1690, .T. ) ;
#2293 = ORIENTED_EDGE ( 'NONE', *, *, #446, .T. ) ;
#2294 = AXIS2_PLACEMENT_3D ( 'NONE', #271, #282, #1236 ) ;
#2295 = CARTESIAN_POINT ( 'NONE',  ( 12.00000000000000000, 4.000000000000000000, -15.00000000000000000 ) ) ;
#2296 = DIRECTION ( 'NONE',  ( 1.000000000000000000, 0.000000000000000000, 0.000000000000000000 ) ) ;
#2297 = DIRECTION ( 'NONE',  ( 0.000000000000000000, 0.000000000000000000, 1.000000000000000000 ) ) ;
#2298 = LINE ( 'NONE', #552, #306 ) ;
#2299 = EDGE_CURVE ( 'NONE', #1586, #1789, #1397, .T. ) ;
#2300 = VERTEX_POINT ( 'NONE', #5 ) ;
#2301 = ORIENTED_EDGE ( 'NONE', *, *, #2475, .T. ) ;
#2302 = EDGE_CURVE ( 'NONE', #2467, #1416, #35, .T. ) ;
#2303 = CARTESIAN_POINT ( 'NONE',  ( 14.88627106755889251, 68.88287627781591027, 7.500000000000000888 ) ) ;
#2304 = AXIS2_PLACEMENT_3D ( 'NONE', #2520, #2481, #1736 ) ;
#2305 = DIRECTION ( 'NONE',  ( 1.000000000000000000, 0.000000000000000000, 0.000000000000000000 ) ) ;
#2306 = ORIENTED_EDGE ( 'NONE', *, *, #646, .F. ) ;
#2307 = VECTOR ( 'NONE', #67, 1000.000000000000000 ) ;
#2308 = DIRECTION ( 'NONE',  ( 0.000000000000000000, 0.000000000000000000, 1.000000000000000000 ) ) ;
#2309 = CARTESIAN_POINT ( 'NONE',  ( 14.00000000000000000, 5.000000000000000000, -12.00000000000000000 ) ) ;
#2310 = AXIS2_PLACEMENT_3D ( 'NONE', #1136, #360, #1914 ) ;
#2311 = CARTESIAN_POINT ( 'NONE',  ( 11.86157260305302685, 86.62243282935124000, -5.000000000000000888 ) ) ;
#2312 = CARTESIAN_POINT ( 'NONE',  ( 27.62334830807086661, 64.70060748051888311, -5.000000000000000888 ) ) ;
#2313 = ORIENTED_EDGE ( 'NONE', *, *, #1531, .T. ) ;
#2314 = ORIENTED_EDGE ( 'NONE', *, *, #204, .T. ) ;
#2315 = EDGE_CURVE ( 'NONE', #329, #192, #2415, .T. ) ;
#2316 = ADVANCED_FACE ( 'NONE', ( #1954, #212 ), #371, .F. ) ;
#2317 = CARTESIAN_POINT ( 'NONE',  ( 13.57278975880739758, 70.70969505688526624, 7.500000000000000888 ) ) ;
#2318 = DIRECTION ( 'NONE',  ( 0.000000000000000000, 0.000000000000000000, 1.000000000000000000 ) ) ;
#2319 = ORIENTED_EDGE ( 'NONE', *, *, #944, .T. ) ;
#2320 = LINE ( 'NONE', #395, #1784 ) ;
#2321 = FACE_OUTER_BOUND ( 'NONE', #1495, .T. ) ;
#2322 = DIRECTION ( 'NONE',  ( 0.000000000000000000, 0.000000000000000000, 1.000000000000000000 ) ) ;
#2323 = CYLINDRICAL_SURFACE ( 'NONE', #392, 2.500000000000002220 ) ;
#2324 = ORIENTED_EDGE ( 'NONE', *, *, #944, .F. ) ;
#2325 = ORIENTED_EDGE ( 'NONE', *, *, #222, .T. ) ;
#2326 = AXIS2_PLACEMENT_3D ( 'NONE', #1205, #1987, #244 ) ;
#2327 = DIRECTION ( 'NONE',  ( -0.000000000000000000, -0.000000000000000000, 1.000000000000000000 ) ) ;
#2328 = DIRECTION ( 'NONE',  ( 0.000000000000000000, 1.000000000000000000, 0.000000000000000000 ) ) ;
#2329 = EDGE_CURVE ( 'NONE', #951, #1752, #1928, .T. ) ;
#2330 = VERTEX_POINT ( 'NONE', #1352 ) ;
#2331 = VECTOR ( 'NONE', #625, 999.9999999999998863 ) ;
#2332 = DATE_AND_TIME ( #1758, #1865 ) ;
#2333 = DIRECTION ( 'NONE',  ( -0.8119194573641593804, -0.5837694705562196384, -0.000000000000000000 ) ) ;
#2334 = CYLINDRICAL_SURFACE ( 'NONE', #1803, 0.7999999999999864997 ) ;
#2335 = CIRCLE ( 'NONE', #497, 1.000000000000000888 ) ;
#2336 = EDGE_CURVE ( 'NONE', #676, #2020, #498, .T. ) ;
#2337 = ORIENTED_EDGE ( 'NONE', *, *, #1335, .T. ) ;
#2338 = AXIS2_PLACEMENT_3D ( 'NONE', #407, #1525, #2120 ) ;
#2339 = DIRECTION ( 'NONE',  ( 0.000000000000000000, 0.000000000000000000, -1.000000000000000000 ) ) ;
#2340 = CARTESIAN_POINT ( 'NONE',  ( 29.90004924324011526, 61.53412159679864857, -5.000000000000000888 ) ) ;
#2341 = VERTEX_POINT ( 'NONE', #1442 ) ;
#2342 = ORIENTED_EDGE ( 'NONE', *, *, #1585, .T. ) ;
#2343 = CIRCLE ( 'NONE', #912, 2.500000000000000000 ) ;
#2344 = ORIENTED_EDGE ( 'NONE', *, *, #412, .F. ) ;
#2345 = CARTESIAN_POINT ( 'NONE',  ( 3.000000000000000000, 0.000000000000000000, -13.99999999999999822 ) ) ;
#2346 = DIRECTION ( 'NONE',  ( -0.8119194573641599355, -0.5837694705562189723, 0.000000000000000000 ) ) ;
#2347 = VECTOR ( 'NONE', #805, 1000.000000000000000 ) ;
#2348 = EDGE_CURVE ( 'NONE', #2020, #1424, #1223, .T. ) ;
#2349 = DIRECTION ( 'NONE',  ( -1.000000000000000000, 0.000000000000000000, 0.000000000000000000 ) ) ;
#2350 = CYLINDRICAL_SURFACE ( 'NONE', #656, 2.749999999999990230 ) ;
#2351 = AXIS2_PLACEMENT_3D ( 'NONE', #1002, #990, #387 ) ;
#2352 = FACE_OUTER_BOUND ( 'NONE', #1338, .T. ) ;
#2353 = EDGE_CURVE ( 'NONE', #1829, #676, #466, .T. ) ;
#2354 = AXIS2_PLACEMENT_3D ( 'NONE', #536, #891, #2079 ) ;
#2355 = DIRECTION ( 'NONE',  ( 0.000000000000000000, 1.000000000000000000, 0.000000000000000000 ) ) ;
#2356 = ORIENTED_EDGE ( 'NONE', *, *, #1250, .T. ) ;
#2357 = ORIENTED_EDGE ( 'NONE', *, *, #965, .F. ) ;
#2358 = ORIENTED_EDGE ( 'NONE', *, *, #1389, .T. ) ;
#2359 = ORIENTED_EDGE ( 'NONE', *, *, #2251, .T. ) ;
#2360 = DIRECTION ( 'NONE',  ( 0.000000000000000000, -0.000000000000000000, 1.000000000000000000 ) ) ;
#2361 = DIRECTION ( 'NONE',  ( 0.000000000000000000, 0.000000000000000000, 1.000000000000000000 ) ) ;
#2362 = DIRECTION ( 'NONE',  ( 0.000000000000000000, 0.000000000000000000, 1.000000000000000000 ) ) ;
#2363 = DIRECTION ( 'NONE',  ( -1.000000000000000000, 0.000000000000000000, 0.000000000000000000 ) ) ;
#2364 = DIRECTION ( 'NONE',  ( -0.000000000000000000, -0.000000000000000000, 1.000000000000000000 ) ) ;
#2365 = ORIENTED_EDGE ( 'NONE', *, *, #619, .F. ) ;
#2366 = EDGE_CURVE ( 'NONE', #1347, #644, #1830, .T. ) ;
#2367 = EDGE_LOOP ( 'NONE', ( #2259, #643, #856, #1018 ) ) ;
#2368 = ORIENTED_EDGE ( 'NONE', *, *, #1911, .T. ) ;
#2369 = EDGE_CURVE ( 'NONE', #2423, #631, #670, .T. ) ;
#2370 = DIRECTION ( 'NONE',  ( 0.5837694705562184172, -0.8119194573641602686, -0.000000000000000000 ) ) ;
#2371 = CARTESIAN_POINT ( 'NONE',  ( 0.000000000000000000, 96.37013220366763733, 13.99999999999999822 ) ) ;
#2372 = LINE ( 'NONE', #42, #1392 ) ;
#2373 = CARTESIAN_POINT ( 'NONE',  ( 3.000000000000000000, 1.000000000000000000, 28.99999999999999645 ) ) ;
#2374 = CIRCLE ( 'NONE', #2454, 1.000000000000000888 ) ;
#2375 = DIRECTION ( 'NONE',  ( 1.000000000000000000, 0.000000000000000000, 0.000000000000000000 ) ) ;
#2376 = VECTOR ( 'NONE', #1818, 1000.000000000000000 ) ;
#2377 = EDGE_CURVE ( 'NONE', #71, #1829, #1810, .T. ) ;
#2378 = AXIS2_PLACEMENT_3D ( 'NONE', #1365, #1161, #2322 ) ;
#2379 = ORIENTED_EDGE ( 'NONE', *, *, #1419, .T. ) ;
#2380 = CARTESIAN_POINT ( 'NONE',  ( 8.401170637189736112, 81.67110793245248601, 0.000000000000000000 ) ) ;
#2381 = EDGE_CURVE ( 'NONE', #1006, #943, #381, .T. ) ;
#2382 = CYLINDRICAL_SURFACE ( 'NONE', #234, 2.249999999999999556 ) ;
#2383 = DIRECTION ( 'NONE',  ( 0.000000000000000000, -1.000000000000000000, 0.000000000000000000 ) ) ;
#2384 = CARTESIAN_POINT ( 'NONE',  ( 30.94786614640050360, 83.20236172678839637, 7.500000000000000888 ) ) ;
#2385 = ORIENTED_EDGE ( 'NONE', *, *, #1946, .F. ) ;
#2386 = AXIS2_PLACEMENT_3D ( 'NONE', #1020, #1794, #1832 ) ;
#2387 = DIRECTION ( 'NONE',  ( 1.000000000000000000, -0.000000000000000000, 0.000000000000000000 ) ) ;
#2388 = FACE_OUTER_BOUND ( 'NONE', #870, .T. ) ;
#2389 = VECTOR ( 'NONE', #1626, 1000.000000000000000 ) ;
#2390 = AXIS2_PLACEMENT_3D ( 'NONE', #1471, #2094, #1872 ) ;
#2391 = ORIENTED_EDGE ( 'NONE', *, *, #119, .T. ) ;
#2392 = CARTESIAN_POINT ( 'NONE',  ( 25.94852159456641161, 64.97438746468840520, 0.000000000000000000 ) ) ;
#2393 = AXIS2_PLACEMENT_3D ( 'NONE', #988, #2119, #1925 ) ;
#2394 = EDGE_CURVE ( 'NONE', #1752, #1814, #1233, .T. ) ;
#2395 = CARTESIAN_POINT ( 'NONE',  ( 8.097922745240218489, 89.45879312871126388, -5.000000000000000888 ) ) ;
#2396 = EDGE_CURVE ( 'NONE', #2330, #228, #1248, .T. ) ;
#2397 = CARTESIAN_POINT ( 'NONE',  ( 13.99999999999999822, 1.000000000000000000, 15.00000000000000000 ) ) ;
#2398 =( GEOMETRIC_REPRESENTATION_CONTEXT ( 3 ) GLOBAL_UNCERTAINTY_ASSIGNED_CONTEXT ( ( #2132 ) ) GLOBAL_UNIT_ASSIGNED_CONTEXT ( ( #141, #1066, #2064 ) ) REPRESENTATION_CONTEXT ( 'NONE', 'WORKASPACE' ) );
#2399 = ORIENTED_EDGE ( 'NONE', *, *, #1995, .F. ) ;
#2400 = DIRECTION ( 'NONE',  ( 0.000000000000000000, 1.000000000000000000, 0.000000000000000000 ) ) ;
#2401 = DIRECTION ( 'NONE',  ( 0.8119194573641629331, 0.5837694705562146424, 0.000000000000000000 ) ) ;
#2402 = ORIENTED_EDGE ( 'NONE', *, *, #678, .F. ) ;
#2403 = ORIENTED_EDGE ( 'NONE', *, *, #1281, .T. ) ;
#2404 = CARTESIAN_POINT ( 'NONE',  ( 18.00000000000000000, 4.000000000000000000, 0.000000000000000000 ) ) ;
#2405 = CARTESIAN_POINT ( 'NONE',  ( 1.000000000000000000, 4.000000000000000000, -12.00000000000000000 ) ) ;
#2406 = ADVANCED_FACE ( 'NONE', ( #2408 ), #424, .T. ) ;
#2407 = ORIENTED_EDGE ( 'NONE', *, *, #2524, .F. ) ;
#2408 = FACE_OUTER_BOUND ( 'NONE', #1282, .T. ) ;
#2409 = DIRECTION ( 'NONE',  ( 0.000000000000000000, 0.000000000000000000, 1.000000000000000000 ) ) ;
#2410 = ADVANCED_FACE ( 'NONE', ( #1421 ), #94, .T. ) ;
#2411 = AXIS2_PLACEMENT_3D ( 'NONE', #255, #1411, #280 ) ;
#2412 = VERTEX_POINT ( 'NONE', #820 ) ;
#2413 = ORIENTED_EDGE ( 'NONE', *, *, #1450, .F. ) ;
#2414 = AXIS2_PLACEMENT_3D ( 'NONE', #850, #41, #1408 ) ;
#2415 = CIRCLE ( 'NONE', #224, 2.999999999999999112 ) ;
#2416 = DIRECTION ( 'NONE',  ( -0.8119194573641593804, -0.5837694705562195274, 0.000000000000000000 ) ) ;
#2417 = ORIENTED_EDGE ( 'NONE', *, *, #2299, .F. ) ;
#2418 = CARTESIAN_POINT ( 'NONE',  ( 3.000000000000000000, 5.000000000000000000, -12.00000000000000000 ) ) ;
#2419 = DIRECTION ( 'NONE',  ( -0.000000000000000000, -1.000000000000000000, -0.000000000000000000 ) ) ;
#2420 = EDGE_CURVE ( 'NONE', #979, #2412, #87, .T. ) ;
#2421 = AXIS2_PLACEMENT_3D ( 'NONE', #104, #881, #1458 ) ;
#2422 = LINE ( 'NONE', #245, #390 ) ;
#2423 = VERTEX_POINT ( 'NONE', #248 ) ;
#2424 = ORIENTED_EDGE ( 'NONE', *, *, #2271, .T. ) ;
#2425 = VECTOR ( 'NONE', #250, 1000.000000000000000 ) ;
#2426 = TOROIDAL_SURFACE ( 'NONE', #1333, 4.000000000000000000, 1.000000000000000000 ) ;
#2427 = FACE_OUTER_BOUND ( 'NONE', #79, .T. ) ;
#2428 = CARTESIAN_POINT ( 'NONE',  ( 12.08726925421602516, 85.92190946468377888, 15.00000000000000000 ) ) ;
#2429 = DIRECTION ( 'NONE',  ( -0.000000000000000000, -0.000000000000000000, 1.000000000000000000 ) ) ;
#2430 = VERTEX_POINT ( 'NONE', #863 ) ;
#2431 = APPLICATION_PROTOCOL_DEFINITION ( 'international standard', 'config_control_design', 1994, #1716 ) ;
#2432 = CARTESIAN_POINT ( 'NONE',  ( 122.7353278856376306, 2.500000000000000000, 13.99999999999999822 ) ) ;
#2433 = DIRECTION ( 'NONE',  ( -0.5837694705562184172, 0.8119194573641602686, 0.000000000000000000 ) ) ;
#2434 = ORGANIZATION ( 'UNSPECIFIED', 'UNSPECIFIED', '' ) ;
#2435 = DIRECTION ( 'NONE',  ( 0.000000000000000000, 0.000000000000000000, -1.000000000000000000 ) ) ;
#2436 = DIRECTION ( 'NONE',  ( -1.000000000000000000, 0.000000000000000000, 0.000000000000000000 ) ) ;
#2437 = EDGE_CURVE ( 'NONE', #1098, #843, #1069, .T. ) ;
#2438 = ORIENTED_EDGE ( 'NONE', *, *, #1132, .F. ) ;
#2439 = EDGE_LOOP ( 'NONE', ( #2424, #217, #1970, #1899 ) ) ;
#2440 = DIRECTION ( 'NONE',  ( -0.000000000000000000, -0.000000000000000000, 1.000000000000000000 ) ) ;
#2441 = EDGE_CURVE ( 'NONE', #1425, #1974, #1841, .T. ) ;
#2442 = CARTESIAN_POINT ( 'NONE',  ( 0.000000000000000000, 1.000000000000000000, 15.00000000000000000 ) ) ;
#2443 = DIRECTION ( 'NONE',  ( 0.000000000000000000, 0.000000000000000000, -1.000000000000000000 ) ) ;
#2444 = ORIENTED_EDGE ( 'NONE', *, *, #898, .F. ) ;
#2445 = APPROVAL_ROLE ( '' ) ;
#2446 = DIRECTION ( 'NONE',  ( -0.000000000000000000, -0.000000000000000000, 1.000000000000000000 ) ) ;
#2447 = CARTESIAN_POINT ( 'NONE',  ( 11.86157260305302685, 86.62243282935124000, 0.000000000000000000 ) ) ;
#2448 = DIRECTION ( 'NONE',  ( 0.000000000000000000, 0.000000000000000000, 1.000000000000000000 ) ) ;
#2449 = DIRECTION ( 'NONE',  ( 0.8119194573641598245, 0.5837694705562190833, -0.000000000000000000 ) ) ;
#2450 = ORIENTED_EDGE ( 'NONE', *, *, #812, .F. ) ;
#2451 = ORIENTED_EDGE ( 'NONE', *, *, #2457, .T. ) ;
#2452 = AXIS2_PLACEMENT_3D ( 'NONE', #931, #2075, #533 ) ;
#2453 = EDGE_CURVE ( 'NONE', #835, #317, #791, .T. ) ;
#2454 = AXIS2_PLACEMENT_3D ( 'NONE', #432, #1212, #441 ) ;
#2455 = CARTESIAN_POINT ( 'NONE',  ( 18.00000000000000000, 4.000000000000000000, 15.00000000000000000 ) ) ;
#2456 = AXIS2_PLACEMENT_3D ( 'NONE', #2108, #115, #1328 ) ;
#2457 = EDGE_CURVE ( 'NONE', #743, #1834, #1114, .T. ) ;
#2458 = DIRECTION ( 'NONE',  ( 0.5837694705562178621, -0.8119194573641606016, 0.000000000000000000 ) ) ;
#2459 = CARTESIAN_POINT ( 'NONE',  ( 24.77510468360896212, 82.15118641221421569, 2.000000000000011102 ) ) ;
#2460 = VECTOR ( 'NONE', #2067, 1000.000000000000000 ) ;
#2461 = EDGE_LOOP ( 'NONE', ( #1750, #1291, #373, #1319, #540, #1430, #2030, #7, #1048, #1436, #910, #2314, #785, #1766 ) ) ;
#2462 = COORDINATED_UNIVERSAL_TIME_OFFSET ( 5, 30, .AHEAD. ) ;
#2463 = DIRECTION ( 'NONE',  ( 0.8119194573641598245, 0.5837694705562190833, -0.000000000000000000 ) ) ;
#2464 = DIRECTION ( 'NONE',  ( -1.000000000000000000, 1.734723475976817507E-14, 0.000000000000000000 ) ) ;
#2465 = FACE_OUTER_BOUND ( 'NONE', #1004, .T. ) ;
#2466 = LINE ( 'NONE', #2285, #1687 ) ;
#2467 = VERTEX_POINT ( 'NONE', #434 ) ;
#2468 = ORIENTED_EDGE ( 'NONE', *, *, #1638, .F. ) ;
#2469 = CIRCLE ( 'NONE', #2055, 2.999999999999999112 ) ;
#2470 = DIRECTION ( 'NONE',  ( -0.000000000000000000, -0.000000000000000000, 1.000000000000000000 ) ) ;
#2471 = AXIS2_PLACEMENT_3D ( 'NONE', #813, #1955, #2375 ) ;
#2472 = AXIS2_PLACEMENT_3D ( 'NONE', #2485, #2458, #1117 ) ;
#2473 = CARTESIAN_POINT ( 'NONE',  ( 10.88726925421601699, 85.92190946468377888, -5.000000000000000888 ) ) ;
#2474 = FACE_OUTER_BOUND ( 'NONE', #325, .T. ) ;
#2475 = EDGE_CURVE ( 'NONE', #2423, #664, #1024, .T. ) ;
#2476 = VERTEX_POINT ( 'NONE', #2195 ) ;
#2477 = CARTESIAN_POINT ( 'NONE',  ( 29.90004924324011526, 61.53412159679864857, 0.000000000000000000 ) ) ;
#2478 = DIRECTION ( 'NONE',  ( -0.000000000000000000, -0.000000000000000000, 1.000000000000000000 ) ) ;
#2479 = PRODUCT_DEFINITION_SHAPE ( 'NONE', 'NONE',  #809 ) ;
#2480 = CARTESIAN_POINT ( 'NONE',  ( 27.62334830807086661, 64.70060748051888311, 0.000000000000000000 ) ) ;
#2481 = DIRECTION ( 'NONE',  ( -0.000000000000000000, -0.000000000000000000, 1.000000000000000000 ) ) ;
#2482 = ORIENTED_EDGE ( 'NONE', *, *, #1143, .F. ) ;
#2483 = ORIENTED_EDGE ( 'NONE', *, *, #249, .T. ) ;
#2484 = CYLINDRICAL_SURFACE ( 'NONE', #1673, 2.250000000000000444 ) ;
#2485 = CARTESIAN_POINT ( 'NONE',  ( 11.58779261888349588, 84.94760611584679566, -5.000000000000000888 ) ) ;
#2486 = DIRECTION ( 'NONE',  ( 0.000000000000000000, 0.000000000000000000, -1.000000000000000000 ) ) ;
#2487 = EDGE_LOOP ( 'NONE', ( #1019, #1682, #413, #460 ) ) ;
#2488 = DIRECTION ( 'NONE',  ( -1.000000000000000000, 0.000000000000000000, 0.000000000000000000 ) ) ;
#2489 = EDGE_CURVE ( 'NONE', #1571, #476, #1432, .T. ) ;
#2490 = DIRECTION ( 'NONE',  ( 0.000000000000000000, 1.000000000000000000, 0.000000000000000000 ) ) ;
#2491 = CARTESIAN_POINT ( 'NONE',  ( 2.500000000000000000, 96.37013220366763733, 15.00000000000000000 ) ) ;
#2492 = CARTESIAN_POINT ( 'NONE',  ( 122.7353278856376306, 2.500000000000000000, 1.000000000000000888 ) ) ;
#2493 = EDGE_CURVE ( 'NONE', #1984, #2237, #2343, .T. ) ;
#2494 = CYLINDRICAL_SURFACE ( 'NONE', #2304, 0.8000000000000160316 ) ;
#2495 = ORIENTED_EDGE ( 'NONE', *, *, #1050, .T. ) ;
#2496 = ORIENTED_EDGE ( 'NONE', *, *, #380, .F. ) ;
#2497 = VECTOR ( 'NONE', #247, 1000.000000000000000 ) ;
#2498 = LINE ( 'NONE', #969, #353 ) ;
#2499 = CARTESIAN_POINT ( 'NONE',  ( -21.95324329110275841, 30.53305504878919052, 0.000000000000000000 ) ) ;
#2500 = VECTOR ( 'NONE', #12, 1000.000000000000000 ) ;
#2501 = ORIENTED_EDGE ( 'NONE', *, *, #2006, .F. ) ;
#2502 = VECTOR ( 'NONE', #183, 1000.000000000000114 ) ;
#2503 = PLANE ( 'NONE',  #68 ) ;
#2504 = CARTESIAN_POINT ( 'NONE',  ( 9.513192471986597454, 67.79084770410416638, 7.500000000000000888 ) ) ;
#2505 = LINE ( 'NONE', #1721, #588 ) ;
#2506 = CARTESIAN_POINT ( 'NONE',  ( 12.00000000000000000, 4.000000000000000000, -14.00000000000000000 ) ) ;
#2507 = APPLICATION_CONTEXT ( 'configuration controlled 3d designs of mechanical parts and assemblies' ) ;
#2508 = ORIENTED_EDGE ( 'NONE', *, *, #1409, .T. ) ;
#2509 = ORIENTED_EDGE ( 'NONE', *, *, #74, .T. ) ;
#2510 = ADVANCED_FACE ( 'NONE', ( #918 ), #139, .T. ) ;
#2511 = AXIS2_PLACEMENT_3D ( 'NONE', #2317, #1155, #1772 ) ;
#2512 = DIRECTION ( 'NONE',  ( 0.000000000000000000, 0.000000000000000000, -1.000000000000000000 ) ) ;
#2513 = DIRECTION ( 'NONE',  ( 0.000000000000000000, 1.000000000000000000, 0.000000000000000000 ) ) ;
#2514 = ORIENTED_EDGE ( 'NONE', *, *, #1879, .F. ) ;
#2515 = VECTOR ( 'NONE', #833, 1000.000000000000000 ) ;
#2516 = DIRECTION ( 'NONE',  ( 0.000000000000000000, 0.000000000000000000, -1.000000000000000000 ) ) ;
#2517 = CARTESIAN_POINT ( 'NONE',  ( 0.000000000000000000, 5.000000000000000000, 0.000000000000000000 ) ) ;
#2518 = CIRCLE ( 'NONE', #240, 1.000000000000000888 ) ;
#2519 = DIRECTION ( 'NONE',  ( 1.000000000000000000, -0.000000000000000000, 0.000000000000000000 ) ) ;
#2520 = CARTESIAN_POINT ( 'NONE',  ( 9.491580326295622427, 86.15005945149171396, -5.000000000000000888 ) ) ;
#2521 = ORIENTED_EDGE ( 'NONE', *, *, #1651, .T. ) ;
#2522 = EDGE_LOOP ( 'NONE', ( #487, #2122, #2083, #2152 ) ) ;
#2523 = EDGE_CURVE ( 'NONE', #208, #147, #459, .T. ) ;
#2524 = EDGE_CURVE ( 'NONE', #1624, #1823, #1235, .T. ) ;
#2525 = CARTESIAN_POINT ( 'NONE',  ( 1.000000000000000000, 5.000000000000000000, 26.99999999999998224 ) ) ;
ENDSEC;
END-ISO-10303-21;
